{
"type": "FeatureCollection",
"name": "districts",
"crs": { "type": "name", "properties": { "name": "urn:ogc:def:crs:OGC:1.3:CRS84" } },
"features": [
{ "type": "Feature", "properties": { "csduid": "3530013", "district": "Kitchener", "district_type": "City", "population": 323917.0, "area_sq_km": 138.2066602221125, "density_per_sq_km": 2343.7148360247734, "label_room_km": 5.3102601893765389, "label_lon": -80.475108112212141, "label_lat": 43.418967209073024 }, "geometry": { "type": "Polygon", "coordinates": [ [ [ -80.464573708880067, 43.501928343677619 ], [ -80.464424495667728, 43.500198682947563 ], [ -80.46442003872292, 43.500043653776864 ], [ -80.464419756267233, 43.500033672310444 ], [ -80.464414096935116, 43.499836617026226 ], [ -80.465796143464829, 43.498475430057987 ], [ -80.466872926380134, 43.497400960298151 ], [ -80.467338262874279, 43.496716685188204 ], [ -80.467483009396162, 43.496232840403493 ], [ -80.46859359974259, 43.495550107106645 ], [ -80.47017064993986, 43.494608095533188 ], [ -80.471870974208983, 43.493833923386397 ], [ -80.472330190418646, 43.493633097449909 ], [ -80.473074892420456, 43.492717247920098 ], [ -80.473338659996159, 43.491747921340142 ], [ -80.473223192149234, 43.490438818479703 ], [ -80.472791551203613, 43.489201396094856 ], [ -80.47256357984206, 43.489072008744685 ], [ -80.472681519433507, 43.488985420639793 ], [ -80.472352678762761, 43.488651667474343 ], [ -80.471699236562159, 43.488273534209135 ], [ -80.471050165900166, 43.487565748321018 ], [ -80.470834809595303, 43.486988552098509 ], [ -80.470831006391705, 43.486988356547222 ], [ -80.470816037050767, 43.486987580949787 ], [ -80.470291886699187, 43.487165595040466 ], [ -80.469671719468352, 43.487363859744065 ], [ -80.468418346036657, 43.485102157201652 ], [ -80.468082454995908, 43.48524045512066 ], [ -80.467796540034655, 43.484448831390836 ], [ -80.467644001186798, 43.48450348982464 ], [ -80.466812596793801, 43.484832806024329 ], [ -80.465509304123444, 43.485376009041694 ], [ -80.464984603852272, 43.484581090347284 ], [ -80.464858866231452, 43.48438057272967 ], [ -80.463720684409139, 43.484872308667768 ], [ -80.46269728865515, 43.485251802463402 ], [ -80.46155800439243, 43.484709089056373 ], [ -80.460172841004891, 43.484015550495755 ], [ -80.458137799513807, 43.483070567656625 ], [ -80.456690902584626, 43.479524696573883 ], [ -80.455490322187728, 43.477977672082119 ], [ -80.455388922312068, 43.477644511961735 ], [ -80.45531583332928, 43.477500776881655 ], [ -80.455220536023802, 43.477312805582592 ], [ -80.453814018693649, 43.477360808207251 ], [ -80.452416636530643, 43.477390516406771 ], [ -80.451162518790071, 43.477299768599657 ], [ -80.449752799142658, 43.47702906557425 ], [ -80.448397003791854, 43.476704145748933 ], [ -80.447925145001122, 43.476694922004235 ], [ -80.446485043798972, 43.476944326246326 ], [ -80.44555743058369, 43.477169971649111 ], [ -80.444981566233693, 43.477480479256762 ], [ -80.444451627270894, 43.477752793543303 ], [ -80.442959750904407, 43.478157641291496 ], [ -80.441626149506178, 43.478356728539573 ], [ -80.43962069289573, 43.479104476124789 ], [ -80.437868656656121, 43.479869390552366 ], [ -80.437310263278292, 43.480377152896615 ], [ -80.436793621599534, 43.480630336836164 ], [ -80.435356372470252, 43.481127316933033 ], [ -80.434058259992725, 43.481826859096202 ], [ -80.433414089736502, 43.482041992781447 ], [ -80.432532748752493, 43.48220939489709 ], [ -80.43155544962508, 43.482271302572379 ], [ -80.430294704809654, 43.482223270436847 ], [ -80.429409691212712, 43.48193776669536 ], [ -80.428393943594358, 43.481661618130879 ], [ -80.427008824247679, 43.481520755023055 ], [ -80.425898048524118, 43.48154725628585 ], [ -80.424643460998212, 43.481253613417721 ], [ -80.423478382043285, 43.480738059940073 ], [ -80.422864620142747, 43.480235282291424 ], [ -80.422340755015455, 43.479641954008827 ], [ -80.422280022522017, 43.479473090991839 ], [ -80.422229924449141, 43.479179087885171 ], [ -80.422248354385687, 43.478774192151718 ], [ -80.42233230231146, 43.478360305173467 ], [ -80.422393133165968, 43.477532478706756 ], [ -80.422730495501611, 43.476727107187322 ], [ -80.423323746994782, 43.475987529710288 ], [ -80.423691834401069, 43.475760011910076 ], [ -80.424236019087346, 43.475628866925462 ], [ -80.424441257967061, 43.475565378078429 ], [ -80.424949139866371, 43.475286965631078 ], [ -80.425231944477332, 43.475078848946602 ], [ -80.425368157511826, 43.474921743818335 ], [ -80.425595110371717, 43.474735935273081 ], [ -80.42621392099565, 43.474241736287269 ], [ -80.426513958894631, 43.473907469447362 ], [ -80.427094182811686, 43.472427049579125 ], [ -80.42720246673322, 43.471953193061466 ], [ -80.427117093099, 43.47137353218524 ], [ -80.427010540319003, 43.470477786474426 ], [ -80.426702408108284, 43.469788494163403 ], [ -80.425772738240525, 43.468703585120281 ], [ -80.425193159835032, 43.468229508468752 ], [ -80.424062250561249, 43.467580821435234 ], [ -80.423791135653147, 43.467304448803702 ], [ -80.423599242758073, 43.467031302911415 ], [ -80.423085171557034, 43.466365712867962 ], [ -80.422473785493892, 43.465472112003013 ], [ -80.421806091782869, 43.464554857011962 ], [ -80.421118873552629, 43.463664306054447 ], [ -80.420906002609172, 43.463018930930083 ], [ -80.420381507859005, 43.461409879970766 ], [ -80.419566226000427, 43.460749000997225 ], [ -80.41746421628973, 43.459641233605225 ], [ -80.416376782018006, 43.459127385105894 ], [ -80.415863519283121, 43.458522209985098 ], [ -80.41511638434271, 43.458009961406269 ], [ -80.413446537604742, 43.457623279128725 ], [ -80.411477479858846, 43.457071409983534 ], [ -80.409526306551314, 43.456900105164287 ], [ -80.409473293877156, 43.45689753468131 ], [ -80.407189347007829, 43.456787383078144 ], [ -80.405562826571241, 43.457016578232903 ], [ -80.403897279364017, 43.456893577405268 ], [ -80.402102405814659, 43.456586013971176 ], [ -80.399616631151517, 43.456118424726235 ], [ -80.397379639485408, 43.455688311102548 ], [ -80.395023753138958, 43.455077910228795 ], [ -80.393580657829844, 43.454062389874501 ], [ -80.392057208730705, 43.451935397546642 ], [ -80.392169429276279, 43.450205440749279 ], [ -80.392624461403827, 43.449002684616957 ], [ -80.393204063034474, 43.447981782267298 ], [ -80.393789785534736, 43.447357173685958 ], [ -80.394632375495476, 43.446778037099044 ], [ -80.395502310359603, 43.446392145002292 ], [ -80.396752655896904, 43.445706486621091 ], [ -80.397603905647983, 43.44510181650768 ], [ -80.398627235378612, 43.444689977604355 ], [ -80.399485017230987, 43.444473343122937 ], [ -80.400341775367849, 43.444105478503346 ], [ -80.400984024382169, 43.443778039111997 ], [ -80.401387916207625, 43.443510578566347 ], [ -80.402292779939046, 43.442708988118412 ], [ -80.40407259370545, 43.441252760146561 ], [ -80.406592091412918, 43.440028776585514 ], [ -80.40788445122395, 43.439239051600424 ], [ -80.408844335033322, 43.438428141260331 ], [ -80.409792062763913, 43.437497730306468 ], [ -80.410183039973489, 43.436569976919671 ], [ -80.410325812669328, 43.435637234964602 ], [ -80.410049802227363, 43.434780628072794 ], [ -80.409327283438145, 43.433704643045779 ], [ -80.409008064061766, 43.433363213470976 ], [ -80.408378797861303, 43.432902393672251 ], [ -80.407174590084836, 43.432256218786385 ], [ -80.405879466539105, 43.431470487412895 ], [ -80.404288221092827, 43.430239405968059 ], [ -80.402650456697472, 43.429148396206564 ], [ -80.402413381725836, 43.428757555843539 ], [ -80.402221463561446, 43.427830338610121 ], [ -80.401853089668407, 43.42667507958582 ], [ -80.401973249709258, 43.425831711675443 ], [ -80.402224141676186, 43.424646870259679 ], [ -80.402481411843326, 43.424265553699932 ], [ -80.403378529961813, 43.423345963390972 ], [ -80.404628886403728, 43.42261963242364 ], [ -80.406321088678609, 43.422225999580746 ], [ -80.40961514643341, 43.421778652377597 ], [ -80.40973486519205, 43.421762397103706 ], [ -80.409514432949123, 43.42129760635386 ], [ -80.409314730724589, 43.420876405400563 ], [ -80.409079750908077, 43.420515092888486 ], [ -80.408917134066485, 43.420312794125209 ], [ -80.408910729942477, 43.420304831759388 ], [ -80.408910410044612, 43.420304432407384 ], [ -80.408879835160917, 43.420266392986214 ], [ -80.408514737666493, 43.419942002699194 ], [ -80.407469754964836, 43.419112188779394 ], [ -80.40743941601967, 43.419088608582889 ], [ -80.40737704624803, 43.419040101888449 ], [ -80.407369078523502, 43.419033920183963 ], [ -80.404315243285879, 43.416657792356162 ], [ -80.403801649841782, 43.416364183740988 ], [ -80.40351883789954, 43.416227102218123 ], [ -80.403217546237329, 43.416096104969746 ], [ -80.402650436031976, 43.415902905327663 ], [ -80.402096645079013, 43.415773390668711 ], [ -80.401832252436023, 43.415721292500905 ], [ -80.399811330692927, 43.415311793744237 ], [ -80.390724638769626, 43.413497888149863 ], [ -80.389887737468712, 43.413328297360771 ], [ -80.389650944926416, 43.413280288448661 ], [ -80.389642355431036, 43.41327855983706 ], [ -80.389633698250393, 43.413276822223374 ], [ -80.389567326628779, 43.413263407027713 ], [ -80.38936194533386, 43.413221792399419 ], [ -80.38928863652913, 43.413206893564698 ], [ -80.386937756360183, 43.412739270877495 ], [ -80.382097970458631, 43.411776350667672 ], [ -80.382058128556906, 43.411661327201422 ], [ -80.381874980981493, 43.41113267975831 ], [ -80.38265980960665, 43.410981991786592 ], [ -80.38152508568605, 43.408165395202396 ], [ -80.381393592489374, 43.407806040371653 ], [ -80.38084061556539, 43.406294746092591 ], [ -80.379931743366626, 43.406388971265514 ], [ -80.379795141966994, 43.405923728068984 ], [ -80.379412737186797, 43.404302500066748 ], [ -80.379363753269303, 43.403896084154823 ], [ -80.379294543098084, 43.403295123163545 ], [ -80.379279113173638, 43.403159465330994 ], [ -80.37914251616634, 43.401964393635268 ], [ -80.37889691088759, 43.401827993545368 ], [ -80.378884689206274, 43.401818999216196 ], [ -80.378726564764392, 43.401728506696472 ], [ -80.378890449793261, 43.40164173108198 ], [ -80.381052359974078, 43.400496882828953 ], [ -80.381178088953064, 43.400572938096516 ], [ -80.381399733517128, 43.400707008176525 ], [ -80.381626602560132, 43.400573194352127 ], [ -80.383042194638847, 43.399797501612937 ], [ -80.383812310083783, 43.399360397586506 ], [ -80.385004502541761, 43.398700509201689 ], [ -80.385009651241774, 43.398697676595177 ], [ -80.386173291447179, 43.398056462288807 ], [ -80.386444893337313, 43.397906798784575 ], [ -80.387397279559664, 43.397382788744743 ], [ -80.387401089317251, 43.397380695575443 ], [ -80.389077400726848, 43.396453193815006 ], [ -80.392976388097125, 43.394294895110242 ], [ -80.395037509438012, 43.393153201774197 ], [ -80.397421311095783, 43.391833207376663 ], [ -80.397687153092193, 43.391684312254171 ], [ -80.398998102980954, 43.390949993895518 ], [ -80.400029187148817, 43.390316106207621 ], [ -80.400799984891208, 43.389779905326819 ], [ -80.401789997044602, 43.38900790586127 ], [ -80.402343111725898, 43.388554410233546 ], [ -80.402841497072501, 43.388088696089383 ], [ -80.403253105719671, 43.387667703181592 ], [ -80.403839987992413, 43.386995390198273 ], [ -80.404202294563234, 43.38655609644934 ], [ -80.404640199607087, 43.385964106909881 ], [ -80.405274481477477, 43.384997897728795 ], [ -80.405329487607489, 43.384914087106921 ], [ -80.405341049646864, 43.384894799741623 ], [ -80.406044900456095, 43.383720300410033 ], [ -80.408178991876611, 43.379946287218289 ], [ -80.409655300871364, 43.377337116282938 ], [ -80.413904657284476, 43.369825481868254 ], [ -80.41915019857808, 43.368878375332301 ], [ -80.419450520527306, 43.368824148217158 ], [ -80.421748371025629, 43.368444265745822 ], [ -80.422311894966626, 43.368351103396428 ], [ -80.434320060572645, 43.366231016284708 ], [ -80.434492007549238, 43.366188699639807 ], [ -80.436149559834234, 43.365905113055973 ], [ -80.439300689246295, 43.365365895462226 ], [ -80.442783748936975, 43.364705366614601 ], [ -80.446654167146676, 43.363971196938763 ], [ -80.446706292782338, 43.363961306640817 ], [ -80.452663699331822, 43.36299949927956 ], [ -80.452898514350593, 43.362964605031117 ], [ -80.465617301931275, 43.360755603747954 ], [ -80.466420691963364, 43.360615211136384 ], [ -80.46932521386195, 43.360115493137236 ], [ -80.474182203843895, 43.359309492907165 ], [ -80.475380982579665, 43.359098904437076 ], [ -80.476604693489747, 43.358879389478709 ], [ -80.481264084074695, 43.35805419653768 ], [ -80.481449502566505, 43.358027998249803 ], [ -80.482624096850344, 43.357817974685666 ], [ -80.483315688317376, 43.357694302732526 ], [ -80.48492240434129, 43.357413412411276 ], [ -80.488049204421387, 43.356860198067487 ], [ -80.489631003454221, 43.356588095093343 ], [ -80.496996409772464, 43.355297103460451 ], [ -80.499122005773799, 43.354928209912437 ], [ -80.499937504583841, 43.354787708594365 ], [ -80.499999296797938, 43.354778987449258 ], [ -80.501432609186836, 43.354551092610428 ], [ -80.503607205239589, 43.354209397978508 ], [ -80.5059546068656, 43.353859388852236 ], [ -80.5060995904186, 43.354238192723258 ], [ -80.506413105822844, 43.355139992927832 ], [ -80.506872792501852, 43.356276607957113 ], [ -80.50735661066868, 43.357494310914269 ], [ -80.507839389309424, 43.358837989714225 ], [ -80.508226516351527, 43.359794100788022 ], [ -80.50866278836844, 43.360786492965609 ], [ -80.509147105770651, 43.361950203551359 ], [ -80.509643211943384, 43.363176893444063 ], [ -80.510187684127999, 43.364529901255104 ], [ -80.510611087357304, 43.365594308230456 ], [ -80.51128910253621, 43.367236009322774 ], [ -80.511784790426077, 43.368516687984346 ], [ -80.512292698439353, 43.369824607863528 ], [ -80.512352887270964, 43.370013909318722 ], [ -80.512704203537652, 43.370852803327239 ], [ -80.513042906354514, 43.371709706852563 ], [ -80.513624104801281, 43.373125903373307 ], [ -80.513878306953387, 43.373757311869745 ], [ -80.514532088029668, 43.375353794148062 ], [ -80.514774012005248, 43.375976199251319 ], [ -80.515488987139733, 43.377644993493298 ], [ -80.515961004881561, 43.378835610286671 ], [ -80.516360390765271, 43.379836790508456 ], [ -80.516530096742301, 43.380233710617446 ], [ -80.516738099199344, 43.380468703873959 ], [ -80.517326287759772, 43.381020501649033 ], [ -80.518503110263126, 43.38206989759572 ], [ -80.520611293674108, 43.383996809221443 ], [ -80.522744106228942, 43.385959593290124 ], [ -80.523822904575738, 43.386945599586639 ], [ -80.525343084592762, 43.38832060963891 ], [ -80.526152406189524, 43.389035301589267 ], [ -80.52693701798222, 43.389758891869512 ], [ -80.528530896565769, 43.391197211442034 ], [ -80.529683362511719, 43.392231623155745 ], [ -80.530738090291408, 43.393178294414014 ], [ -80.53103238873824, 43.393449608365358 ], [ -80.533202692948336, 43.395430491208636 ], [ -80.53425720760977, 43.39640730705063 ], [ -80.534772288805399, 43.396868605602712 ], [ -80.53559825079158, 43.397616242546583 ], [ -80.53606934579139, 43.398042659534781 ], [ -80.537152490763148, 43.399334663862163 ], [ -80.537673612757274, 43.399506060410225 ], [ -80.537887191213315, 43.399708608038054 ], [ -80.538953905803069, 43.400721412453819 ], [ -80.539334290587391, 43.401047106644 ], [ -80.540872486768535, 43.402439192962049 ], [ -80.542228691905606, 43.403705986590296 ], [ -80.54239606580569, 43.403856595723461 ], [ -80.543676196682298, 43.405008405353698 ], [ -80.545148107022086, 43.406355990491356 ], [ -80.54665680001871, 43.407748605806844 ], [ -80.546680168437419, 43.40776948114668 ], [ -80.547233515032971, 43.408264204418131 ], [ -80.547343789663785, 43.408372687698062 ], [ -80.547974912241571, 43.408943497020594 ], [ -80.548074061969587, 43.40903319386053 ], [ -80.54824511222678, 43.409187890995042 ], [ -80.548350635461844, 43.409286041838222 ], [ -80.548447884183574, 43.409376508181445 ], [ -80.548820102721123, 43.409720960966787 ], [ -80.549024499080602, 43.409910095437716 ], [ -80.549127095477118, 43.409991503030845 ], [ -80.54936641605687, 43.410241399958629 ], [ -80.550301104517089, 43.41114549895903 ], [ -80.550939111134127, 43.411737291553322 ], [ -80.551304299555937, 43.412082900754029 ], [ -80.551549595906664, 43.412319993405589 ], [ -80.551713106371565, 43.412484804457414 ], [ -80.554144604028608, 43.414583897591015 ], [ -80.554237893731027, 43.414626291058703 ], [ -80.554699107242072, 43.415043506197165 ], [ -80.556092006576662, 43.416294794275466 ], [ -80.556100472690247, 43.416301713042351 ], [ -80.556423594719362, 43.416566288073554 ], [ -80.556779188207045, 43.416918794635905 ], [ -80.558533894922903, 43.418528404324348 ], [ -80.560669301786405, 43.420472603522562 ], [ -80.566945026373162, 43.42616666974569 ], [ -80.567020461533019, 43.426235122582085 ], [ -80.574103822468643, 43.432659873833295 ], [ -80.565897804183663, 43.435190398456108 ], [ -80.565102036324191, 43.435435734445029 ], [ -80.565017483305326, 43.435462409413837 ], [ -80.564571862092251, 43.435602959737089 ], [ -80.561690448010253, 43.436511821018811 ], [ -80.560288597157694, 43.436954325419087 ], [ -80.560292402368177, 43.436963997499234 ], [ -80.560307995117853, 43.437026000600227 ], [ -80.560300607531602, 43.437079796702292 ], [ -80.560269185703476, 43.43713788746922 ], [ -80.560216897605272, 43.437184301960023 ], [ -80.560164191455229, 43.437211702243609 ], [ -80.560111685221273, 43.437230489886566 ], [ -80.560047610666132, 43.437238894873872 ], [ -80.559978802234326, 43.437237990306471 ], [ -80.559903912336353, 43.437221611196229 ], [ -80.559835286921512, 43.437187908135122 ], [ -80.559788601380831, 43.437150604660246 ], [ -80.559766446503659, 43.437118908146637 ], [ -80.559580200504527, 43.437180300936348 ], [ -80.559305812136103, 43.437286012587364 ], [ -80.559050387132601, 43.437388702055209 ], [ -80.558218697951688, 43.43767951220336 ], [ -80.553514213288693, 43.439309089619883 ], [ -80.551594109866244, 43.439949903529701 ], [ -80.549080309730584, 43.440669311735917 ], [ -80.547333312174331, 43.441283702615038 ], [ -80.546799913739491, 43.441560691505096 ], [ -80.546560008061476, 43.441782897302879 ], [ -80.546190112260177, 43.442125606547769 ], [ -80.546040487409641, 43.442305107827053 ], [ -80.5452226903341, 43.443945290891655 ], [ -80.545190159326467, 43.444007491904067 ], [ -80.545159209336006, 43.444066689048967 ], [ -80.5436480039766, 43.443295096981181 ], [ -80.542813070509467, 43.442870791523035 ], [ -80.54187641374557, 43.443120576128713 ], [ -80.541683489374506, 43.44324220225181 ], [ -80.541138294804441, 43.443438105698469 ], [ -80.541221067995266, 43.443538438391762 ], [ -80.541309703085474, 43.44364591097959 ], [ -80.541209787327759, 43.443789595325256 ], [ -80.542028791946137, 43.444972389846711 ], [ -80.542167407240697, 43.445055959648265 ], [ -80.54245997981252, 43.445650462398198 ], [ -80.539294543114309, 43.447131025162385 ], [ -80.541127581551464, 43.449262956259844 ], [ -80.534771565157627, 43.451135535295371 ], [ -80.53412228251139, 43.450637165107196 ], [ -80.529713334400753, 43.451869348276816 ], [ -80.529341933977236, 43.451979439854568 ], [ -80.528926924360462, 43.452114212662629 ], [ -80.526357800366938, 43.453003503845203 ], [ -80.526774501877981, 43.453446409098042 ], [ -80.527117689100365, 43.453826010628902 ], [ -80.527125987062178, 43.453835179481231 ], [ -80.527129067889916, 43.453838565954065 ], [ -80.523482794828993, 43.454600310312969 ], [ -80.522175925466485, 43.454793427550399 ], [ -80.521702711461572, 43.454933860450446 ], [ -80.521180974609678, 43.455427557399005 ], [ -80.520602926576274, 43.45596169951105 ], [ -80.519888444612803, 43.456440987682093 ], [ -80.519546651487744, 43.456550629296679 ], [ -80.519292151954602, 43.456556808626033 ], [ -80.51907407606457, 43.456763422043913 ], [ -80.51906758032635, 43.456769450687275 ], [ -80.519065910977076, 43.456770964626784 ], [ -80.518998005844679, 43.456752129595301 ], [ -80.518875292324779, 43.456718091407822 ], [ -80.517626808601378, 43.457132621879005 ], [ -80.515929524114142, 43.457747927082565 ], [ -80.515312813197966, 43.457907636144988 ], [ -80.514757276292301, 43.458210982069147 ], [ -80.513358968870108, 43.458753537856722 ], [ -80.512551383265802, 43.458969635146246 ], [ -80.512043452769404, 43.458808004340597 ], [ -80.511717307574287, 43.458946543849756 ], [ -80.511398298443808, 43.459494590884816 ], [ -80.511073436021064, 43.459371546280273 ], [ -80.507952093626258, 43.460438503349685 ], [ -80.505219916683743, 43.461450999450271 ], [ -80.504897021419367, 43.461466549757773 ], [ -80.504618145153813, 43.461921171430006 ], [ -80.504485934892912, 43.461975105041098 ], [ -80.501665017148653, 43.463125962629256 ], [ -80.50041540550987, 43.463221724101608 ], [ -80.500829690724032, 43.463765625470231 ], [ -80.500423404147426, 43.463847963246678 ], [ -80.5012870896782, 43.464260034677302 ], [ -80.501653263525014, 43.46442232732246 ], [ -80.501416812232605, 43.464671493951812 ], [ -80.501244830343154, 43.464891415154199 ], [ -80.500084630087244, 43.465481639189612 ], [ -80.500020798317948, 43.465509565931939 ], [ -80.498438989342247, 43.466201891208051 ], [ -80.498540263272872, 43.46629153780745 ], [ -80.498561705068411, 43.466310495100217 ], [ -80.498991116193821, 43.466708502491997 ], [ -80.499678205502562, 43.467350891174434 ], [ -80.499997110744658, 43.46764939185816 ], [ -80.50051100370068, 43.468110890202027 ], [ -80.500837863104962, 43.468454839882625 ], [ -80.500591474466248, 43.468559520046718 ], [ -80.500047202374262, 43.468781605343487 ], [ -80.497460276916271, 43.469837084101336 ], [ -80.495762941564777, 43.470492453870357 ], [ -80.496545210772652, 43.471281899468508 ], [ -80.495566059993237, 43.471523673612758 ], [ -80.49621412818432, 43.472749963658558 ], [ -80.496242686161992, 43.473143600365475 ], [ -80.494109792487691, 43.473890500545565 ], [ -80.493837089760461, 43.473979292012061 ], [ -80.49350923074266, 43.474083689835155 ], [ -80.493514715162021, 43.474085992253073 ], [ -80.493539407125411, 43.474095105580787 ], [ -80.493760905268104, 43.474222100070669 ], [ -80.494228505203452, 43.474485290576176 ], [ -80.494634298872469, 43.474757194627784 ], [ -80.495039588434466, 43.475083201992298 ], [ -80.495616014021479, 43.475644005272933 ], [ -80.496019405979752, 43.476204010030649 ], [ -80.496249347272212, 43.476667949247883 ], [ -80.496408513012042, 43.476989095419434 ], [ -80.496676004825844, 43.477539603173639 ], [ -80.497913459750748, 43.479936739197406 ], [ -80.497979573509994, 43.480064795309872 ], [ -80.495342180820288, 43.481181098738212 ], [ -80.495053966191492, 43.481308115450027 ], [ -80.490535066805435, 43.483299216813265 ], [ -80.48971251012442, 43.483513483488352 ], [ -80.487548697863716, 43.48407704304158 ], [ -80.487173779126891, 43.484441754980509 ], [ -80.484106689090567, 43.485578401788501 ], [ -80.484069110617298, 43.485641293834682 ], [ -80.483656687517126, 43.486152702295954 ], [ -80.483641805943506, 43.486449796787753 ], [ -80.48328181275744, 43.486610189273001 ], [ -80.482819312307228, 43.487184399949811 ], [ -80.482219285594766, 43.487929006654717 ], [ -80.481031696778174, 43.48941841232201 ], [ -80.480955710432056, 43.489625113382417 ], [ -80.480926284696693, 43.48994599838089 ], [ -80.481069295931391, 43.492245907516839 ], [ -80.481126341148396, 43.493408562643239 ], [ -80.48116561637238, 43.494208445691015 ], [ -80.481195701167223, 43.494821687906949 ], [ -80.481200105901038, 43.495021392721391 ], [ -80.481373891116775, 43.49829779232838 ], [ -80.481276200804302, 43.498581908877291 ], [ -80.481173714541313, 43.499038490701111 ], [ -80.481034093466747, 43.499353902715313 ], [ -80.480959095414988, 43.499721299033148 ], [ -80.4808544083767, 43.499905313843072 ], [ -80.480701407348562, 43.500019911461877 ], [ -80.480482307609492, 43.50013100383034 ], [ -80.478808901844189, 43.500537510292325 ], [ -80.477197393721397, 43.500935393232012 ], [ -80.477085896345002, 43.500961906003745 ], [ -80.479130366163773, 43.503662516847626 ], [ -80.479190859242237, 43.503746212619056 ], [ -80.479250208741121, 43.503843526293252 ], [ -80.478830316701277, 43.503737449053489 ], [ -80.478495814999377, 43.503636346243759 ], [ -80.477973619487273, 43.503567552759662 ], [ -80.477443074266375, 43.503662930492929 ], [ -80.476505469509164, 43.504253661022709 ], [ -80.473348161467285, 43.505591065760647 ], [ -80.472218306379361, 43.506752374842229 ], [ -80.470258049289498, 43.506784996492648 ], [ -80.468456531381975, 43.506554578132196 ], [ -80.466272364476779, 43.505593612851655 ], [ -80.465354165111535, 43.504054471654179 ], [ -80.464573708880067, 43.501928343677619 ] ] ] } },
{ "type": "Feature", "properties": { "csduid": "3530010", "district": "Cambridge", "district_type": "City", "population": 165354.0, "area_sq_km": 115.53569068913995, "density_per_sq_km": 1431.1941099214187, "label_room_km": 3.9925807314971462, "label_lon": -80.335418398819556, "label_lat": 43.423154460247311 }, "geometry": { "type": "Polygon", "coordinates": [ [ [ -80.287526316110586, 43.43169370109532 ], [ -80.286663401462803, 43.42961321264945 ], [ -80.286089097136951, 43.428199694041744 ], [ -80.285760396045859, 43.427413888948941 ], [ -80.285394107057741, 43.426537302984073 ], [ -80.285303313572214, 43.426449608251986 ], [ -80.285084073509736, 43.426017590154949 ], [ -80.284852404808973, 43.425573014702834 ], [ -80.28467076818886, 43.425112813987461 ], [ -80.28466409341992, 43.42509546960234 ], [ -80.284197390249474, 43.423880975591281 ], [ -80.284162364080828, 43.423789722246063 ], [ -80.283922675618157, 43.423054015719067 ], [ -80.283735993024564, 43.422564704815962 ], [ -80.283260564936995, 43.421430928048352 ], [ -80.283158822425193, 43.42116187524563 ], [ -80.283103230742597, 43.421014946387416 ], [ -80.2830879561632, 43.420974593083614 ], [ -80.283012553587184, 43.42077563447625 ], [ -80.282921196051504, 43.420534726722387 ], [ -80.282881099175142, 43.420428945843376 ], [ -80.282494335518734, 43.419408975783149 ], [ -80.282381686141562, 43.419111402697006 ], [ -80.28211509537033, 43.418376883832224 ], [ -80.281261996048215, 43.416238390073076 ], [ -80.280986400267125, 43.4155865876101 ], [ -80.28102369040846, 43.415459908438386 ], [ -80.280230405563515, 43.413746999557127 ], [ -80.280161509112986, 43.41343559138857 ], [ -80.280075411747518, 43.413031397773715 ], [ -80.280071383604167, 43.412607803353303 ], [ -80.280167790687287, 43.412125199158133 ], [ -80.280192199092667, 43.412043687984706 ], [ -80.280280514324971, 43.411931997988177 ], [ -80.280390317412426, 43.411828293564092 ], [ -80.280487214063072, 43.411759194003523 ], [ -80.280404595882914, 43.411769290568905 ], [ -80.280329291101381, 43.411757087307763 ], [ -80.280260294663648, 43.411721301748912 ], [ -80.280217484629219, 43.411696504204343 ], [ -80.280178501961359, 43.411667911038592 ], [ -80.280143007318017, 43.411622191002657 ], [ -80.280126697621597, 43.411578205738849 ], [ -80.280119692149498, 43.41151290211284 ], [ -80.280144100515699, 43.411449802466763 ], [ -80.28021510800194, 43.411371999233147 ], [ -80.280081105576315, 43.411358288431188 ], [ -80.279848609047036, 43.411318804416865 ], [ -80.279728491712149, 43.411276306271851 ], [ -80.279653504844916, 43.411238899676817 ], [ -80.279530101035675, 43.411170510524535 ], [ -80.279412807616069, 43.411096490191021 ], [ -80.279302291416855, 43.411017106761868 ], [ -80.279198991345154, 43.410932699717542 ], [ -80.279103287537893, 43.410843702648599 ], [ -80.279015714139092, 43.410750493328848 ], [ -80.278937165829475, 43.410654237464037 ], [ -80.278936390416703, 43.410653291812729 ], [ -80.278865911923333, 43.410552509622171 ], [ -80.278804310656966, 43.410448712093796 ], [ -80.278752006767888, 43.410342312690496 ], [ -80.278713388064233, 43.410245707387617 ], [ -80.27779111064055, 43.407882992775185 ], [ -80.276762982131856, 43.405322005576728 ], [ -80.27630858659009, 43.404187394435851 ], [ -80.275864608520706, 43.403015807073785 ], [ -80.272783800104122, 43.395456811510982 ], [ -80.272354018911599, 43.39439079429782 ], [ -80.271998786653072, 43.393522800825941 ], [ -80.271533901248759, 43.392379191056762 ], [ -80.271215996489204, 43.391536003795814 ], [ -80.270900489117551, 43.390735110024544 ], [ -80.270195389981382, 43.389018794848312 ], [ -80.269572969713593, 43.387342131451582 ], [ -80.269196988451, 43.386421401886274 ], [ -80.268074978000243, 43.383013877717907 ], [ -80.267972974027927, 43.382803265976506 ], [ -80.267829122580054, 43.382507906761617 ], [ -80.267815146854176, 43.382479254575252 ], [ -80.26772148609912, 43.382269943414549 ], [ -80.26700586188106, 43.380592128935149 ], [ -80.266986880808417, 43.380547607002171 ], [ -80.265586047781809, 43.377150306056627 ], [ -80.263205251850763, 43.369940964117426 ], [ -80.261419743206403, 43.366045280693967 ], [ -80.261383455668806, 43.365964494416446 ], [ -80.259941145994759, 43.362756258294176 ], [ -80.259744794187, 43.362669907203703 ], [ -80.259576699383913, 43.362281590486582 ], [ -80.258775711776266, 43.360160304032433 ], [ -80.257095125518987, 43.355771805484949 ], [ -80.251574667079396, 43.342296229532316 ], [ -80.251702783556155, 43.342204307483236 ], [ -80.251693088890732, 43.341988190974376 ], [ -80.251311682033432, 43.340905107568226 ], [ -80.251353489009603, 43.340509193774039 ], [ -80.254018511565505, 43.341499094190304 ], [ -80.257261406030509, 43.342663804489803 ], [ -80.259337690866616, 43.343379592830104 ], [ -80.260861506411146, 43.34387569324155 ], [ -80.262091485696345, 43.344189793909194 ], [ -80.263181593235615, 43.344438900931138 ], [ -80.263186486807967, 43.344439993176067 ], [ -80.263851392369205, 43.344552302962398 ], [ -80.263954359385508, 43.344566012387631 ], [ -80.263959352336485, 43.344528291979081 ], [ -80.26399914598278, 43.344362004425612 ], [ -80.264087544054263, 43.344191502494752 ], [ -80.264188344733938, 43.34402098789576 ], [ -80.264227641428079, 43.343832200092116 ], [ -80.264253736831549, 43.343706285395371 ], [ -80.264259654309711, 43.343670295698573 ], [ -80.264280434283194, 43.343544404811531 ], [ -80.264331666251252, 43.343391588784314 ], [ -80.26435786246418, 43.343265687974132 ], [ -80.264360360228821, 43.343058588579439 ], [ -80.264361159114287, 43.342986602283133 ], [ -80.264350238411851, 43.342869496430048 ], [ -80.264350749283594, 43.342824493843956 ], [ -80.264339265042921, 43.342761306040458 ], [ -80.264365364546975, 43.342644493590591 ], [ -80.264367243825404, 43.342482408343734 ], [ -80.264358659819408, 43.3424288904748 ], [ -80.264344347160744, 43.342338197668013 ], [ -80.264337601386543, 43.342323013528798 ], [ -80.264426232761195, 43.342214314041243 ], [ -80.265543430769981, 43.340844104462917 ], [ -80.266821712615808, 43.339610041974815 ], [ -80.268049186618555, 43.338990023459807 ], [ -80.269840926166523, 43.338305215375271 ], [ -80.273281456398934, 43.337775374453308 ], [ -80.274287674948695, 43.337863808289647 ], [ -80.275860283667669, 43.337928894253288 ], [ -80.277161191085369, 43.337848538212398 ], [ -80.277210435042605, 43.337844658467453 ], [ -80.27732239446857, 43.337842330376098 ], [ -80.277342279196532, 43.337830933398259 ], [ -80.277480903488595, 43.337839048272102 ], [ -80.277667779475593, 43.337849981131825 ], [ -80.277686634963914, 43.337834774934898 ], [ -80.278366013180317, 43.337820627441182 ], [ -80.279485200553623, 43.337766273554195 ], [ -80.281961844814958, 43.337923000580901 ], [ -80.282873363032266, 43.33789398762282 ], [ -80.285801669303382, 43.337890768197802 ], [ -80.28781840629614, 43.337854702827883 ], [ -80.289081048891632, 43.337822509490941 ], [ -80.289906131138764, 43.337858919780395 ], [ -80.290077310236043, 43.337847605106418 ], [ -80.290436829355798, 43.337789044571203 ], [ -80.298722053943791, 43.336426430398191 ], [ -80.299065623136045, 43.336372425808314 ], [ -80.303909975741561, 43.33555284085768 ], [ -80.309950475463808, 43.334553235882787 ], [ -80.313408698921023, 43.332835580709364 ], [ -80.314320066793528, 43.333285179123578 ], [ -80.31562742152272, 43.333483621888909 ], [ -80.31663179263812, 43.333330102311898 ], [ -80.316767704821032, 43.333308098622652 ], [ -80.317329382164189, 43.333238631886893 ], [ -80.317940246287378, 43.333163086116969 ], [ -80.317946944405861, 43.33316227608168 ], [ -80.317981454240297, 43.333155839210058 ], [ -80.318443543501857, 43.333069859198993 ], [ -80.318768020040622, 43.333009453501539 ], [ -80.319123947491136, 43.33294324454517 ], [ -80.319418254073753, 43.332907416420362 ], [ -80.320359122125964, 43.332809959135979 ], [ -80.321650566939809, 43.332639185185201 ], [ -80.323787378651403, 43.332592514042794 ], [ -80.32589055797439, 43.332614995478828 ], [ -80.326800493063104, 43.332684524713677 ], [ -80.329043981351077, 43.332934072519656 ], [ -80.331456034086756, 43.333202299706784 ], [ -80.335883129135865, 43.334906432098428 ], [ -80.338058365080428, 43.336409659200577 ], [ -80.339045011329077, 43.337925916192653 ], [ -80.339937384553124, 43.338070908312289 ], [ -80.342145060135593, 43.341986891841174 ], [ -80.34181416054497, 43.342052675143705 ], [ -80.34186491435068, 43.342131360417895 ], [ -80.341967149928593, 43.34230085813055 ], [ -80.341828373594353, 43.343373636415272 ], [ -80.34172865334223, 43.343948982107257 ], [ -80.342793676625504, 43.346645366506003 ], [ -80.343818582468586, 43.349005614197182 ], [ -80.342039410018543, 43.349305845507295 ], [ -80.342285264350238, 43.349451192161965 ], [ -80.342265186449012, 43.350186487308854 ], [ -80.342185012663037, 43.353206982879591 ], [ -80.344386771527482, 43.352941055970703 ], [ -80.34487924927312, 43.35287958909592 ], [ -80.347475564873307, 43.352574028426694 ], [ -80.348457844559817, 43.352485875294597 ], [ -80.349802016359519, 43.357090672140792 ], [ -80.349866477230009, 43.357348329826479 ], [ -80.349914292016635, 43.357512643053667 ], [ -80.34998119393525, 43.357831722881201 ], [ -80.350026639520962, 43.358020520112731 ], [ -80.348176273143878, 43.35856691912052 ], [ -80.347421871213442, 43.35879230779009 ], [ -80.346726256912774, 43.359043566683937 ], [ -80.345578151064188, 43.359541295068951 ], [ -80.345208001238547, 43.35935521113025 ], [ -80.344789987218135, 43.359208685604649 ], [ -80.344075391712821, 43.359105590085896 ], [ -80.344071412459357, 43.359105160230222 ], [ -80.344077995866328, 43.359680385237688 ], [ -80.344734367493359, 43.361379604961968 ], [ -80.344834380298593, 43.361638482679837 ], [ -80.345044224367584, 43.362181714239753 ], [ -80.348697164305179, 43.37196199673496 ], [ -80.34945380770786, 43.373824922367668 ], [ -80.348200528773091, 43.373969262155192 ], [ -80.341260125787272, 43.375243674742315 ], [ -80.338802318994411, 43.375985886357853 ], [ -80.337575532022839, 43.376162943814528 ], [ -80.337574034241015, 43.376163202432963 ], [ -80.337055112706111, 43.376268217327812 ], [ -80.339359906727054, 43.377237288090733 ], [ -80.340060923922465, 43.377890424261572 ], [ -80.340885773087393, 43.378887672207952 ], [ -80.340943084356553, 43.380277524531124 ], [ -80.34115581231184, 43.381595771155162 ], [ -80.341298810354928, 43.382481765278335 ], [ -80.341656974882113, 43.383117577087553 ], [ -80.342668837489313, 43.383855031082085 ], [ -80.343701618542994, 43.384667689866639 ], [ -80.345090809069163, 43.385364971042421 ], [ -80.346642528606992, 43.385974011242666 ], [ -80.348793604114022, 43.386121014776336 ], [ -80.349661274406742, 43.385978559731861 ], [ -80.350983457266238, 43.385761466754296 ], [ -80.353285408933502, 43.38516448983156 ], [ -80.353868424666402, 43.38501326623328 ], [ -80.356798788855926, 43.38441509442363 ], [ -80.358321212051592, 43.384278229840618 ], [ -80.35879418848269, 43.384633615215719 ], [ -80.35893518236621, 43.384644752958344 ], [ -80.35894841848193, 43.384654548547324 ], [ -80.359189899053902, 43.384676542928091 ], [ -80.359242555885373, 43.384681197195675 ], [ -80.359341153189391, 43.384690807696408 ], [ -80.359353561095531, 43.384690806090767 ], [ -80.359489537984373, 43.384673590228026 ], [ -80.359736067401514, 43.384710990461564 ], [ -80.359921265150248, 43.384711989595438 ], [ -80.360229666264743, 43.384731794155982 ], [ -80.36055026225803, 43.384769589575683 ], [ -80.360796966247307, 43.384789013255528 ], [ -80.361080443666339, 43.384835595003516 ], [ -80.361326941407398, 43.384872986258721 ], [ -80.361610447506479, 43.384919595480312 ], [ -80.361856853537958, 43.384965996713831 ], [ -80.362066140668844, 43.385021186092487 ], [ -80.362189555274256, 43.38503078940056 ], [ -80.362201864708965, 43.385030901698869 ], [ -80.362436261338857, 43.385050208468172 ], [ -80.362719954466911, 43.385078791189571 ], [ -80.362966661008784, 43.385098208761356 ], [ -80.363188351850781, 43.385144496201328 ], [ -80.363373154612503, 43.38518150471544 ], [ -80.36350886084368, 43.385191292294152 ], [ -80.36361995421511, 43.385191908976097 ], [ -80.363681652696656, 43.385201207470175 ], [ -80.363693968364004, 43.385201294891772 ], [ -80.36374334486122, 43.385201608758372 ], [ -80.363891655832219, 43.385184399402647 ], [ -80.363904597189631, 43.385181154457015 ], [ -80.364240025232178, 43.385398202385709 ], [ -80.364750043318239, 43.385728155133201 ], [ -80.366348979954466, 43.386390085271422 ], [ -80.366991444532999, 43.386784915347647 ], [ -80.368199836679651, 43.387527522839768 ], [ -80.369378583620588, 43.387593661456656 ], [ -80.371332974602993, 43.387115050688678 ], [ -80.373331813312362, 43.387351085434354 ], [ -80.374889701126094, 43.387335011799209 ], [ -80.376874839119111, 43.386712565363915 ], [ -80.37791947741205, 43.38591007486604 ], [ -80.377844814839975, 43.385535752570995 ], [ -80.377650481404103, 43.384629654306565 ], [ -80.377563415130936, 43.384223654575457 ], [ -80.377352493491173, 43.383240232613048 ], [ -80.371878902159267, 43.383042495174564 ], [ -80.371595086825138, 43.383031895811484 ], [ -80.371175393146132, 43.383020596561884 ], [ -80.369995566723276, 43.382959524688012 ], [ -80.367277670645606, 43.377997755379013 ], [ -80.369963685770841, 43.377590793573141 ], [ -80.371920824154373, 43.377214471599316 ], [ -80.376736646252937, 43.376288315887244 ], [ -80.377767884430739, 43.37608992891591 ], [ -80.381653641357204, 43.375499983783129 ], [ -80.381850039094573, 43.37547013886519 ], [ -80.391812007484816, 43.373579383974835 ], [ -80.392022186467742, 43.373539474849132 ], [ -80.394546149843208, 43.373101372639269 ], [ -80.406951941148805, 43.371026731940788 ], [ -80.407069588502736, 43.371007066179622 ], [ -80.413581515255046, 43.369881350697995 ], [ -80.413904657284476, 43.369825481868254 ], [ -80.409655300871364, 43.377337116282938 ], [ -80.408178991876611, 43.379946287218289 ], [ -80.406044900456095, 43.383720300410033 ], [ -80.405341049646864, 43.384894799741623 ], [ -80.405329487607489, 43.384914087106921 ], [ -80.405274481477477, 43.384997897728795 ], [ -80.404640199607087, 43.385964106909881 ], [ -80.404202294563234, 43.38655609644934 ], [ -80.403839987992413, 43.386995390198273 ], [ -80.403253105719671, 43.387667703181592 ], [ -80.402841497072501, 43.388088696089383 ], [ -80.402343111725898, 43.388554410233546 ], [ -80.401789997044602, 43.38900790586127 ], [ -80.400799984891208, 43.389779905326819 ], [ -80.400029187148817, 43.390316106207621 ], [ -80.398998102980954, 43.390949993895518 ], [ -80.397687153092193, 43.391684312254171 ], [ -80.397421311095783, 43.391833207376663 ], [ -80.395037509438012, 43.393153201774197 ], [ -80.392976388097125, 43.394294895110242 ], [ -80.389077400726848, 43.396453193815006 ], [ -80.387401089317251, 43.397380695575443 ], [ -80.387397279559664, 43.397382788744743 ], [ -80.386444893337313, 43.397906798784575 ], [ -80.386173291447179, 43.398056462288807 ], [ -80.385009651241774, 43.398697676595177 ], [ -80.385004502541761, 43.398700509201689 ], [ -80.383812310083783, 43.399360397586506 ], [ -80.383042194638847, 43.399797501612937 ], [ -80.381626602560132, 43.400573194352127 ], [ -80.381399733517128, 43.400707008176525 ], [ -80.381178088953064, 43.400572938096516 ], [ -80.381052359974078, 43.400496882828953 ], [ -80.378890449793261, 43.40164173108198 ], [ -80.378726564764392, 43.401728506696472 ], [ -80.378884689206274, 43.401818999216196 ], [ -80.37889691088759, 43.401827993545368 ], [ -80.37914251616634, 43.401964393635268 ], [ -80.379279113173638, 43.403159465330994 ], [ -80.379294543098084, 43.403295123163545 ], [ -80.379363753269303, 43.403896084154823 ], [ -80.379412737186797, 43.404302500066748 ], [ -80.379795141966994, 43.405923728068984 ], [ -80.379931743366626, 43.406388971265514 ], [ -80.38084061556539, 43.406294746092591 ], [ -80.381393592489374, 43.407806040371653 ], [ -80.38152508568605, 43.408165395202396 ], [ -80.38265980960665, 43.410981991786592 ], [ -80.381874980981493, 43.41113267975831 ], [ -80.382058128556906, 43.411661327201422 ], [ -80.382097970458631, 43.411776350667672 ], [ -80.386937756360183, 43.412739270877495 ], [ -80.38928863652913, 43.413206893564698 ], [ -80.38936194533386, 43.413221792399419 ], [ -80.389567326628779, 43.413263407027713 ], [ -80.389633698250393, 43.413276822223374 ], [ -80.389642355431036, 43.41327855983706 ], [ -80.389650944926416, 43.413280288448661 ], [ -80.389887737468712, 43.413328297360771 ], [ -80.390724638769626, 43.413497888149863 ], [ -80.399811330692927, 43.415311793744237 ], [ -80.401832252436023, 43.415721292500905 ], [ -80.402096645079013, 43.415773390668711 ], [ -80.402650436031976, 43.415902905327663 ], [ -80.403217546237329, 43.416096104969746 ], [ -80.40351883789954, 43.416227102218123 ], [ -80.403801649841782, 43.416364183740988 ], [ -80.404315243285879, 43.416657792356162 ], [ -80.407369078523502, 43.419033920183963 ], [ -80.40737704624803, 43.419040101888449 ], [ -80.40743941601967, 43.419088608582889 ], [ -80.407469754964836, 43.419112188779394 ], [ -80.408514737666493, 43.419942002699194 ], [ -80.408879835160917, 43.420266392986214 ], [ -80.408910410044612, 43.420304432407384 ], [ -80.408910729942477, 43.420304831759388 ], [ -80.408917134066485, 43.420312794125209 ], [ -80.409079750908077, 43.420515092888486 ], [ -80.409314730724589, 43.420876405400563 ], [ -80.409514432949123, 43.42129760635386 ], [ -80.40973486519205, 43.421762397103706 ], [ -80.40961514643341, 43.421778652377597 ], [ -80.406321088678609, 43.422225999580746 ], [ -80.404628886403728, 43.42261963242364 ], [ -80.403378529961813, 43.423345963390972 ], [ -80.402481411843326, 43.424265553699932 ], [ -80.402224141676186, 43.424646870259679 ], [ -80.401973249709258, 43.425831711675443 ], [ -80.401853089668407, 43.42667507958582 ], [ -80.402221463561446, 43.427830338610121 ], [ -80.402413381725836, 43.428757555843539 ], [ -80.402650456697472, 43.429148396206564 ], [ -80.404288221092827, 43.430239405968059 ], [ -80.405879466539105, 43.431470487412895 ], [ -80.407174590084836, 43.432256218786385 ], [ -80.408378797861303, 43.432902393672251 ], [ -80.409008064061766, 43.433363213470976 ], [ -80.409327283438145, 43.433704643045779 ], [ -80.410049802227363, 43.434780628072794 ], [ -80.410325812669328, 43.435637234964602 ], [ -80.410183039973489, 43.436569976919671 ], [ -80.409792062763913, 43.437497730306468 ], [ -80.408844335033322, 43.438428141260331 ], [ -80.40788445122395, 43.439239051600424 ], [ -80.406592091412918, 43.440028776585514 ], [ -80.40407259370545, 43.441252760146561 ], [ -80.402292779939046, 43.442708988118412 ], [ -80.401387916207625, 43.443510578566347 ], [ -80.400984024382169, 43.443778039111997 ], [ -80.400341775367849, 43.444105478503346 ], [ -80.399485017230987, 43.444473343122937 ], [ -80.398627235378612, 43.444689977604355 ], [ -80.397603905647983, 43.44510181650768 ], [ -80.396752655896904, 43.445706486621091 ], [ -80.395502310359603, 43.446392145002292 ], [ -80.394632375495476, 43.446778037099044 ], [ -80.393789785534736, 43.447357173685958 ], [ -80.393204063034474, 43.447981782267298 ], [ -80.392624461403827, 43.449002684616957 ], [ -80.392169429276279, 43.450205440749279 ], [ -80.390961508089859, 43.448733799521804 ], [ -80.390447188091699, 43.447832874436287 ], [ -80.390355417408514, 43.447550998452371 ], [ -80.390015600662409, 43.446936900742458 ], [ -80.387787604820261, 43.443602291326677 ], [ -80.384042015093456, 43.444932893743363 ], [ -80.381908814452473, 43.445677689736648 ], [ -80.379142794667729, 43.446662204623891 ], [ -80.378832512014924, 43.446795608561246 ], [ -80.378086901279985, 43.44718779886751 ], [ -80.377676481091513, 43.447446609671779 ], [ -80.375233885079282, 43.449414307464828 ], [ -80.374622998617269, 43.44992421142436 ], [ -80.374249511161054, 43.450192290705324 ], [ -80.373466199349636, 43.450647192292443 ], [ -80.372770708047696, 43.450967596149631 ], [ -80.372125806050221, 43.451189089583139 ], [ -80.366510496800302, 43.452760889529735 ], [ -80.363002411109449, 43.453740907204207 ], [ -80.359705483575695, 43.454613897689327 ], [ -80.358983623131152, 43.454822661447174 ], [ -80.358850004908845, 43.454861312757778 ], [ -80.358429067249361, 43.455024339960296 ], [ -80.358254312031491, 43.455092010078033 ], [ -80.357769694838737, 43.455332407528296 ], [ -80.357110604750076, 43.455706911985381 ], [ -80.356425094903102, 43.456243287465796 ], [ -80.354713200714201, 43.457980506947763 ], [ -80.354300991842806, 43.458383398674165 ], [ -80.353914383929833, 43.458705397214061 ], [ -80.353516400381935, 43.458937212085679 ], [ -80.352994782105725, 43.459168404853266 ], [ -80.352263504772012, 43.459353307351385 ], [ -80.349044603002866, 43.459821291113208 ], [ -80.348400887978883, 43.459907702313977 ], [ -80.344042882136549, 43.460540109794842 ], [ -80.342557084924621, 43.460765599255275 ], [ -80.342197784174616, 43.460835600574839 ], [ -80.341466396081017, 43.461029487374915 ], [ -80.341056788178179, 43.461180192234735 ], [ -80.34029918737258, 43.461508998620438 ], [ -80.339726716389123, 43.461865901582101 ], [ -80.339228816198897, 43.462178104357477 ], [ -80.338979790163819, 43.462338810994694 ], [ -80.338954902060081, 43.462356604986759 ], [ -80.337472586192348, 43.463392601081267 ], [ -80.336788612134967, 43.463766793705574 ], [ -80.336254387862326, 43.464006811130105 ], [ -80.332146099541035, 43.46549560051136 ], [ -80.328224282732123, 43.466877300013834 ], [ -80.317589181129691, 43.470591549733392 ], [ -80.316268287858179, 43.470997354820618 ], [ -80.315334489695942, 43.471216464827016 ], [ -80.314066117164046, 43.471397422868826 ], [ -80.309754390654589, 43.471739016695487 ], [ -80.306026290985443, 43.472066192647688 ], [ -80.305803790259475, 43.472026107158499 ], [ -80.305635714345243, 43.471959790888789 ], [ -80.30553591760544, 43.471866190913929 ], [ -80.305460605035535, 43.471753703337164 ], [ -80.305333491305618, 43.471321909609095 ], [ -80.305166587446038, 43.470840052610171 ], [ -80.304350406240417, 43.4690378418641 ], [ -80.304232586408887, 43.468714163229727 ], [ -80.304206030481609, 43.468585298308128 ], [ -80.303968847626038, 43.468282648661265 ], [ -80.303861921701781, 43.468089130342122 ], [ -80.303817558756592, 43.468008765367337 ], [ -80.30202901680353, 43.463813077072331 ], [ -80.300925444719425, 43.461223776692179 ], [ -80.300619780394271, 43.460561102097969 ], [ -80.298023182951667, 43.454930676609024 ], [ -80.297838259445442, 43.454537258977261 ], [ -80.29763353119337, 43.454101655922436 ], [ -80.297101320732054, 43.453493044655602 ], [ -80.296972367733275, 43.453345565981529 ], [ -80.296531383591116, 43.452804570493676 ], [ -80.296420670505, 43.452487942201053 ], [ -80.295731285074751, 43.451374190072777 ], [ -80.294839413190076, 43.44929790853999 ], [ -80.294357685773534, 43.448205404084469 ], [ -80.293876494391114, 43.447133604243966 ], [ -80.293052512927233, 43.445283997888914 ], [ -80.292411465676693, 43.443771131664946 ], [ -80.292168001518974, 43.443196592236461 ], [ -80.291263692931153, 43.440959788209639 ], [ -80.290409494803939, 43.438836590993795 ], [ -80.289622030579963, 43.436887223211372 ], [ -80.289531095773128, 43.43666210402889 ], [ -80.289528571751489, 43.436655746843215 ], [ -80.288984690825771, 43.435277899912414 ], [ -80.288572112715684, 43.434246420848396 ], [ -80.288504499285381, 43.434077399230702 ], [ -80.287526316110586, 43.43169370109532 ] ] ] } },
{ "type": "Feature", "properties": { "csduid": "3530016", "district": "Waterloo", "district_type": "City", "population": 142450.0, "area_sq_km": 65.014500545575501, "density_per_sq_km": 2191.049670529143, "label_room_km": 3.088863316967152, "label_lon": -80.566259897375602, "label_lat": 43.470129937264083 }, "geometry": { "type": "Polygon", "coordinates": [ [ [ -80.494998872360043, 43.511546267507811 ], [ -80.49521922135348, 43.510486674553867 ], [ -80.495126294115906, 43.509282672843149 ], [ -80.495124643766943, 43.509261242358363 ], [ -80.494891959503178, 43.508333887934974 ], [ -80.49461543571914, 43.507402834618325 ], [ -80.494397118976536, 43.507117467843564 ], [ -80.494295336701356, 43.506984372408695 ], [ -80.494198324311142, 43.506904019495629 ], [ -80.494240182308417, 43.506698897760153 ], [ -80.494347950597245, 43.506440081575001 ], [ -80.49375412256606, 43.505285730414151 ], [ -80.493736641738366, 43.505251738631401 ], [ -80.493404857112267, 43.503825521741391 ], [ -80.492654152016271, 43.50263301532155 ], [ -80.491752761527835, 43.502271026372298 ], [ -80.490860486201939, 43.501826828080482 ], [ -80.489793372319241, 43.501772012512731 ], [ -80.488199401826563, 43.501932760497212 ], [ -80.484718639401279, 43.502734556450697 ], [ -80.483412772297655, 43.503021147038552 ], [ -80.480210759631817, 43.503723772210478 ], [ -80.479755662144299, 43.503879636988678 ], [ -80.479250208741121, 43.503843526293252 ], [ -80.479190859242237, 43.503746212619056 ], [ -80.479130366163773, 43.503662516847626 ], [ -80.477085896345002, 43.500961906003745 ], [ -80.477197393721397, 43.500935393232012 ], [ -80.478808901844189, 43.500537510292325 ], [ -80.480482307609492, 43.50013100383034 ], [ -80.480701407348562, 43.500019911461877 ], [ -80.4808544083767, 43.499905313843072 ], [ -80.480959095414988, 43.499721299033148 ], [ -80.481034093466747, 43.499353902715313 ], [ -80.481173714541313, 43.499038490701111 ], [ -80.481276200804302, 43.498581908877291 ], [ -80.481373891116775, 43.49829779232838 ], [ -80.481200105901038, 43.495021392721391 ], [ -80.481195701167223, 43.494821687906949 ], [ -80.48116561637238, 43.494208445691015 ], [ -80.481126341148396, 43.493408562643239 ], [ -80.481069295931391, 43.492245907516839 ], [ -80.480926284696693, 43.48994599838089 ], [ -80.480955710432056, 43.489625113382417 ], [ -80.481031696778174, 43.48941841232201 ], [ -80.482219285594766, 43.487929006654717 ], [ -80.482819312307228, 43.487184399949811 ], [ -80.48328181275744, 43.486610189273001 ], [ -80.483641805943506, 43.486449796787753 ], [ -80.483656687517126, 43.486152702295954 ], [ -80.484069110617298, 43.485641293834682 ], [ -80.484106689090567, 43.485578401788501 ], [ -80.487173779126891, 43.484441754980509 ], [ -80.487548697863716, 43.48407704304158 ], [ -80.48971251012442, 43.483513483488352 ], [ -80.490535066805435, 43.483299216813265 ], [ -80.495053966191492, 43.481308115450027 ], [ -80.495342180820288, 43.481181098738212 ], [ -80.497979573509994, 43.480064795309872 ], [ -80.497913459750748, 43.479936739197406 ], [ -80.496676004825844, 43.477539603173639 ], [ -80.496408513012042, 43.476989095419434 ], [ -80.496249347272212, 43.476667949247883 ], [ -80.496019405979752, 43.476204010030649 ], [ -80.495616014021479, 43.475644005272933 ], [ -80.495039588434466, 43.475083201992298 ], [ -80.494634298872469, 43.474757194627784 ], [ -80.494228505203452, 43.474485290576176 ], [ -80.493760905268104, 43.474222100070669 ], [ -80.493539407125411, 43.474095105580787 ], [ -80.493514715162021, 43.474085992253073 ], [ -80.49350923074266, 43.474083689835155 ], [ -80.493837089760461, 43.473979292012061 ], [ -80.494109792487691, 43.473890500545565 ], [ -80.496242686161992, 43.473143600365475 ], [ -80.49621412818432, 43.472749963658558 ], [ -80.495566059993237, 43.471523673612758 ], [ -80.496545210772652, 43.471281899468508 ], [ -80.495762941564777, 43.470492453870357 ], [ -80.497460276916271, 43.469837084101336 ], [ -80.500047202374262, 43.468781605343487 ], [ -80.500591474466248, 43.468559520046718 ], [ -80.500837863104962, 43.468454839882625 ], [ -80.50051100370068, 43.468110890202027 ], [ -80.499997110744658, 43.46764939185816 ], [ -80.499678205502562, 43.467350891174434 ], [ -80.498991116193821, 43.466708502491997 ], [ -80.498561705068411, 43.466310495100217 ], [ -80.498540263272872, 43.46629153780745 ], [ -80.498438989342247, 43.466201891208051 ], [ -80.500020798317948, 43.465509565931939 ], [ -80.500084630087244, 43.465481639189612 ], [ -80.501244830343154, 43.464891415154199 ], [ -80.501416812232605, 43.464671493951812 ], [ -80.501653263525014, 43.46442232732246 ], [ -80.5012870896782, 43.464260034677302 ], [ -80.500423404147426, 43.463847963246678 ], [ -80.500829690724032, 43.463765625470231 ], [ -80.50041540550987, 43.463221724101608 ], [ -80.501665017148653, 43.463125962629256 ], [ -80.504485934892912, 43.461975105041098 ], [ -80.504618145153813, 43.461921171430006 ], [ -80.504897021419367, 43.461466549757773 ], [ -80.505219916683743, 43.461450999450271 ], [ -80.507952093626258, 43.460438503349685 ], [ -80.511073436021064, 43.459371546280273 ], [ -80.511398298443808, 43.459494590884816 ], [ -80.511717307574287, 43.458946543849756 ], [ -80.512043452769404, 43.458808004340597 ], [ -80.512551383265802, 43.458969635146246 ], [ -80.513358968870108, 43.458753537856722 ], [ -80.514757276292301, 43.458210982069147 ], [ -80.515312813197966, 43.457907636144988 ], [ -80.515929524114142, 43.457747927082565 ], [ -80.517626808601378, 43.457132621879005 ], [ -80.518875292324779, 43.456718091407822 ], [ -80.518998005844679, 43.456752129595301 ], [ -80.519065910977076, 43.456770964626784 ], [ -80.51906758032635, 43.456769450687275 ], [ -80.51907407606457, 43.456763422043913 ], [ -80.519292151954602, 43.456556808626033 ], [ -80.519546651487744, 43.456550629296679 ], [ -80.519888444612803, 43.456440987682093 ], [ -80.520602926576274, 43.45596169951105 ], [ -80.521180974609678, 43.455427557399005 ], [ -80.521702711461572, 43.454933860450446 ], [ -80.522175925466485, 43.454793427550399 ], [ -80.523482794828993, 43.454600310312969 ], [ -80.527129067889916, 43.453838565954065 ], [ -80.527125987062178, 43.453835179481231 ], [ -80.527117689100365, 43.453826010628902 ], [ -80.526774501877981, 43.453446409098042 ], [ -80.526357800366938, 43.453003503845203 ], [ -80.528926924360462, 43.452114212662629 ], [ -80.529341933977236, 43.451979439854568 ], [ -80.529713334400753, 43.451869348276816 ], [ -80.53412228251139, 43.450637165107196 ], [ -80.534771565157627, 43.451135535295371 ], [ -80.541127581551464, 43.449262956259844 ], [ -80.539294543114309, 43.447131025162385 ], [ -80.54245997981252, 43.445650462398198 ], [ -80.542167407240697, 43.445055959648265 ], [ -80.542028791946137, 43.444972389846711 ], [ -80.541209787327759, 43.443789595325256 ], [ -80.541309703085474, 43.44364591097959 ], [ -80.541221067995266, 43.443538438391762 ], [ -80.541138294804441, 43.443438105698469 ], [ -80.541683489374506, 43.44324220225181 ], [ -80.54187641374557, 43.443120576128713 ], [ -80.542813070509467, 43.442870791523035 ], [ -80.5436480039766, 43.443295096981181 ], [ -80.545159209336006, 43.444066689048967 ], [ -80.545190159326467, 43.444007491904067 ], [ -80.5452226903341, 43.443945290891655 ], [ -80.546040487409641, 43.442305107827053 ], [ -80.546190112260177, 43.442125606547769 ], [ -80.546560008061476, 43.441782897302879 ], [ -80.546799913739491, 43.441560691505096 ], [ -80.547333312174331, 43.441283702615038 ], [ -80.549080309730584, 43.440669311735917 ], [ -80.551594109866244, 43.439949903529701 ], [ -80.553514213288693, 43.439309089619883 ], [ -80.558218697951688, 43.43767951220336 ], [ -80.559050387132601, 43.437388702055209 ], [ -80.559305812136103, 43.437286012587364 ], [ -80.559580200504527, 43.437180300936348 ], [ -80.559766446503659, 43.437118908146637 ], [ -80.559788601380831, 43.437150604660246 ], [ -80.559835286921512, 43.437187908135122 ], [ -80.559903912336353, 43.437221611196229 ], [ -80.559978802234326, 43.437237990306471 ], [ -80.560047610666132, 43.437238894873872 ], [ -80.560111685221273, 43.437230489886566 ], [ -80.560164191455229, 43.437211702243609 ], [ -80.560216897605272, 43.437184301960023 ], [ -80.560269185703476, 43.43713788746922 ], [ -80.560300607531602, 43.437079796702292 ], [ -80.560307995117853, 43.437026000600227 ], [ -80.560292402368177, 43.436963997499234 ], [ -80.560288597157694, 43.436954325419087 ], [ -80.561690448010253, 43.436511821018811 ], [ -80.564571862092251, 43.435602959737089 ], [ -80.565017483305326, 43.435462409413837 ], [ -80.565102036324191, 43.435435734445029 ], [ -80.565897804183663, 43.435190398456108 ], [ -80.574103822468643, 43.432659873833295 ], [ -80.574980591970316, 43.433464837577432 ], [ -80.57529114401791, 43.43375123692671 ], [ -80.581018579099393, 43.438977901814631 ], [ -80.581299469633024, 43.439234206772369 ], [ -80.581507517677039, 43.43942401576254 ], [ -80.582245129208118, 43.440096991972339 ], [ -80.58418069409511, 43.441862887402266 ], [ -80.586709294131907, 43.444161087530318 ], [ -80.587286505193589, 43.444694502645028 ], [ -80.59081169988761, 43.447894707987892 ], [ -80.592998213062913, 43.449892494053607 ], [ -80.594767303075173, 43.451483488445497 ], [ -80.595885205036041, 43.452504993295811 ], [ -80.596744142372643, 43.453290370070889 ], [ -80.597150587268374, 43.453661997331025 ], [ -80.598446457622799, 43.454825709912932 ], [ -80.599657194340566, 43.455912910853144 ], [ -80.601044435376039, 43.457169225773207 ], [ -80.603060914211341, 43.458995211799724 ], [ -80.605039412232486, 43.460775908333183 ], [ -80.60608389707474, 43.461734009479109 ], [ -80.606745199489083, 43.462326737149624 ], [ -80.607263801697385, 43.462791594125065 ], [ -80.609365291100772, 43.46470769939571 ], [ -80.610939090115409, 43.466045686700184 ], [ -80.611160002500185, 43.4662986104872 ], [ -80.613126690013701, 43.468079097386799 ], [ -80.613852089805548, 43.468702895049063 ], [ -80.614626491390496, 43.46940780868136 ], [ -80.615302810644607, 43.469986391634819 ], [ -80.616544203481752, 43.47113410450968 ], [ -80.617380498953906, 43.471848195214804 ], [ -80.617908795081561, 43.472372194088166 ], [ -80.618277899924564, 43.472661588183598 ], [ -80.619581397045181, 43.473791496588106 ], [ -80.622126713577444, 43.476042001683666 ], [ -80.622182904562422, 43.476096099907863 ], [ -80.622802696218997, 43.476692595500296 ], [ -80.623626413603816, 43.477451593676875 ], [ -80.623933799259746, 43.477740807362196 ], [ -80.624487415053025, 43.478192803298057 ], [ -80.625065287859186, 43.478726006755458 ], [ -80.625631313547942, 43.479178003184145 ], [ -80.626184206685437, 43.479747092976787 ], [ -80.612929725117937, 43.484307310507411 ], [ -80.610971785624216, 43.484954874793665 ], [ -80.609208134283975, 43.485672740142206 ], [ -80.60516631728045, 43.487212531356462 ], [ -80.590554273276766, 43.492577779014582 ], [ -80.58345911241318, 43.494939597259616 ], [ -80.582883549190456, 43.495158565424319 ], [ -80.58041009872224, 43.496229278348359 ], [ -80.575593024490857, 43.498189991513755 ], [ -80.573349990455213, 43.498533094084529 ], [ -80.57308999287811, 43.498555005109068 ], [ -80.572519996083074, 43.498765293475323 ], [ -80.570296011107359, 43.499577896649868 ], [ -80.570014703953987, 43.499692297967755 ], [ -80.565163697439885, 43.501440695764032 ], [ -80.563384596317348, 43.502071397363117 ], [ -80.561209197300471, 43.502838301212982 ], [ -80.558709814270742, 43.503719105086034 ], [ -80.555481382716025, 43.50486200452616 ], [ -80.555132681001012, 43.504773456902974 ], [ -80.54585225515568, 43.507166786542051 ], [ -80.545603298280241, 43.507278607504929 ], [ -80.542184588216358, 43.509488998936803 ], [ -80.540757692756458, 43.510041497872216 ], [ -80.537966499773759, 43.511038800255641 ], [ -80.532966997632684, 43.512819293672685 ], [ -80.531676284982311, 43.513258895625469 ], [ -80.5271099886629, 43.514857005431431 ], [ -80.52667698549638, 43.514873010790026 ], [ -80.526416981240033, 43.514827006627435 ], [ -80.526262011289319, 43.515101001363426 ], [ -80.526112998485345, 43.515212989495048 ], [ -80.525834210026972, 43.515317110306427 ], [ -80.519033993866529, 43.517758887620886 ], [ -80.5168741028764, 43.518522818833674 ], [ -80.51579579517788, 43.518861792736452 ], [ -80.511725493246999, 43.520330203982297 ], [ -80.510456498540023, 43.520774938646383 ], [ -80.510050308240153, 43.520917313533573 ], [ -80.50647641172479, 43.522180506208997 ], [ -80.506057923716881, 43.522325866365421 ], [ -80.504863192629443, 43.522740798176223 ], [ -80.50061871026756, 43.524262090085607 ], [ -80.499998301217758, 43.524475488325294 ], [ -80.495105379736586, 43.526184304609338 ], [ -80.495058791165476, 43.526200592306253 ], [ -80.494338991593494, 43.526458492729553 ], [ -80.493863480298458, 43.526624817232374 ], [ -80.488542798808027, 43.528485705196644 ], [ -80.485514205110519, 43.529552611467274 ], [ -80.482733908699132, 43.530503502899037 ], [ -80.482464412371712, 43.530573448536458 ], [ -80.480855629471009, 43.531617678487343 ], [ -80.480511953054673, 43.531800385358004 ], [ -80.480650715713509, 43.531099532838709 ], [ -80.480658860811971, 43.530322810324691 ], [ -80.480662003947174, 43.530022674457435 ], [ -80.479974552274655, 43.528833069319148 ], [ -80.479191842493975, 43.527682785759602 ], [ -80.477297895676671, 43.525872884100025 ], [ -80.476258401820672, 43.524896098006209 ], [ -80.475179349592992, 43.524422179138007 ], [ -80.471610314364028, 43.523367613796246 ], [ -80.469858199893778, 43.522547091520856 ], [ -80.468741305241835, 43.521691913459129 ], [ -80.46751201663885, 43.520319495458658 ], [ -80.467341629428816, 43.519387006319967 ], [ -80.467968623111787, 43.51795585182775 ], [ -80.468562686170117, 43.517305811251106 ], [ -80.470001320794111, 43.516658161406539 ], [ -80.470666944592864, 43.516445201790759 ], [ -80.472798392825908, 43.516238780024125 ], [ -80.47675007010524, 43.516092693694766 ], [ -80.483053714725997, 43.516165362250867 ], [ -80.483875978759784, 43.516178885581382 ], [ -80.485559257434119, 43.515109657332111 ], [ -80.487026635630585, 43.513446961013408 ], [ -80.487432556917511, 43.513189335010573 ], [ -80.491684050039439, 43.512561667779458 ], [ -80.493118348229672, 43.512522277235753 ], [ -80.494157420853057, 43.51229610083606 ], [ -80.494998872360043, 43.511546267507811 ] ] ] } },
{ "type": "Feature", "properties": { "csduid": "3530035", "district": "Woolwich", "district_type": "Township", "population": 31382.0, "area_sq_km": 329.41124687286282, "density_per_sq_km": 95.266935473250456, "label_room_km": 6.6788521400112657, "label_lon": -80.525883031392738, "label_lat": 43.582037545522155 }, "geometry": { "type": "Polygon", "coordinates": [ [ [ -80.409342332717884, 43.582897539186654 ], [ -80.405366392329299, 43.580015783881656 ], [ -80.403814157350936, 43.580278612662674 ], [ -80.398258511247874, 43.574880695910842 ], [ -80.397660909635135, 43.574110294954806 ], [ -80.385661491705505, 43.565498742308087 ], [ -80.383014500819456, 43.563596403740931 ], [ -80.380306308815733, 43.564532809341678 ], [ -80.378952597793273, 43.565014305303251 ], [ -80.378777387789242, 43.565077298633817 ], [ -80.378562797625563, 43.565170805631155 ], [ -80.377214204292486, 43.565661787954149 ], [ -80.369765037331561, 43.568273347040822 ], [ -80.367739509497099, 43.568983309994849 ], [ -80.367509090400887, 43.569083903813336 ], [ -80.367505116639478, 43.569086590414862 ], [ -80.36742191543938, 43.569142302062346 ], [ -80.367369212382627, 43.56919198908588 ], [ -80.367303987784169, 43.569262591580419 ], [ -80.367256188329861, 43.569352093898239 ], [ -80.36723768420444, 43.569406019981756 ], [ -80.367849413447516, 43.56620311881224 ], [ -80.367887130932573, 43.566005607164996 ], [ -80.36838481783569, 43.563399918939666 ], [ -80.368674915666645, 43.561880509266892 ], [ -80.368797491841832, 43.56123867573524 ], [ -80.369007940401417, 43.560136618619921 ], [ -80.369056103056067, 43.559884527610571 ], [ -80.369116297901073, 43.558880427055968 ], [ -80.369126208794469, 43.558715072532607 ], [ -80.369326569528866, 43.557588320996139 ], [ -80.369327240941118, 43.557584532389598 ], [ -80.369342390765766, 43.557499396533828 ], [ -80.369378724004321, 43.557475983559762 ], [ -80.369388936345132, 43.557469406580942 ], [ -80.369427223229806, 43.557361578634477 ], [ -80.36944028500244, 43.557135798018066 ], [ -80.369442307266482, 43.557100528505103 ], [ -80.369447639827087, 43.557096338923216 ], [ -80.369567143662877, 43.557002162741924 ], [ -80.369652451300794, 43.556985437297236 ], [ -80.369657554604856, 43.556946980117068 ], [ -80.36965756735907, 43.556946650156021 ], [ -80.369663950522508, 43.556899051200453 ], [ -80.369666398783551, 43.556798706236101 ], [ -80.369701982431025, 43.555341067872696 ], [ -80.369736016282488, 43.553944462136371 ], [ -80.369765094351237, 43.552753110587879 ], [ -80.369795888929119, 43.55277559733328 ], [ -80.369912702616077, 43.552695990905072 ], [ -80.369974509704093, 43.552626599858215 ], [ -80.370018796329504, 43.552556997628578 ], [ -80.370219810815499, 43.551396211808459 ], [ -80.370258404716822, 43.551261309974471 ], [ -80.370266608543147, 43.551225306979347 ], [ -80.370285000480024, 43.551191193825218 ], [ -80.370312498741967, 43.55114010147912 ], [ -80.370365714289846, 43.551096100819429 ], [ -80.370441332170913, 43.550662358304052 ], [ -80.372003914784244, 43.541696064249017 ], [ -80.373255304213416, 43.534512991660094 ], [ -80.373952685773958, 43.532822997024923 ], [ -80.37394161019823, 43.532696889643141 ], [ -80.373169613417772, 43.531954295064331 ], [ -80.371357689369148, 43.530053387366216 ], [ -80.369581316761213, 43.528323890371347 ], [ -80.367657203728939, 43.526521393220122 ], [ -80.365425701711047, 43.524546107375272 ], [ -80.363232110300999, 43.522508001924933 ], [ -80.362214791786471, 43.521583896333979 ], [ -80.355877908950561, 43.515911700225274 ], [ -80.352250088579325, 43.512685705659315 ], [ -80.350886343557235, 43.511513744506289 ], [ -80.349455092933738, 43.510283688041298 ], [ -80.346096710419602, 43.507374099162107 ], [ -80.342664587218636, 43.504446091070648 ], [ -80.341146010257305, 43.503041705689604 ], [ -80.337984190151005, 43.500322199589789 ], [ -80.337690198166442, 43.500059306185356 ], [ -80.333854898783116, 43.496759508226212 ], [ -80.328933614213767, 43.492527401289564 ], [ -80.325779609870693, 43.489759192649224 ], [ -80.323501786781989, 43.487844328347421 ], [ -80.317800902720975, 43.483050891285181 ], [ -80.317071768040819, 43.48237087164128 ], [ -80.306026290985443, 43.472066192647688 ], [ -80.309754390654589, 43.471739016695487 ], [ -80.314066117164046, 43.471397422868826 ], [ -80.315334489695942, 43.471216464827016 ], [ -80.316268287858179, 43.470997354820618 ], [ -80.317589181129691, 43.470591549733392 ], [ -80.328224282732123, 43.466877300013834 ], [ -80.332146099541035, 43.46549560051136 ], [ -80.336254387862326, 43.464006811130105 ], [ -80.336788612134967, 43.463766793705574 ], [ -80.337472586192348, 43.463392601081267 ], [ -80.338954902060081, 43.462356604986759 ], [ -80.338979790163819, 43.462338810994694 ], [ -80.339228816198897, 43.462178104357477 ], [ -80.339726716389123, 43.461865901582101 ], [ -80.34029918737258, 43.461508998620438 ], [ -80.341056788178179, 43.461180192234735 ], [ -80.341466396081017, 43.461029487374915 ], [ -80.342197784174616, 43.460835600574839 ], [ -80.342557084924621, 43.460765599255275 ], [ -80.344042882136549, 43.460540109794842 ], [ -80.348400887978883, 43.459907702313977 ], [ -80.349044603002866, 43.459821291113208 ], [ -80.352263504772012, 43.459353307351385 ], [ -80.352994782105725, 43.459168404853266 ], [ -80.353516400381935, 43.458937212085679 ], [ -80.353914383929833, 43.458705397214061 ], [ -80.354300991842806, 43.458383398674165 ], [ -80.354713200714201, 43.457980506947763 ], [ -80.356425094903102, 43.456243287465796 ], [ -80.357110604750076, 43.455706911985381 ], [ -80.357769694838737, 43.455332407528296 ], [ -80.358254312031491, 43.455092010078033 ], [ -80.358429067249361, 43.455024339960296 ], [ -80.358850004908845, 43.454861312757778 ], [ -80.358983623131152, 43.454822661447174 ], [ -80.359705483575695, 43.454613897689327 ], [ -80.363002411109449, 43.453740907204207 ], [ -80.366510496800302, 43.452760889529735 ], [ -80.372125806050221, 43.451189089583139 ], [ -80.372770708047696, 43.450967596149631 ], [ -80.373466199349636, 43.450647192292443 ], [ -80.374249511161054, 43.450192290705324 ], [ -80.374622998617269, 43.44992421142436 ], [ -80.375233885079282, 43.449414307464828 ], [ -80.377676481091513, 43.447446609671779 ], [ -80.378086901279985, 43.44718779886751 ], [ -80.378832512014924, 43.446795608561246 ], [ -80.379142794667729, 43.446662204623891 ], [ -80.381908814452473, 43.445677689736648 ], [ -80.384042015093456, 43.444932893743363 ], [ -80.387787604820261, 43.443602291326677 ], [ -80.390015600662409, 43.446936900742458 ], [ -80.390355417408514, 43.447550998452371 ], [ -80.390447188091699, 43.447832874436287 ], [ -80.390961508089859, 43.448733799521804 ], [ -80.392169429276279, 43.450205440749279 ], [ -80.392057208730705, 43.451935397546642 ], [ -80.393580657829844, 43.454062389874501 ], [ -80.395023753138958, 43.455077910228795 ], [ -80.397379639485408, 43.455688311102548 ], [ -80.399616631151517, 43.456118424726235 ], [ -80.402102405814659, 43.456586013971176 ], [ -80.403897279364017, 43.456893577405268 ], [ -80.405562826571241, 43.457016578232903 ], [ -80.407189347007829, 43.456787383078144 ], [ -80.409473293877156, 43.45689753468131 ], [ -80.409526306551314, 43.456900105164287 ], [ -80.411477479858846, 43.457071409983534 ], [ -80.413446537604742, 43.457623279128725 ], [ -80.41511638434271, 43.458009961406269 ], [ -80.415863519283121, 43.458522209985098 ], [ -80.416376782018006, 43.459127385105894 ], [ -80.41746421628973, 43.459641233605225 ], [ -80.419566226000427, 43.460749000997225 ], [ -80.420381507859005, 43.461409879970766 ], [ -80.420906002609172, 43.463018930930083 ], [ -80.421118873552629, 43.463664306054447 ], [ -80.421806091782869, 43.464554857011962 ], [ -80.422473785493892, 43.465472112003013 ], [ -80.423085171557034, 43.466365712867962 ], [ -80.423599242758073, 43.467031302911415 ], [ -80.423791135653147, 43.467304448803702 ], [ -80.424062250561249, 43.467580821435234 ], [ -80.425193159835032, 43.468229508468752 ], [ -80.425772738240525, 43.468703585120281 ], [ -80.426702408108284, 43.469788494163403 ], [ -80.427010540319003, 43.470477786474426 ], [ -80.427117093099, 43.47137353218524 ], [ -80.42720246673322, 43.471953193061466 ], [ -80.427094182811686, 43.472427049579125 ], [ -80.426513958894631, 43.473907469447362 ], [ -80.42621392099565, 43.474241736287269 ], [ -80.425595110371717, 43.474735935273081 ], [ -80.425368157511826, 43.474921743818335 ], [ -80.425231944477332, 43.475078848946602 ], [ -80.424949139866371, 43.475286965631078 ], [ -80.424441257967061, 43.475565378078429 ], [ -80.424236019087346, 43.475628866925462 ], [ -80.423691834401069, 43.475760011910076 ], [ -80.423323746994782, 43.475987529710288 ], [ -80.422730495501611, 43.476727107187322 ], [ -80.422393133165968, 43.477532478706756 ], [ -80.42233230231146, 43.478360305173467 ], [ -80.422248354385687, 43.478774192151718 ], [ -80.422229924449141, 43.479179087885171 ], [ -80.422280022522017, 43.479473090991839 ], [ -80.422340755015455, 43.479641954008827 ], [ -80.422864620142747, 43.480235282291424 ], [ -80.423478382043285, 43.480738059940073 ], [ -80.424643460998212, 43.481253613417721 ], [ -80.425898048524118, 43.48154725628585 ], [ -80.427008824247679, 43.481520755023055 ], [ -80.428393943594358, 43.481661618130879 ], [ -80.429409691212712, 43.48193776669536 ], [ -80.430294704809654, 43.482223270436847 ], [ -80.43155544962508, 43.482271302572379 ], [ -80.432532748752493, 43.48220939489709 ], [ -80.433414089736502, 43.482041992781447 ], [ -80.434058259992725, 43.481826859096202 ], [ -80.435356372470252, 43.481127316933033 ], [ -80.436793621599534, 43.480630336836164 ], [ -80.437310263278292, 43.480377152896615 ], [ -80.437868656656121, 43.479869390552366 ], [ -80.43962069289573, 43.479104476124789 ], [ -80.441626149506178, 43.478356728539573 ], [ -80.442959750904407, 43.478157641291496 ], [ -80.444451627270894, 43.477752793543303 ], [ -80.444981566233693, 43.477480479256762 ], [ -80.44555743058369, 43.477169971649111 ], [ -80.446485043798972, 43.476944326246326 ], [ -80.447925145001122, 43.476694922004235 ], [ -80.448397003791854, 43.476704145748933 ], [ -80.449752799142658, 43.47702906557425 ], [ -80.451162518790071, 43.477299768599657 ], [ -80.452416636530643, 43.477390516406771 ], [ -80.453814018693649, 43.477360808207251 ], [ -80.455220536023802, 43.477312805582592 ], [ -80.45531583332928, 43.477500776881655 ], [ -80.455388922312068, 43.477644511961735 ], [ -80.455490322187728, 43.477977672082119 ], [ -80.456690902584626, 43.479524696573883 ], [ -80.458137799513807, 43.483070567656625 ], [ -80.460172841004891, 43.484015550495755 ], [ -80.46155800439243, 43.484709089056373 ], [ -80.46269728865515, 43.485251802463402 ], [ -80.463720684409139, 43.484872308667768 ], [ -80.464858866231452, 43.48438057272967 ], [ -80.464984603852272, 43.484581090347284 ], [ -80.465509304123444, 43.485376009041694 ], [ -80.466812596793801, 43.484832806024329 ], [ -80.467644001186798, 43.48450348982464 ], [ -80.467796540034655, 43.484448831390836 ], [ -80.468082454995908, 43.48524045512066 ], [ -80.468418346036657, 43.485102157201652 ], [ -80.469671719468352, 43.487363859744065 ], [ -80.470291886699187, 43.487165595040466 ], [ -80.470816037050767, 43.486987580949787 ], [ -80.470831006391705, 43.486988356547222 ], [ -80.470834809595303, 43.486988552098509 ], [ -80.471050165900166, 43.487565748321018 ], [ -80.471699236562159, 43.488273534209135 ], [ -80.472352678762761, 43.488651667474343 ], [ -80.472681519433507, 43.488985420639793 ], [ -80.47256357984206, 43.489072008744685 ], [ -80.472791551203613, 43.489201396094856 ], [ -80.473223192149234, 43.490438818479703 ], [ -80.473338659996159, 43.491747921340142 ], [ -80.473074892420456, 43.492717247920098 ], [ -80.472330190418646, 43.493633097449909 ], [ -80.471870974208983, 43.493833923386397 ], [ -80.47017064993986, 43.494608095533188 ], [ -80.46859359974259, 43.495550107106645 ], [ -80.467483009396162, 43.496232840403493 ], [ -80.467338262874279, 43.496716685188204 ], [ -80.466872926380134, 43.497400960298151 ], [ -80.465796143464829, 43.498475430057987 ], [ -80.464414096935116, 43.499836617026226 ], [ -80.464419756267233, 43.500033672310444 ], [ -80.46442003872292, 43.500043653776864 ], [ -80.464424495667728, 43.500198682947563 ], [ -80.464573708880067, 43.501928343677619 ], [ -80.465354165111535, 43.504054471654179 ], [ -80.466272364476779, 43.505593612851655 ], [ -80.468456531381975, 43.506554578132196 ], [ -80.470258049289498, 43.506784996492648 ], [ -80.472218306379361, 43.506752374842229 ], [ -80.473348161467285, 43.505591065760647 ], [ -80.476505469509164, 43.504253661022709 ], [ -80.477443074266375, 43.503662930492929 ], [ -80.477973619487273, 43.503567552759662 ], [ -80.478495814999377, 43.503636346243759 ], [ -80.478830316701277, 43.503737449053489 ], [ -80.479250208741121, 43.503843526293252 ], [ -80.479755662144299, 43.503879636988678 ], [ -80.480210759631817, 43.503723772210478 ], [ -80.483412772297655, 43.503021147038552 ], [ -80.484718639401279, 43.502734556450697 ], [ -80.488199401826563, 43.501932760497212 ], [ -80.489793372319241, 43.501772012512731 ], [ -80.490860486201939, 43.501826828080482 ], [ -80.491752761527835, 43.502271026372298 ], [ -80.492654152016271, 43.50263301532155 ], [ -80.493404857112267, 43.503825521741391 ], [ -80.493736641738366, 43.505251738631401 ], [ -80.49375412256606, 43.505285730414151 ], [ -80.494347950597245, 43.506440081575001 ], [ -80.494240182308417, 43.506698897760153 ], [ -80.494198324311142, 43.506904019495629 ], [ -80.494295336701356, 43.506984372408695 ], [ -80.494397118976536, 43.507117467843564 ], [ -80.49461543571914, 43.507402834618325 ], [ -80.494891959503178, 43.508333887934974 ], [ -80.495124643766943, 43.509261242358363 ], [ -80.495126294115906, 43.509282672843149 ], [ -80.49521922135348, 43.510486674553867 ], [ -80.494998872360043, 43.511546267507811 ], [ -80.494157420853057, 43.51229610083606 ], [ -80.493118348229672, 43.512522277235753 ], [ -80.491684050039439, 43.512561667779458 ], [ -80.487432556917511, 43.513189335010573 ], [ -80.487026635630585, 43.513446961013408 ], [ -80.485559257434119, 43.515109657332111 ], [ -80.483875978759784, 43.516178885581382 ], [ -80.483053714725997, 43.516165362250867 ], [ -80.47675007010524, 43.516092693694766 ], [ -80.472798392825908, 43.516238780024125 ], [ -80.470666944592864, 43.516445201790759 ], [ -80.470001320794111, 43.516658161406539 ], [ -80.468562686170117, 43.517305811251106 ], [ -80.467968623111787, 43.51795585182775 ], [ -80.467341629428816, 43.519387006319967 ], [ -80.46751201663885, 43.520319495458658 ], [ -80.468741305241835, 43.521691913459129 ], [ -80.469858199893778, 43.522547091520856 ], [ -80.471610314364028, 43.523367613796246 ], [ -80.475179349592992, 43.524422179138007 ], [ -80.476258401820672, 43.524896098006209 ], [ -80.477297895676671, 43.525872884100025 ], [ -80.479191842493975, 43.527682785759602 ], [ -80.479974552274655, 43.528833069319148 ], [ -80.480662003947174, 43.530022674457435 ], [ -80.480658860811971, 43.530322810324691 ], [ -80.480650715713509, 43.531099532838709 ], [ -80.480511953054673, 43.531800385358004 ], [ -80.480855629471009, 43.531617678487343 ], [ -80.482464412371712, 43.530573448536458 ], [ -80.482733908699132, 43.530503502899037 ], [ -80.485514205110519, 43.529552611467274 ], [ -80.488542798808027, 43.528485705196644 ], [ -80.493863480298458, 43.526624817232374 ], [ -80.494338991593494, 43.526458492729553 ], [ -80.495058791165476, 43.526200592306253 ], [ -80.495105379736586, 43.526184304609338 ], [ -80.499998301217758, 43.524475488325294 ], [ -80.50061871026756, 43.524262090085607 ], [ -80.504863192629443, 43.522740798176223 ], [ -80.506057923716881, 43.522325866365421 ], [ -80.50647641172479, 43.522180506208997 ], [ -80.510050308240153, 43.520917313533573 ], [ -80.510456498540023, 43.520774938646383 ], [ -80.511725493246999, 43.520330203982297 ], [ -80.51579579517788, 43.518861792736452 ], [ -80.5168741028764, 43.518522818833674 ], [ -80.519033993866529, 43.517758887620886 ], [ -80.525834210026972, 43.515317110306427 ], [ -80.526112998485345, 43.515212989495048 ], [ -80.526262011289319, 43.515101001363426 ], [ -80.526416981240033, 43.514827006627435 ], [ -80.52667698549638, 43.514873010790026 ], [ -80.5271099886629, 43.514857005431431 ], [ -80.531676284982311, 43.513258895625469 ], [ -80.532966997632684, 43.512819293672685 ], [ -80.537966499773759, 43.511038800255641 ], [ -80.540757692756458, 43.510041497872216 ], [ -80.542184588216358, 43.509488998936803 ], [ -80.545603298280241, 43.507278607504929 ], [ -80.54585225515568, 43.507166786542051 ], [ -80.555132681001012, 43.504773456902974 ], [ -80.555481382716025, 43.50486200452616 ], [ -80.558709814270742, 43.503719105086034 ], [ -80.561209197300471, 43.502838301212982 ], [ -80.563384596317348, 43.502071397363117 ], [ -80.565163697439885, 43.501440695764032 ], [ -80.570014703953987, 43.499692297967755 ], [ -80.570296011107359, 43.499577896649868 ], [ -80.572519996083074, 43.498765293475323 ], [ -80.57308999287811, 43.498555005109068 ], [ -80.573349990455213, 43.498533094084529 ], [ -80.575593024490857, 43.498189991513755 ], [ -80.58041009872224, 43.496229278348359 ], [ -80.582883549190456, 43.495158565424319 ], [ -80.58345911241318, 43.494939597259616 ], [ -80.590554273276766, 43.492577779014582 ], [ -80.60516631728045, 43.487212531356462 ], [ -80.609208134283975, 43.485672740142206 ], [ -80.610971785624216, 43.484954874793665 ], [ -80.612929725117937, 43.484307310507411 ], [ -80.626184206685437, 43.479747092976787 ], [ -80.625416004511308, 43.483912000475989 ], [ -80.625121608499796, 43.485614508607163 ], [ -80.622682007979918, 43.500067292118558 ], [ -80.622476402065573, 43.501291312159928 ], [ -80.622347594471208, 43.502119194079448 ], [ -80.621320437959298, 43.508388841679754 ], [ -80.619528776417667, 43.519321329510966 ], [ -80.619517696447204, 43.519388989948112 ], [ -80.61949256489541, 43.519540976775815 ], [ -80.619487553355469, 43.519571370979527 ], [ -80.6193377128983, 43.520477988933244 ], [ -80.619325194505009, 43.520486888203649 ], [ -80.618784512291782, 43.52383470873891 ], [ -80.618642608952314, 43.524752703586472 ], [ -80.618528229264669, 43.525410128708721 ], [ -80.618514207557368, 43.525490612738196 ], [ -80.618307698417198, 43.526831509165056 ], [ -80.617895613852113, 43.529378302063868 ], [ -80.617893859666822, 43.529389009418367 ], [ -80.617797337958976, 43.529985352764875 ], [ -80.617097189599974, 43.534310006635025 ], [ -80.616684403013252, 43.536955899261265 ], [ -80.616555985843789, 43.537684806615637 ], [ -80.61646521009061, 43.538332806040842 ], [ -80.61646244378592, 43.538348914038671 ], [ -80.61637531305567, 43.538854711741322 ], [ -80.615229208517221, 43.545847110505932 ], [ -80.614597601349004, 43.549779891252001 ], [ -80.613655902885483, 43.555728505948558 ], [ -80.613513298522093, 43.556727387958276 ], [ -80.613514249769153, 43.556731361285344 ], [ -80.613459701965454, 43.556920447507792 ], [ -80.613204676413062, 43.558209173717188 ], [ -80.613127459495729, 43.558539077727922 ], [ -80.613116901109649, 43.558617528360884 ], [ -80.613087391425225, 43.558844927270925 ], [ -80.613045554169943, 43.559214436878165 ], [ -80.612842117341458, 43.561011192846927 ], [ -80.611992905230082, 43.565987610109808 ], [ -80.611334812991444, 43.570127293549405 ], [ -80.610974805743723, 43.572179007283971 ], [ -80.610904971266805, 43.572631311131637 ], [ -80.610845592842665, 43.573016007468034 ], [ -80.610627613160929, 43.574176802200121 ], [ -80.610589280940474, 43.574417326055773 ], [ -80.61038240669518, 43.575715701708894 ], [ -80.610369905606163, 43.575724606527444 ], [ -80.609545617365711, 43.580629094234411 ], [ -80.609474477214604, 43.580906131644817 ], [ -80.609448407415655, 43.582258506160848 ], [ -80.609604796516138, 43.582961390698514 ], [ -80.609615309785681, 43.583258533065106 ], [ -80.609525540838462, 43.58374442866166 ], [ -80.608200420647094, 43.587530820905442 ], [ -80.608096204806841, 43.588313821236419 ], [ -80.608142936354255, 43.588755134093944 ], [ -80.608169862981825, 43.588846427094474 ], [ -80.608011842157566, 43.589102236578078 ], [ -80.60738545467494, 43.593710581855696 ], [ -80.607334840370086, 43.594082998653995 ], [ -80.607475290291632, 43.594281106853053 ], [ -80.607475099571602, 43.594281311551512 ], [ -80.607212110031867, 43.594730588724936 ], [ -80.60702189093098, 43.595396206491536 ], [ -80.606300694551138, 43.599607687840482 ], [ -80.606212009868116, 43.599904505792324 ], [ -80.606154728499462, 43.600019025832943 ], [ -80.606072725977171, 43.600895596165849 ], [ -80.60578854935315, 43.602528495950587 ], [ -80.605661992276637, 43.602540831473533 ], [ -80.605497660481248, 43.602659132035321 ], [ -80.60548840206512, 43.602665807948597 ], [ -80.605524587391656, 43.602711390263096 ], [ -80.605609686768503, 43.602963792846921 ], [ -80.605632500816341, 43.603261087822787 ], [ -80.60548961425674, 43.604277993933181 ], [ -80.603531903743587, 43.615580404051968 ], [ -80.602898151261584, 43.618930683315632 ], [ -80.602859871830844, 43.619065844567835 ], [ -80.602805789443636, 43.619125503006821 ], [ -80.602413932738585, 43.62129204309489 ], [ -80.602180769423512, 43.622580909755705 ], [ -80.602143567429991, 43.622786348128997 ], [ -80.600571089685545, 43.631477356285977 ], [ -80.59996189757797, 43.634843443011626 ], [ -80.59971388532206, 43.636213877813503 ], [ -80.599679925192575, 43.636226423453195 ], [ -80.599656270875514, 43.636430960700004 ], [ -80.599651291625179, 43.636558732326094 ], [ -80.599625903847127, 43.637210127442756 ], [ -80.599487312601752, 43.637462516565201 ], [ -80.599549710430168, 43.637520390226591 ], [ -80.599592488442624, 43.637599305498966 ], [ -80.599610993187042, 43.637700901908147 ], [ -80.599610405048452, 43.63778920173305 ], [ -80.599195210844286, 43.640025698982214 ], [ -80.599128380993307, 43.640376309898052 ], [ -80.599049713756798, 43.640800012567325 ], [ -80.599049390936912, 43.640811295191654 ], [ -80.598002717214229, 43.647685089531549 ], [ -80.597900812480489, 43.647885409212449 ], [ -80.597775506588775, 43.648261693759423 ], [ -80.595605187835318, 43.661077295754765 ], [ -80.595477499452102, 43.661625992394818 ], [ -80.595352209970827, 43.66181469149646 ], [ -80.595090189818251, 43.662038901842351 ], [ -80.591936703542231, 43.664341690538045 ], [ -80.5901789113543, 43.665668009607494 ], [ -80.58953069066456, 43.66614289444621 ], [ -80.589486264249032, 43.666174819220089 ], [ -80.5894185135421, 43.666223505702348 ], [ -80.589375471312266, 43.666254947242642 ], [ -80.584793510542511, 43.669601314065162 ], [ -80.574157304547029, 43.677431696747021 ], [ -80.573970290427312, 43.677566104912145 ], [ -80.57253500148137, 43.67861400231488 ], [ -80.565190198652132, 43.683988900268623 ], [ -80.557543413435312, 43.6895960054499 ], [ -80.545325913279186, 43.680760191778162 ], [ -80.544573689191935, 43.68014489820537 ], [ -80.544566218371443, 43.680137595112122 ], [ -80.544180079219018, 43.67987134783656 ], [ -80.541917922051397, 43.678311454641332 ], [ -80.539523499275958, 43.676660198592508 ], [ -80.539071813081108, 43.67635640379617 ], [ -80.522445079190732, 43.664108465448663 ], [ -80.521130536485401, 43.663105555007405 ], [ -80.519006458755157, 43.661456565158531 ], [ -80.518979859770212, 43.661446781050415 ], [ -80.51876980630793, 43.661346873123172 ], [ -80.518572511713259, 43.661201969519382 ], [ -80.518424410219978, 43.661111293787187 ], [ -80.518328143221325, 43.661056286009043 ], [ -80.518313308640444, 43.661047812234763 ], [ -80.518288642414163, 43.661029682642777 ], [ -80.518288665311886, 43.661027185250468 ], [ -80.518288789310773, 43.661011688860945 ], [ -80.518375971084268, 43.660967022535949 ], [ -80.518388451052971, 43.660958093540245 ], [ -80.518466856654342, 43.660908859293308 ], [ -80.517934114598091, 43.660554858402065 ], [ -80.516712768547052, 43.659743260754198 ], [ -80.514933074211044, 43.658560542013696 ], [ -80.510741786090279, 43.655774895239269 ], [ -80.503259386927922, 43.650375398860795 ], [ -80.499979416855183, 43.64794822895054 ], [ -80.490982704111318, 43.641714574169285 ], [ -80.489424512852551, 43.640634665743093 ], [ -80.480075490559955, 43.633643786522732 ], [ -80.479292895362477, 43.633161615362013 ], [ -80.476194055603898, 43.631252280363881 ], [ -80.475933360096477, 43.631086787060852 ], [ -80.475635344973313, 43.630876125407276 ], [ -80.475090773531974, 43.630036970017215 ], [ -80.475031490348769, 43.630019887487464 ], [ -80.474791206781816, 43.62988189905721 ], [ -80.472525304561543, 43.628250996281018 ], [ -80.469914019434157, 43.626366091357809 ], [ -80.46197458792517, 43.620589201518243 ], [ -80.455136298736932, 43.615653790061394 ], [ -80.448352116223788, 43.610804097802088 ], [ -80.44230768852843, 43.606461786344973 ], [ -80.442221411654543, 43.606407311940458 ], [ -80.438945507564227, 43.604044593728055 ], [ -80.437571680526432, 43.603070909346052 ], [ -80.437298303830829, 43.602882103424889 ], [ -80.433114415429586, 43.599847993495558 ], [ -80.426431707924095, 43.595019999060035 ], [ -80.425336592589531, 43.594231104380469 ], [ -80.425294172248158, 43.594199883275678 ], [ -80.42522591, 43.594149607520698 ], [ -80.425183344619128, 43.594118545773853 ], [ -80.421549407829687, 43.591467488529695 ], [ -80.420024530329414, 43.590365346178331 ], [ -80.419927856077521, 43.590155452802463 ], [ -80.41410448491358, 43.586172048179449 ], [ -80.413694962063019, 43.585891897858303 ], [ -80.410436964582274, 43.583662820310529 ], [ -80.410063326118873, 43.583407146917828 ], [ -80.409749249463204, 43.58319224149902 ], [ -80.409635851017043, 43.583109597321531 ], [ -80.409342332717884, 43.582897539186654 ] ] ] } },
{ "type": "Feature", "properties": { "csduid": "3530020", "district": "Wilmot", "district_type": "Township", "population": 22890.0, "area_sq_km": 265.7698092621639, "density_per_sq_km": 86.127164193509145, "label_room_km": 7.3631387780364603, "label_lon": -80.646155062027745, "label_lat": 43.392373784550919 }, "geometry": { "type": "Polygon", "coordinates": [ [ [ -80.613126690013701, 43.468079097386799 ], [ -80.611160002500185, 43.4662986104872 ], [ -80.610939090115409, 43.466045686700184 ], [ -80.609365291100772, 43.46470769939571 ], [ -80.607263801697385, 43.462791594125065 ], [ -80.606745199489083, 43.462326737149624 ], [ -80.60608389707474, 43.461734009479109 ], [ -80.605039412232486, 43.460775908333183 ], [ -80.603060914211341, 43.458995211799724 ], [ -80.601044435376039, 43.457169225773207 ], [ -80.599657194340566, 43.455912910853144 ], [ -80.598446457622799, 43.454825709912932 ], [ -80.597150587268374, 43.453661997331025 ], [ -80.596744142372643, 43.453290370070889 ], [ -80.595885205036041, 43.452504993295811 ], [ -80.594767303075173, 43.451483488445497 ], [ -80.592998213062913, 43.449892494053607 ], [ -80.59081169988761, 43.447894707987892 ], [ -80.587286505193589, 43.444694502645028 ], [ -80.586709294131907, 43.444161087530318 ], [ -80.58418069409511, 43.441862887402266 ], [ -80.582245129208118, 43.440096991972339 ], [ -80.581507517677039, 43.43942401576254 ], [ -80.581299469633024, 43.439234206772369 ], [ -80.581018579099393, 43.438977901814631 ], [ -80.57529114401791, 43.43375123692671 ], [ -80.574980591970316, 43.433464837577432 ], [ -80.574103822468643, 43.432659873833295 ], [ -80.567020461533019, 43.426235122582085 ], [ -80.566945026373162, 43.42616666974569 ], [ -80.560669301786405, 43.420472603522562 ], [ -80.558533894922903, 43.418528404324348 ], [ -80.556779188207045, 43.416918794635905 ], [ -80.556423594719362, 43.416566288073554 ], [ -80.556100472690247, 43.416301713042351 ], [ -80.556092006576662, 43.416294794275466 ], [ -80.554699107242072, 43.415043506197165 ], [ -80.554237893731027, 43.414626291058703 ], [ -80.554144604028608, 43.414583897591015 ], [ -80.551713106371565, 43.412484804457414 ], [ -80.551549595906664, 43.412319993405589 ], [ -80.551304299555937, 43.412082900754029 ], [ -80.550939111134127, 43.411737291553322 ], [ -80.550301104517089, 43.41114549895903 ], [ -80.54936641605687, 43.410241399958629 ], [ -80.549127095477118, 43.409991503030845 ], [ -80.549024499080602, 43.409910095437716 ], [ -80.548820102721123, 43.409720960966787 ], [ -80.548447884183574, 43.409376508181445 ], [ -80.548350635461844, 43.409286041838222 ], [ -80.54824511222678, 43.409187890995042 ], [ -80.548074061969587, 43.40903319386053 ], [ -80.547974912241571, 43.408943497020594 ], [ -80.547343789663785, 43.408372687698062 ], [ -80.547233515032971, 43.408264204418131 ], [ -80.546680168437419, 43.40776948114668 ], [ -80.54665680001871, 43.407748605806844 ], [ -80.545148107022086, 43.406355990491356 ], [ -80.543676196682298, 43.405008405353698 ], [ -80.54239606580569, 43.403856595723461 ], [ -80.542228691905606, 43.403705986590296 ], [ -80.540872486768535, 43.402439192962049 ], [ -80.539334290587391, 43.401047106644 ], [ -80.538953905803069, 43.400721412453819 ], [ -80.537887191213315, 43.399708608038054 ], [ -80.537673612757274, 43.399506060410225 ], [ -80.537152490763148, 43.399334663862163 ], [ -80.53606934579139, 43.398042659534781 ], [ -80.53559825079158, 43.397616242546583 ], [ -80.534772288805399, 43.396868605602712 ], [ -80.53425720760977, 43.39640730705063 ], [ -80.533202692948336, 43.395430491208636 ], [ -80.53103238873824, 43.393449608365358 ], [ -80.530738090291408, 43.393178294414014 ], [ -80.529683362511719, 43.392231623155745 ], [ -80.528530896565769, 43.391197211442034 ], [ -80.52693701798222, 43.389758891869512 ], [ -80.526152406189524, 43.389035301589267 ], [ -80.525343084592762, 43.38832060963891 ], [ -80.523822904575738, 43.386945599586639 ], [ -80.522744106228942, 43.385959593290124 ], [ -80.520611293674108, 43.383996809221443 ], [ -80.518503110263126, 43.38206989759572 ], [ -80.517326287759772, 43.381020501649033 ], [ -80.516738099199344, 43.380468703873959 ], [ -80.516530096742301, 43.380233710617446 ], [ -80.516360390765271, 43.379836790508456 ], [ -80.515961004881561, 43.378835610286671 ], [ -80.515488987139733, 43.377644993493298 ], [ -80.514774012005248, 43.375976199251319 ], [ -80.514532088029668, 43.375353794148062 ], [ -80.513878306953387, 43.373757311869745 ], [ -80.513624104801281, 43.373125903373307 ], [ -80.513042906354514, 43.371709706852563 ], [ -80.512704203537652, 43.370852803327239 ], [ -80.512352887270964, 43.370013909318722 ], [ -80.512292698439353, 43.369824607863528 ], [ -80.511784790426077, 43.368516687984346 ], [ -80.51128910253621, 43.367236009322774 ], [ -80.510611087357304, 43.365594308230456 ], [ -80.510187684127999, 43.364529901255104 ], [ -80.509643211943384, 43.363176893444063 ], [ -80.509147105770651, 43.361950203551359 ], [ -80.50866278836844, 43.360786492965609 ], [ -80.508226516351527, 43.359794100788022 ], [ -80.507839389309424, 43.358837989714225 ], [ -80.50735661066868, 43.357494310914269 ], [ -80.506872792501852, 43.356276607957113 ], [ -80.506413105822844, 43.355139992927832 ], [ -80.5060995904186, 43.354238192723258 ], [ -80.5059546068656, 43.353859388852236 ], [ -80.505240901290676, 43.352100396359965 ], [ -80.503632596036809, 43.348068396122464 ], [ -80.51553018449242, 43.346102400845609 ], [ -80.525093204295104, 43.344481297685697 ], [ -80.530929695880261, 43.343497549900448 ], [ -80.530994596064772, 43.343486594840364 ], [ -80.531081410119995, 43.343472406999879 ], [ -80.531198838049477, 43.343453251547963 ], [ -80.531216912145922, 43.343450303669137 ], [ -80.531293191072507, 43.343437507265826 ], [ -80.533667992870051, 43.343038302537522 ], [ -80.536652694474171, 43.342533611850314 ], [ -80.536661655785835, 43.342532089237608 ], [ -80.541226206949162, 43.341760199287492 ], [ -80.541244329109347, 43.341757332254666 ], [ -80.546837054795176, 43.340873949828499 ], [ -80.546855612329907, 43.340871011529742 ], [ -80.546887172099332, 43.340866010342239 ], [ -80.55039120736825, 43.340310804676648 ], [ -80.552884799963451, 43.339900989207941 ], [ -80.552960441878611, 43.339888728816547 ], [ -80.557368887127865, 43.339173989705309 ], [ -80.564485088099005, 43.338021102019788 ], [ -80.568058696929825, 43.337486900511543 ], [ -80.573412385527106, 43.336716098727969 ], [ -80.575348311144708, 43.336395201545777 ], [ -80.575445502964286, 43.336379097942249 ], [ -80.582779502084861, 43.335182794745798 ], [ -80.585291995544551, 43.334781893479274 ], [ -80.590044268549434, 43.334023762804016 ], [ -80.590104182676157, 43.334014204074855 ], [ -80.590471135138174, 43.333951868041801 ], [ -80.590534485156084, 43.333941102976169 ], [ -80.59461350698173, 43.333260797387894 ], [ -80.599754201580566, 43.332494005601667 ], [ -80.604531313227952, 43.331702008797023 ], [ -80.613177889085406, 43.330169894805337 ], [ -80.619264508124971, 43.329016198980071 ], [ -80.619517991361022, 43.328984609409545 ], [ -80.624925713781309, 43.328044192098723 ], [ -80.629961390545944, 43.327210138670786 ], [ -80.629974986456048, 43.327207887241656 ], [ -80.630049984958092, 43.327196882756489 ], [ -80.630059389346272, 43.327195511046128 ], [ -80.633204796732485, 43.326703293143318 ], [ -80.633332699907811, 43.32668560673951 ], [ -80.633431036720864, 43.326677716710492 ], [ -80.633496108469046, 43.326672495151627 ], [ -80.633620703195248, 43.326660208552227 ], [ -80.63391648475384, 43.32661326177773 ], [ -80.634245899622655, 43.326560994054546 ], [ -80.634516019882611, 43.326519563735069 ], [ -80.640162984622876, 43.32565299872725 ], [ -80.642866484145088, 43.32526710723819 ], [ -80.643053143515559, 43.325238290204979 ], [ -80.643614093191857, 43.32515170875056 ], [ -80.646285699864805, 43.324739109917836 ], [ -80.648367110885957, 43.324395010108489 ], [ -80.649577007305879, 43.324195010853437 ], [ -80.654788618209736, 43.323388090431024 ], [ -80.657882087427382, 43.322907910004048 ], [ -80.658493102401891, 43.322808195234451 ], [ -80.662101388427359, 43.322225686292363 ], [ -80.665051100020264, 43.321760403700189 ], [ -80.665104989767428, 43.32175105924955 ], [ -80.665528510601035, 43.321677708888579 ], [ -80.666026405934801, 43.321591511392732 ], [ -80.666329102080596, 43.321538997273308 ], [ -80.668551712691155, 43.321179193510488 ], [ -80.671501289574792, 43.320720008682372 ], [ -80.676297142901802, 43.31996875619491 ], [ -80.676384983118723, 43.319955002826823 ], [ -80.677542009679598, 43.31976599199384 ], [ -80.680061604494711, 43.319354207572573 ], [ -80.683329184102817, 43.318821196817233 ], [ -80.686655006954979, 43.318287989673365 ], [ -80.690488225142957, 43.317667868418852 ], [ -80.690494900821378, 43.31766679893299 ], [ -80.690724832122484, 43.317629597590262 ], [ -80.690851610352766, 43.317609091020891 ], [ -80.691038006915647, 43.317579713278491 ], [ -80.691503207321176, 43.317508010555066 ], [ -80.691963113364395, 43.317436994097037 ], [ -80.695282814871959, 43.316932708899699 ], [ -80.697691085606934, 43.316566905995415 ], [ -80.702026695671165, 43.315903690959537 ], [ -80.704386285100895, 43.315539891775501 ], [ -80.707370996449541, 43.315078902455554 ], [ -80.709541115226003, 43.314751191663461 ], [ -80.709924509480018, 43.314695312910956 ], [ -80.710269447931395, 43.314640871430456 ], [ -80.710274991, 43.314640010393532 ], [ -80.713043198233308, 43.314226789929293 ], [ -80.714343801966223, 43.314032590029719 ], [ -80.716508604612187, 43.313709403678558 ], [ -80.720446511455918, 43.313121295940391 ], [ -80.724477185723444, 43.312518489293112 ], [ -80.730251076442244, 43.311663242692262 ], [ -80.730391797996248, 43.311642397341473 ], [ -80.730473602579238, 43.311629774528477 ], [ -80.730540884107114, 43.311619399430853 ], [ -80.734919985998047, 43.310980996556246 ], [ -80.735028400927078, 43.317115511875016 ], [ -80.735030987148789, 43.318329977507318 ], [ -80.735031009662848, 43.318332907820249 ], [ -80.735043302923103, 43.319375712367929 ], [ -80.735041916506177, 43.319699891928096 ], [ -80.735040099107195, 43.320096107550143 ], [ -80.73507180427184, 43.321320790609867 ], [ -80.735083791622031, 43.321410798031948 ], [ -80.735153398163646, 43.325246990327152 ], [ -80.735224389379368, 43.328785890969939 ], [ -80.735294001314401, 43.330769000646789 ], [ -80.73530201787392, 43.33138999690663 ], [ -80.735341712756423, 43.333009299976503 ], [ -80.735412897822258, 43.33650329759601 ], [ -80.735429813790475, 43.338373799019585 ], [ -80.735458095349486, 43.340312307256596 ], [ -80.735536671062206, 43.344729225162318 ], [ -80.735537401032332, 43.344769697337448 ], [ -80.735693611656671, 43.348587990943322 ], [ -80.73578671211466, 43.353337404868931 ], [ -80.735779291140673, 43.353456593518324 ], [ -80.735799885141191, 43.353826207040314 ], [ -80.735823313921856, 43.353881575804344 ], [ -80.735882013409963, 43.354020192397101 ], [ -80.736039304641793, 43.354234593647959 ], [ -80.735944910243987, 43.354502502858807 ], [ -80.735876392982064, 43.354792489751652 ], [ -80.735869913293598, 43.355082613668202 ], [ -80.735869798294132, 43.355086112350548 ], [ -80.735861492680385, 43.355386796304565 ], [ -80.735883186745284, 43.356080207499843 ], [ -80.735893305420063, 43.356602509900846 ], [ -80.735928099496832, 43.357106788363303 ], [ -80.735993598894098, 43.359070005461774 ], [ -80.73612680206945, 43.362518998938008 ], [ -80.736302404206583, 43.367570909605021 ], [ -80.736324714536195, 43.368120300572805 ], [ -80.736302797298706, 43.368371608975785 ], [ -80.736352406115998, 43.369098988657122 ], [ -80.736421704741943, 43.371128449131987 ], [ -80.736422601191833, 43.371154994582731 ], [ -80.736518604875911, 43.374640000588727 ], [ -80.736667088470227, 43.380250095630963 ], [ -80.73686339567378, 43.386256490537939 ], [ -80.736833906811896, 43.387355008488612 ], [ -80.736981409442308, 43.393217295063579 ], [ -80.737040410810053, 43.395876003841913 ], [ -80.737115785802985, 43.399268589053833 ], [ -80.737143688921449, 43.401384708700022 ], [ -80.737235607652508, 43.402978690399451 ], [ -80.737206491558879, 43.404375100371382 ], [ -80.737211125262448, 43.404775622253986 ], [ -80.737214285238949, 43.405049692132735 ], [ -80.737224096690667, 43.405635005771572 ], [ -80.737242406058328, 43.407111705981798 ], [ -80.737315102872003, 43.407454104335372 ], [ -80.73742520984338, 43.407679389580473 ], [ -80.737646303259154, 43.407959089085352 ], [ -80.738580786468958, 43.408933702818722 ], [ -80.739749012220443, 43.410124995219242 ], [ -80.741027886037969, 43.411451494741712 ], [ -80.7423929879171, 43.412850305080063 ], [ -80.743856510250026, 43.414366311825034 ], [ -80.744364473918068, 43.414884513548841 ], [ -80.744526796444745, 43.415050097493008 ], [ -80.746083596138504, 43.416660387961969 ], [ -80.746220904204733, 43.416830489774476 ], [ -80.746299412804106, 43.416988920217307 ], [ -80.747346525327814, 43.418002947281089 ], [ -80.74738619404701, 43.418036195854768 ], [ -80.752103188946478, 43.422892886010651 ], [ -80.752340899471889, 43.423108088788474 ], [ -80.752708992909803, 43.423375594679136 ], [ -80.753435405203888, 43.423730993395829 ], [ -80.753355398875513, 43.423854889009043 ], [ -80.75332371086408, 43.423956299249575 ], [ -80.753337302492326, 43.424113706688097 ], [ -80.753410483436468, 43.424277405707471 ], [ -80.753568689512733, 43.424470202357732 ], [ -80.759158904039808, 43.430373403867748 ], [ -80.760549286930299, 43.431816987949809 ], [ -80.762070489714773, 43.433420139563616 ], [ -80.767219110666176, 43.438845207867914 ], [ -80.767440683231186, 43.439070798850601 ], [ -80.771120865965358, 43.442886949961284 ], [ -80.771121005598246, 43.442887095235726 ], [ -80.772808140105525, 43.444647822588223 ], [ -80.774094486961516, 43.44599018748751 ], [ -80.778335284755812, 43.450383902690341 ], [ -80.78704920994403, 43.459382505486985 ], [ -80.787810003513826, 43.460168499425144 ], [ -80.787860084835998, 43.460219694597519 ], [ -80.78860609249017, 43.460983486661739 ], [ -80.788727504019789, 43.461088395594132 ], [ -80.788958208048157, 43.461338404880742 ], [ -80.789205196372919, 43.461658097637169 ], [ -80.790662889835957, 43.462975124827651 ], [ -80.791321735729412, 43.463570395674054 ], [ -80.793998233052335, 43.466605085264149 ], [ -80.794083254909111, 43.466759576624675 ], [ -80.794453491496071, 43.46703312315438 ], [ -80.794770780767251, 43.467267590263539 ], [ -80.795018315462627, 43.467450459618476 ], [ -80.795498677109066, 43.467805295894763 ], [ -80.795638102909862, 43.467908146105231 ], [ -80.795835505718941, 43.468053748125875 ], [ -80.795835685391495, 43.468053873016572 ], [ -80.796157427273869, 43.468271253804836 ], [ -80.79636555711491, 43.468411835146924 ], [ -80.795722142062246, 43.468245055450289 ], [ -80.795463613705749, 43.468226617387238 ], [ -80.794613799890655, 43.468279005963112 ], [ -80.791435137477222, 43.468468296707144 ], [ -80.79135865013356, 43.468471793114226 ], [ -80.791319148534967, 43.468473609367088 ], [ -80.791230343267074, 43.468477718002333 ], [ -80.791106914471783, 43.468483427151057 ], [ -80.791065044628056, 43.468485347403622 ], [ -80.784421474157853, 43.468876080850933 ], [ -80.784050081426003, 43.46889787737053 ], [ -80.784049865956277, 43.468897900689292 ], [ -80.783380854216546, 43.468937218666042 ], [ -80.782992635395402, 43.468960037459276 ], [ -80.782743840953302, 43.468976966563019 ], [ -80.782683614429843, 43.468979152804337 ], [ -80.782372014235548, 43.468967701923994 ], [ -80.782062989074547, 43.46894010014308 ], [ -80.779787499729636, 43.469124788872172 ], [ -80.772306103000275, 43.469596399864393 ], [ -80.770760300092547, 43.469692304509408 ], [ -80.770757273363557, 43.469692527340747 ], [ -80.770141990317924, 43.469736096194339 ], [ -80.768983144226723, 43.469808229903705 ], [ -80.766357889407331, 43.469971597408055 ], [ -80.765331497191909, 43.470032494153841 ], [ -80.764305087846267, 43.470102394348913 ], [ -80.763587783036343, 43.470146010522697 ], [ -80.763477760823008, 43.470153047006924 ], [ -80.763451792606304, 43.470154704260764 ], [ -80.760323094826731, 43.47035530091182 ], [ -80.759036905743685, 43.47044260892141 ], [ -80.758839099654409, 43.470451198487979 ], [ -80.753298807411596, 43.470808612971439 ], [ -80.743009904342799, 43.471389196811387 ], [ -80.74023958577034, 43.47160800647211 ], [ -80.724173697810542, 43.472812997044919 ], [ -80.72233090762613, 43.472943594299572 ], [ -80.690903782739454, 43.474979007253772 ], [ -80.687997208431824, 43.475160210817492 ], [ -80.687811703168293, 43.475168706042673 ], [ -80.687601392653221, 43.475186095325149 ], [ -80.677246075426623, 43.475852274973875 ], [ -80.677001483600279, 43.475868004808575 ], [ -80.676445299791737, 43.475839396321362 ], [ -80.676039237683739, 43.47577156517017 ], [ -80.675720402968579, 43.475996678073614 ], [ -80.660438045893656, 43.477126883549353 ], [ -80.632787559396192, 43.479123846639034 ], [ -80.626184206685437, 43.479747092976787 ], [ -80.625631313547942, 43.479178003184145 ], [ -80.625065287859186, 43.478726006755458 ], [ -80.624487415053025, 43.478192803298057 ], [ -80.623933799259746, 43.477740807362196 ], [ -80.623626413603816, 43.477451593676875 ], [ -80.622802696218997, 43.476692595500296 ], [ -80.622182904562422, 43.476096099907863 ], [ -80.622126713577444, 43.476042001683666 ], [ -80.619581397045181, 43.473791496588106 ], [ -80.618277899924564, 43.472661588183598 ], [ -80.617908795081561, 43.472372194088166 ], [ -80.617380498953906, 43.471848195214804 ], [ -80.616544203481752, 43.47113410450968 ], [ -80.615302810644607, 43.469986391634819 ], [ -80.614626491390496, 43.46940780868136 ], [ -80.613852089805548, 43.468702895049063 ], [ -80.613126690013701, 43.468079097386799 ] ] ] } },
{ "type": "Feature", "properties": { "csduid": "3530004", "district": "North Dumfries", "district_type": "Township", "population": 13051.0, "area_sq_km": 190.65719328263143, "density_per_sq_km": 68.452701811534141, "label_room_km": 5.0473195709167049, "label_lon": -80.405343458715379, "label_lat": 43.324655661679451 }, "geometry": { "type": "Polygon", "coordinates": [ [ [ -80.218651551182376, 43.338445619472864 ], [ -80.231256111029921, 43.336397014068972 ], [ -80.233458638425475, 43.336038841905165 ], [ -80.235950503533559, 43.33563164389431 ], [ -80.237583281254501, 43.335364781878845 ], [ -80.243261717097212, 43.334375174906597 ], [ -80.248486214606416, 43.333585763779318 ], [ -80.247065046749995, 43.329622174880782 ], [ -80.247062937403598, 43.329616435022196 ], [ -80.24511780346873, 43.324350466213403 ], [ -80.245088547010326, 43.324329618429893 ], [ -80.244449608133593, 43.322646536947275 ], [ -80.243811302738933, 43.320909552821263 ], [ -80.239098829914056, 43.308201095635695 ], [ -80.23890463923793, 43.307544834551656 ], [ -80.238434794784439, 43.306533902251005 ], [ -80.238441904545141, 43.30653091120849 ], [ -80.24019668791685, 43.306209406837233 ], [ -80.244620314614508, 43.305446307157496 ], [ -80.247424814324788, 43.304996589954563 ], [ -80.250476407085102, 43.304494296978426 ], [ -80.253713704896256, 43.30393020993106 ], [ -80.253983079608261, 43.303880049093337 ], [ -80.256049293607205, 43.30349521156031 ], [ -80.256506699792055, 43.303390104195124 ], [ -80.260076389348768, 43.30285498852318 ], [ -80.264499201065419, 43.302118090042697 ], [ -80.271899005833845, 43.300895803043062 ], [ -80.27481449387416, 43.300401099954051 ], [ -80.282634314134455, 43.299072706351431 ], [ -80.283869410481373, 43.298882306087187 ], [ -80.284647811980847, 43.298734097392881 ], [ -80.287019483689335, 43.298343703064234 ], [ -80.288341597542072, 43.298090808122446 ], [ -80.290589591312582, 43.297726590299774 ], [ -80.294456495215002, 43.297021089776592 ], [ -80.295617084051301, 43.296866195518838 ], [ -80.297308783367427, 43.296624505852542 ], [ -80.299260998083625, 43.296249300684138 ], [ -80.304631608214194, 43.295332992959018 ], [ -80.307120597526549, 43.294889303151919 ], [ -80.308183190525014, 43.294714425447516 ], [ -80.308975581243246, 43.294584005281465 ], [ -80.308981998477165, 43.294582904284574 ], [ -80.30960539845708, 43.294477402371776 ], [ -80.310035996274109, 43.294407999344003 ], [ -80.310157297675474, 43.294406209426683 ], [ -80.310215504279697, 43.294419193395541 ], [ -80.311573119701748, 43.294180736066423 ], [ -80.314822200440929, 43.293576710928015 ], [ -80.315208535820517, 43.293490670164026 ], [ -80.315511052719657, 43.293423302159411 ], [ -80.318609996357438, 43.29249607771618 ], [ -80.319036121475222, 43.292401546730346 ], [ -80.319132051918373, 43.292377409602331 ], [ -80.319719003530196, 43.292229675412301 ], [ -80.31987914703511, 43.292188639622339 ], [ -80.320725253291357, 43.292004806202627 ], [ -80.3282322341217, 43.290863646641725 ], [ -80.339643691968547, 43.289184640919871 ], [ -80.343166997167572, 43.288665907915004 ], [ -80.348220303609708, 43.287778279981417 ], [ -80.348442101397907, 43.287739303935169 ], [ -80.3486639054411, 43.287698213404788 ], [ -80.353764183390865, 43.286836197510219 ], [ -80.359310985196856, 43.28590320642332 ], [ -80.364315409497337, 43.285032792399505 ], [ -80.366376095863131, 43.284698501489331 ], [ -80.3678526886154, 43.284434506566654 ], [ -80.369647292046707, 43.284132106240207 ], [ -80.371344492990147, 43.283868619037683 ], [ -80.372679000042098, 43.283661404352962 ], [ -80.374267495138596, 43.283402489346301 ], [ -80.375435995057472, 43.28317690325138 ], [ -80.376675388831544, 43.282991997325134 ], [ -80.377462188070254, 43.282850510305011 ], [ -80.378037593451126, 43.282750009870895 ], [ -80.378130604493961, 43.282734495955843 ], [ -80.378160077815238, 43.282729587540608 ], [ -80.380073986306968, 43.28241050272068 ], [ -80.380923329717376, 43.282260872292923 ], [ -80.382343792832188, 43.282010595358386 ], [ -80.38363110319456, 43.28180929012462 ], [ -80.384505914359551, 43.28167400453458 ], [ -80.385191182107334, 43.281590708695092 ], [ -80.385448400601987, 43.281558408391533 ], [ -80.385675850045715, 43.281512941546822 ], [ -80.385710779122633, 43.281512707007323 ], [ -80.38932380681716, 43.280809395335346 ], [ -80.392965520531263, 43.280155272110036 ], [ -80.394736909119914, 43.279964460167605 ], [ -80.395159796936255, 43.279879077216286 ], [ -80.395310799108472, 43.279859706211255 ], [ -80.395454398625432, 43.279834508542557 ], [ -80.395982915168375, 43.279741793749956 ], [ -80.405889917854552, 43.278132196081778 ], [ -80.41286478321129, 43.276916607184063 ], [ -80.417764148782169, 43.276039357577027 ], [ -80.417802903601981, 43.276032410491311 ], [ -80.420999315274656, 43.275523006815959 ], [ -80.429689701805714, 43.274012197692919 ], [ -80.430812993004551, 43.273819703242147 ], [ -80.432788025443912, 43.273465226893599 ], [ -80.43515811479098, 43.273039798734608 ], [ -80.435701316885769, 43.272934399507037 ], [ -80.438414803890382, 43.272474572941555 ], [ -80.43974254411404, 43.272249531498993 ], [ -80.441897212314998, 43.271884296016523 ], [ -80.444970585604253, 43.271340909500744 ], [ -80.44841660068353, 43.270755605350146 ], [ -80.454609500334669, 43.269703396343331 ], [ -80.457099610014978, 43.269239494776919 ], [ -80.457354208697112, 43.269200208850648 ], [ -80.457549011786156, 43.269167466048145 ], [ -80.471038385864645, 43.266898989100454 ], [ -80.471456943055671, 43.266818560008829 ], [ -80.471543013221151, 43.266802011894896 ], [ -80.472782396727865, 43.269899088845364 ], [ -80.47423261161822, 43.273570700193453 ], [ -80.474586657925187, 43.274450288737881 ], [ -80.474594513049396, 43.274469792744021 ], [ -80.474677494268889, 43.274676497778998 ], [ -80.474681532572717, 43.274686506387042 ], [ -80.474805885824154, 43.274996204493206 ], [ -80.474889650126187, 43.275204821495514 ], [ -80.47489389771502, 43.275215392638763 ], [ -80.475459411707462, 43.276632995783778 ], [ -80.476293511483277, 43.278782400270607 ], [ -80.477204807102481, 43.281098400357742 ], [ -80.477801192384092, 43.282625308168541 ], [ -80.478739919080283, 43.284910024350872 ], [ -80.478743912858889, 43.284919797930485 ], [ -80.479596982495721, 43.28699600496514 ], [ -80.480155283007221, 43.288407906097902 ], [ -80.480162743165494, 43.288426772308412 ], [ -80.480165309947409, 43.288433300860248 ], [ -80.483247074288855, 43.296256014103427 ], [ -80.483247505284353, 43.296257089890624 ], [ -80.483351283185627, 43.296526021442574 ], [ -80.483491695803281, 43.296889782689441 ], [ -80.483496089534384, 43.296901188412392 ], [ -80.48366561171818, 43.297358912549257 ], [ -80.483671216290887, 43.297374018740207 ], [ -80.484285718395668, 43.299032890043641 ], [ -80.48482569347226, 43.300627588967743 ], [ -80.484882113046453, 43.300717747909424 ], [ -80.484972355499778, 43.300837082224312 ], [ -80.48542041434915, 43.301824501327381 ], [ -80.488165285857846, 43.308774599781692 ], [ -80.488424784741895, 43.309486197141979 ], [ -80.489048523334318, 43.311053234355988 ], [ -80.489071498065485, 43.311110906074717 ], [ -80.489835111516157, 43.313061102742871 ], [ -80.491520197230003, 43.317493993909622 ], [ -80.493867881928594, 43.323407208005911 ], [ -80.493928106969861, 43.323587610995226 ], [ -80.493928012449103, 43.323596590713819 ], [ -80.494935303533794, 43.32622110535187 ], [ -80.496228797048119, 43.329499295061211 ], [ -80.497902207951185, 43.333744199582448 ], [ -80.498700597486533, 43.335752191269883 ], [ -80.499322508422381, 43.337323789454146 ], [ -80.503632596036809, 43.348068396122464 ], [ -80.505240901290676, 43.352100396359965 ], [ -80.5059546068656, 43.353859388852236 ], [ -80.503607205239589, 43.354209397978508 ], [ -80.501432609186836, 43.354551092610428 ], [ -80.499999296797938, 43.354778987449258 ], [ -80.499937504583841, 43.354787708594365 ], [ -80.499122005773799, 43.354928209912437 ], [ -80.496996409772464, 43.355297103460451 ], [ -80.489631003454221, 43.356588095093343 ], [ -80.488049204421387, 43.356860198067487 ], [ -80.48492240434129, 43.357413412411276 ], [ -80.483315688317376, 43.357694302732526 ], [ -80.482624096850344, 43.357817974685666 ], [ -80.481449502566505, 43.358027998249803 ], [ -80.481264084074695, 43.35805419653768 ], [ -80.476604693489747, 43.358879389478709 ], [ -80.475380982579665, 43.359098904437076 ], [ -80.474182203843895, 43.359309492907165 ], [ -80.46932521386195, 43.360115493137236 ], [ -80.466420691963364, 43.360615211136384 ], [ -80.465617301931275, 43.360755603747954 ], [ -80.452898514350593, 43.362964605031117 ], [ -80.452663699331822, 43.36299949927956 ], [ -80.446706292782338, 43.363961306640817 ], [ -80.446654167146676, 43.363971196938763 ], [ -80.442783748936975, 43.364705366614601 ], [ -80.439300689246295, 43.365365895462226 ], [ -80.436149559834234, 43.365905113055973 ], [ -80.434492007549238, 43.366188699639807 ], [ -80.434320060572645, 43.366231016284708 ], [ -80.422311894966626, 43.368351103396428 ], [ -80.421748371025629, 43.368444265745822 ], [ -80.419450520527306, 43.368824148217158 ], [ -80.41915019857808, 43.368878375332301 ], [ -80.413904657284476, 43.369825481868254 ], [ -80.413581515255046, 43.369881350697995 ], [ -80.407069588502736, 43.371007066179622 ], [ -80.406951941148805, 43.371026731940788 ], [ -80.394546149843208, 43.373101372639269 ], [ -80.392022186467742, 43.373539474849132 ], [ -80.391812007484816, 43.373579383974835 ], [ -80.381850039094573, 43.37547013886519 ], [ -80.381653641357204, 43.375499983783129 ], [ -80.377767884430739, 43.37608992891591 ], [ -80.376736646252937, 43.376288315887244 ], [ -80.371920824154373, 43.377214471599316 ], [ -80.369963685770841, 43.377590793573141 ], [ -80.367277670645606, 43.377997755379013 ], [ -80.369995566723276, 43.382959524688012 ], [ -80.371175393146132, 43.383020596561884 ], [ -80.371595086825138, 43.383031895811484 ], [ -80.371878902159267, 43.383042495174564 ], [ -80.377352493491173, 43.383240232613048 ], [ -80.377563415130936, 43.384223654575457 ], [ -80.377650481404103, 43.384629654306565 ], [ -80.377844814839975, 43.385535752570995 ], [ -80.37791947741205, 43.38591007486604 ], [ -80.376874839119111, 43.386712565363915 ], [ -80.374889701126094, 43.387335011799209 ], [ -80.373331813312362, 43.387351085434354 ], [ -80.371332974602993, 43.387115050688678 ], [ -80.369378583620588, 43.387593661456656 ], [ -80.368199836679651, 43.387527522839768 ], [ -80.366991444532999, 43.386784915347647 ], [ -80.366348979954466, 43.386390085271422 ], [ -80.364750043318239, 43.385728155133201 ], [ -80.364240025232178, 43.385398202385709 ], [ -80.363904597189631, 43.385181154457015 ], [ -80.363891655832219, 43.385184399402647 ], [ -80.36374334486122, 43.385201608758372 ], [ -80.363693968364004, 43.385201294891772 ], [ -80.363681652696656, 43.385201207470175 ], [ -80.36361995421511, 43.385191908976097 ], [ -80.36350886084368, 43.385191292294152 ], [ -80.363373154612503, 43.38518150471544 ], [ -80.363188351850781, 43.385144496201328 ], [ -80.362966661008784, 43.385098208761356 ], [ -80.362719954466911, 43.385078791189571 ], [ -80.362436261338857, 43.385050208468172 ], [ -80.362201864708965, 43.385030901698869 ], [ -80.362189555274256, 43.38503078940056 ], [ -80.362066140668844, 43.385021186092487 ], [ -80.361856853537958, 43.384965996713831 ], [ -80.361610447506479, 43.384919595480312 ], [ -80.361326941407398, 43.384872986258721 ], [ -80.361080443666339, 43.384835595003516 ], [ -80.360796966247307, 43.384789013255528 ], [ -80.36055026225803, 43.384769589575683 ], [ -80.360229666264743, 43.384731794155982 ], [ -80.359921265150248, 43.384711989595438 ], [ -80.359736067401514, 43.384710990461564 ], [ -80.359489537984373, 43.384673590228026 ], [ -80.359353561095531, 43.384690806090767 ], [ -80.359341153189391, 43.384690807696408 ], [ -80.359242555885373, 43.384681197195675 ], [ -80.359189899053902, 43.384676542928091 ], [ -80.35894841848193, 43.384654548547324 ], [ -80.35893518236621, 43.384644752958344 ], [ -80.35879418848269, 43.384633615215719 ], [ -80.358321212051592, 43.384278229840618 ], [ -80.356798788855926, 43.38441509442363 ], [ -80.353868424666402, 43.38501326623328 ], [ -80.353285408933502, 43.38516448983156 ], [ -80.350983457266238, 43.385761466754296 ], [ -80.349661274406742, 43.385978559731861 ], [ -80.348793604114022, 43.386121014776336 ], [ -80.346642528606992, 43.385974011242666 ], [ -80.345090809069163, 43.385364971042421 ], [ -80.343701618542994, 43.384667689866639 ], [ -80.342668837489313, 43.383855031082085 ], [ -80.341656974882113, 43.383117577087553 ], [ -80.341298810354928, 43.382481765278335 ], [ -80.34115581231184, 43.381595771155162 ], [ -80.340943084356553, 43.380277524531124 ], [ -80.340885773087393, 43.378887672207952 ], [ -80.340060923922465, 43.377890424261572 ], [ -80.339359906727054, 43.377237288090733 ], [ -80.337055112706111, 43.376268217327812 ], [ -80.337574034241015, 43.376163202432963 ], [ -80.337575532022839, 43.376162943814528 ], [ -80.338802318994411, 43.375985886357853 ], [ -80.341260125787272, 43.375243674742315 ], [ -80.348200528773091, 43.373969262155192 ], [ -80.34945380770786, 43.373824922367668 ], [ -80.348697164305179, 43.37196199673496 ], [ -80.345044224367584, 43.362181714239753 ], [ -80.344834380298593, 43.361638482679837 ], [ -80.344734367493359, 43.361379604961968 ], [ -80.344077995866328, 43.359680385237688 ], [ -80.344071412459357, 43.359105160230222 ], [ -80.344075391712821, 43.359105590085896 ], [ -80.344789987218135, 43.359208685604649 ], [ -80.345208001238547, 43.35935521113025 ], [ -80.345578151064188, 43.359541295068951 ], [ -80.346726256912774, 43.359043566683937 ], [ -80.347421871213442, 43.35879230779009 ], [ -80.348176273143878, 43.35856691912052 ], [ -80.350026639520962, 43.358020520112731 ], [ -80.34998119393525, 43.357831722881201 ], [ -80.349914292016635, 43.357512643053667 ], [ -80.349866477230009, 43.357348329826479 ], [ -80.349802016359519, 43.357090672140792 ], [ -80.348457844559817, 43.352485875294597 ], [ -80.347475564873307, 43.352574028426694 ], [ -80.34487924927312, 43.35287958909592 ], [ -80.344386771527482, 43.352941055970703 ], [ -80.342185012663037, 43.353206982879591 ], [ -80.342265186449012, 43.350186487308854 ], [ -80.342285264350238, 43.349451192161965 ], [ -80.342039410018543, 43.349305845507295 ], [ -80.343818582468586, 43.349005614197182 ], [ -80.342793676625504, 43.346645366506003 ], [ -80.34172865334223, 43.343948982107257 ], [ -80.341828373594353, 43.343373636415272 ], [ -80.341967149928593, 43.34230085813055 ], [ -80.34186491435068, 43.342131360417895 ], [ -80.34181416054497, 43.342052675143705 ], [ -80.342145060135593, 43.341986891841174 ], [ -80.339937384553124, 43.338070908312289 ], [ -80.339045011329077, 43.337925916192653 ], [ -80.338058365080428, 43.336409659200577 ], [ -80.335883129135865, 43.334906432098428 ], [ -80.331456034086756, 43.333202299706784 ], [ -80.329043981351077, 43.332934072519656 ], [ -80.326800493063104, 43.332684524713677 ], [ -80.32589055797439, 43.332614995478828 ], [ -80.323787378651403, 43.332592514042794 ], [ -80.321650566939809, 43.332639185185201 ], [ -80.320359122125964, 43.332809959135979 ], [ -80.319418254073753, 43.332907416420362 ], [ -80.319123947491136, 43.33294324454517 ], [ -80.318768020040622, 43.333009453501539 ], [ -80.318443543501857, 43.333069859198993 ], [ -80.317981454240297, 43.333155839210058 ], [ -80.317946944405861, 43.33316227608168 ], [ -80.317940246287378, 43.333163086116969 ], [ -80.317329382164189, 43.333238631886893 ], [ -80.316767704821032, 43.333308098622652 ], [ -80.31663179263812, 43.333330102311898 ], [ -80.31562742152272, 43.333483621888909 ], [ -80.314320066793528, 43.333285179123578 ], [ -80.313408698921023, 43.332835580709364 ], [ -80.309950475463808, 43.334553235882787 ], [ -80.303909975741561, 43.33555284085768 ], [ -80.299065623136045, 43.336372425808314 ], [ -80.298722053943791, 43.336426430398191 ], [ -80.290436829355798, 43.337789044571203 ], [ -80.290077310236043, 43.337847605106418 ], [ -80.289906131138764, 43.337858919780395 ], [ -80.289081048891632, 43.337822509490941 ], [ -80.28781840629614, 43.337854702827883 ], [ -80.285801669303382, 43.337890768197802 ], [ -80.282873363032266, 43.33789398762282 ], [ -80.281961844814958, 43.337923000580901 ], [ -80.279485200553623, 43.337766273554195 ], [ -80.278366013180317, 43.337820627441182 ], [ -80.277686634963914, 43.337834774934898 ], [ -80.277667779475593, 43.337849981131825 ], [ -80.277480903488595, 43.337839048272102 ], [ -80.277342279196532, 43.337830933398259 ], [ -80.27732239446857, 43.337842330376098 ], [ -80.277210435042605, 43.337844658467453 ], [ -80.277161191085369, 43.337848538212398 ], [ -80.275860283667669, 43.337928894253288 ], [ -80.274287674948695, 43.337863808289647 ], [ -80.273281456398934, 43.337775374453308 ], [ -80.269840926166523, 43.338305215375271 ], [ -80.268049186618555, 43.338990023459807 ], [ -80.266821712615808, 43.339610041974815 ], [ -80.265543430769981, 43.340844104462917 ], [ -80.264426232761195, 43.342214314041243 ], [ -80.264337601386543, 43.342323013528798 ], [ -80.264344347160744, 43.342338197668013 ], [ -80.264358659819408, 43.3424288904748 ], [ -80.264367243825404, 43.342482408343734 ], [ -80.264365364546975, 43.342644493590591 ], [ -80.264339265042921, 43.342761306040458 ], [ -80.264350749283594, 43.342824493843956 ], [ -80.264350238411851, 43.342869496430048 ], [ -80.264361159114287, 43.342986602283133 ], [ -80.264360360228821, 43.343058588579439 ], [ -80.26435786246418, 43.343265687974132 ], [ -80.264331666251252, 43.343391588784314 ], [ -80.264280434283194, 43.343544404811531 ], [ -80.264259654309711, 43.343670295698573 ], [ -80.264253736831549, 43.343706285395371 ], [ -80.264227641428079, 43.343832200092116 ], [ -80.264188344733938, 43.34402098789576 ], [ -80.264087544054263, 43.344191502494752 ], [ -80.26399914598278, 43.344362004425612 ], [ -80.263959352336485, 43.344528291979081 ], [ -80.263954359385508, 43.344566012387631 ], [ -80.263851392369205, 43.344552302962398 ], [ -80.263186486807967, 43.344439993176067 ], [ -80.263181593235615, 43.344438900931138 ], [ -80.262091485696345, 43.344189793909194 ], [ -80.260861506411146, 43.34387569324155 ], [ -80.259337690866616, 43.343379592830104 ], [ -80.257261406030509, 43.342663804489803 ], [ -80.254018511565505, 43.341499094190304 ], [ -80.251353489009603, 43.340509193774039 ], [ -80.251311682033432, 43.340905107568226 ], [ -80.251693088890732, 43.341988190974376 ], [ -80.251702783556155, 43.342204307483236 ], [ -80.251574667079396, 43.342296229532316 ], [ -80.257095125518987, 43.355771805484949 ], [ -80.258775711776266, 43.360160304032433 ], [ -80.259576699383913, 43.362281590486582 ], [ -80.259744794187, 43.362669907203703 ], [ -80.259941145994759, 43.362756258294176 ], [ -80.261383455668806, 43.365964494416446 ], [ -80.261419743206403, 43.366045280693967 ], [ -80.263205251850763, 43.369940964117426 ], [ -80.265586047781809, 43.377150306056627 ], [ -80.266986880808417, 43.380547607002171 ], [ -80.26700586188106, 43.380592128935149 ], [ -80.26772148609912, 43.382269943414549 ], [ -80.267815146854176, 43.382479254575252 ], [ -80.267829122580054, 43.382507906761617 ], [ -80.267972974027927, 43.382803265976506 ], [ -80.268074978000243, 43.383013877717907 ], [ -80.269196988451, 43.386421401886274 ], [ -80.269572969713593, 43.387342131451582 ], [ -80.267748690191624, 43.387191430435131 ], [ -80.266902719817438, 43.387384575373595 ], [ -80.260666302481994, 43.388410506043698 ], [ -80.259224943442092, 43.38864465797807 ], [ -80.258443509081872, 43.38877160190173 ], [ -80.255537088760946, 43.389257102570461 ], [ -80.252343896703607, 43.389760303205605 ], [ -80.249508535196426, 43.390242313957437 ], [ -80.248207815016485, 43.390463395266487 ], [ -80.247613799242217, 43.390567507758718 ], [ -80.241511608450566, 43.39153357671065 ], [ -80.23308931135584, 43.392866203390518 ], [ -80.231295095402118, 43.393169290331691 ], [ -80.22481131524701, 43.394242102148908 ], [ -80.224242201880713, 43.394328290961546 ], [ -80.219700883078289, 43.395080807878507 ], [ -80.218253014824455, 43.395323005293307 ], [ -80.21554331488602, 43.395745704860381 ], [ -80.212227098965329, 43.396281092197171 ], [ -80.206832111314668, 43.397135291453402 ], [ -80.204690788628113, 43.397516590902882 ], [ -80.204678198852804, 43.397518510192235 ], [ -80.202855031889229, 43.391323749702046 ], [ -80.201896290451188, 43.388314053017837 ], [ -80.201438334681072, 43.386794013702541 ], [ -80.201388470361991, 43.38663575460648 ], [ -80.196341861153755, 43.370609768887505 ], [ -80.195157082298962, 43.365147688153002 ], [ -80.19511305567778, 43.365041967874028 ], [ -80.194630610329767, 43.363768647946856 ], [ -80.191623865441358, 43.355831580626862 ], [ -80.191563076733658, 43.355636049453992 ], [ -80.191461652958878, 43.355363435694244 ], [ -80.190473900235006, 43.352731797208996 ], [ -80.187603101749659, 43.343234500741232 ], [ -80.192521602959118, 43.342400783181311 ], [ -80.200711720309727, 43.341239072296894 ], [ -80.202733392038638, 43.340930118008572 ], [ -80.213376160112702, 43.33930244784888 ], [ -80.218651551182376, 43.338445619472864 ] ] ] } },
{ "type": "Feature", "properties": { "csduid": "3530027", "district": "Wellesley", "district_type": "Township", "population": 12413.0, "area_sq_km": 278.16189612466206, "density_per_sq_km": 44.625091261374436, "label_room_km": 8.2201265961460308, "label_lon": -80.717252470930845, "label_lat": 43.547472165707369 }, "geometry": { "type": "Polygon", "coordinates": [ [ [ -80.675720402968579, 43.475996678073614 ], [ -80.676039237683739, 43.47577156517017 ], [ -80.676445299791737, 43.475839396321362 ], [ -80.677001483600279, 43.475868004808575 ], [ -80.677246075426623, 43.475852274973875 ], [ -80.687601392653221, 43.475186095325149 ], [ -80.687811703168293, 43.475168706042673 ], [ -80.687997208431824, 43.475160210817492 ], [ -80.690903782739454, 43.474979007253772 ], [ -80.72233090762613, 43.472943594299572 ], [ -80.724173697810542, 43.472812997044919 ], [ -80.74023958577034, 43.47160800647211 ], [ -80.743009904342799, 43.471389196811387 ], [ -80.753298807411596, 43.470808612971439 ], [ -80.758839099654409, 43.470451198487979 ], [ -80.759036905743685, 43.47044260892141 ], [ -80.760323094826731, 43.47035530091182 ], [ -80.763451792606304, 43.470154704260764 ], [ -80.763477760823008, 43.470153047006924 ], [ -80.763587783036343, 43.470146010522697 ], [ -80.764305087846267, 43.470102394348913 ], [ -80.765331497191909, 43.470032494153841 ], [ -80.766357889407331, 43.469971597408055 ], [ -80.768983144226723, 43.469808229903705 ], [ -80.770141990317924, 43.469736096194339 ], [ -80.770757273363557, 43.469692527340747 ], [ -80.770760300092547, 43.469692304509408 ], [ -80.772306103000275, 43.469596399864393 ], [ -80.779787499729636, 43.469124788872172 ], [ -80.782062989074547, 43.46894010014308 ], [ -80.782372014235548, 43.468967701923994 ], [ -80.782683614429843, 43.468979152804337 ], [ -80.782743840953302, 43.468976966563019 ], [ -80.782992635395402, 43.468960037459276 ], [ -80.783380854216546, 43.468937218666042 ], [ -80.784049865956277, 43.468897900689292 ], [ -80.784050081426003, 43.46889787737053 ], [ -80.784421474157853, 43.468876080850933 ], [ -80.791065044628056, 43.468485347403622 ], [ -80.791106914471783, 43.468483427151057 ], [ -80.791230343267074, 43.468477718002333 ], [ -80.791319148534967, 43.468473609367088 ], [ -80.79135865013356, 43.468471793114226 ], [ -80.791435137477222, 43.468468296707144 ], [ -80.794613799890655, 43.468279005963112 ], [ -80.795463613705749, 43.468226617387238 ], [ -80.795722142062246, 43.468245055450289 ], [ -80.79636555711491, 43.468411835146924 ], [ -80.79663367188023, 43.46848096117921 ], [ -80.809370694671443, 43.473635111224304 ], [ -80.814359585094806, 43.475660294372062 ], [ -80.821769397471471, 43.478679493280538 ], [ -80.829278788223462, 43.48174339838134 ], [ -80.835022604970973, 43.484048009839675 ], [ -80.835306590661688, 43.484183389575655 ], [ -80.839667191063128, 43.485972502769989 ], [ -80.849138997116569, 43.489869899247878 ], [ -80.864933697394548, 43.496360099601816 ], [ -80.869036493736388, 43.498048707169325 ], [ -80.867597297465565, 43.500064007786115 ], [ -80.862882004872091, 43.506649597682951 ], [ -80.859431489908289, 43.51156170536062 ], [ -80.856439614727464, 43.515880089652804 ], [ -80.853621090577747, 43.519973409843232 ], [ -80.853360398143067, 43.520360301480807 ], [ -80.852962993696863, 43.520935996006862 ], [ -80.851732764355347, 43.522707970691044 ], [ -80.851683989122591, 43.522778207159142 ], [ -80.845946186424172, 43.531020605655662 ], [ -80.843677558989, 43.534156083973379 ], [ -80.843668953901641, 43.53416798037275 ], [ -80.843238609812417, 43.534762713013038 ], [ -80.841176799709643, 43.537542102135291 ], [ -80.840977998270404, 43.537811991813115 ], [ -80.838108513164173, 43.541688797154592 ], [ -80.836033995862735, 43.544423104429903 ], [ -80.835602405084856, 43.544975810876977 ], [ -80.833038894862881, 43.548337191008599 ], [ -80.829007413911825, 43.553633098465589 ], [ -80.824473312424914, 43.559609695498239 ], [ -80.82110801302828, 43.563969012909979 ], [ -80.820934892086655, 43.56411260332785 ], [ -80.820799917442457, 43.564136995061361 ], [ -80.820779007541532, 43.564407988723389 ], [ -80.820638396180954, 43.564555089252508 ], [ -80.811772581296111, 43.57607150837535 ], [ -80.811623388338674, 43.576260402955519 ], [ -80.811586114645351, 43.576305310820601 ], [ -80.811566796013196, 43.576330442598525 ], [ -80.811564028531052, 43.576334064636107 ], [ -80.80521428704823, 43.584595506512748 ], [ -80.805206317113118, 43.584605854654399 ], [ -80.803444002245115, 43.586889288231845 ], [ -80.803403170114038, 43.586940725350459 ], [ -80.796656596150868, 43.595440222746753 ], [ -80.788359592013165, 43.605888411445328 ], [ -80.786778903678197, 43.607875299462805 ], [ -80.7804803183394, 43.615705993403722 ], [ -80.779340296809991, 43.61712469111621 ], [ -80.779310002925669, 43.617162389596693 ], [ -80.779215805528352, 43.617278017683972 ], [ -80.77918549517689, 43.617315204266767 ], [ -80.777467309957686, 43.619463895457756 ], [ -80.772921897346819, 43.625208590816321 ], [ -80.771448292193483, 43.627105105560396 ], [ -80.77043045606554, 43.628425911278413 ], [ -80.770421904405424, 43.628437001709358 ], [ -80.770296305187557, 43.628594498097158 ], [ -80.770293585329256, 43.628597897237768 ], [ -80.769907500949486, 43.629092293717179 ], [ -80.755142204288447, 43.64765079334996 ], [ -80.755025013565714, 43.647798104563449 ], [ -80.754545810992028, 43.648404700219515 ], [ -80.752780108422115, 43.647661300217784 ], [ -80.752774596504608, 43.647658987427079 ], [ -80.734803398238654, 43.640127309574503 ], [ -80.714955281469855, 43.63195790975562 ], [ -80.695073113803431, 43.623869991876731 ], [ -80.689804106304919, 43.621637399276032 ], [ -80.688406401250873, 43.621093899148207 ], [ -80.682452092369175, 43.618821302277397 ], [ -80.675410562287269, 43.616035232834655 ], [ -80.67498799436845, 43.615868002850853 ], [ -80.666591182083735, 43.612535607188889 ], [ -80.663267285723464, 43.611211401721022 ], [ -80.66015199170171, 43.60996511078352 ], [ -80.657948192548545, 43.60907758946194 ], [ -80.65493538647155, 43.607810004295423 ], [ -80.653852803251965, 43.607359906421031 ], [ -80.651152886174998, 43.606299607670302 ], [ -80.649422405582882, 43.605635189231144 ], [ -80.644978300435909, 43.603860788044152 ], [ -80.643200996443809, 43.603147863882171 ], [ -80.642464859639944, 43.602852571679655 ], [ -80.64149999488356, 43.602465491933266 ], [ -80.638800713265624, 43.60139298957921 ], [ -80.63548471012362, 43.600140904988351 ], [ -80.635475908870077, 43.600137596368683 ], [ -80.63486981313369, 43.599909606614716 ], [ -80.633592008691693, 43.599391404032829 ], [ -80.63258601056225, 43.598981310414167 ], [ -80.632573800839623, 43.598976309944995 ], [ -80.628690299543749, 43.597386493611253 ], [ -80.62868131228241, 43.597382803109561 ], [ -80.621399089086765, 43.594436299186775 ], [ -80.621379690225822, 43.594428298066482 ], [ -80.615746391656899, 43.592100606357349 ], [ -80.614886786444345, 43.591839396326044 ], [ -80.608274999927346, 43.589203513579456 ], [ -80.608011842157566, 43.589102236578078 ], [ -80.608169862981825, 43.588846427094474 ], [ -80.608142936354255, 43.588755134093944 ], [ -80.608096204806841, 43.588313821236419 ], [ -80.608200420647094, 43.587530820905442 ], [ -80.609525540838462, 43.58374442866166 ], [ -80.609615309785681, 43.583258533065106 ], [ -80.609604796516138, 43.582961390698514 ], [ -80.609448407415655, 43.582258506160848 ], [ -80.609474477214604, 43.580906131644817 ], [ -80.609545617365711, 43.580629094234411 ], [ -80.610369905606163, 43.575724606527444 ], [ -80.61038240669518, 43.575715701708894 ], [ -80.610589280940474, 43.574417326055773 ], [ -80.610627613160929, 43.574176802200121 ], [ -80.610845592842665, 43.573016007468034 ], [ -80.610904971266805, 43.572631311131637 ], [ -80.610974805743723, 43.572179007283971 ], [ -80.611334812991444, 43.570127293549405 ], [ -80.611992905230082, 43.565987610109808 ], [ -80.612842117341458, 43.561011192846927 ], [ -80.613045554169943, 43.559214436878165 ], [ -80.613087391425225, 43.558844927270925 ], [ -80.613116901109649, 43.558617528360884 ], [ -80.613127459495729, 43.558539077727922 ], [ -80.613204676413062, 43.558209173717188 ], [ -80.613459701965454, 43.556920447507792 ], [ -80.613514249769153, 43.556731361285344 ], [ -80.613513298522093, 43.556727387958276 ], [ -80.613655902885483, 43.555728505948558 ], [ -80.614597601349004, 43.549779891252001 ], [ -80.615229208517221, 43.545847110505932 ], [ -80.61637531305567, 43.538854711741322 ], [ -80.61646244378592, 43.538348914038671 ], [ -80.61646521009061, 43.538332806040842 ], [ -80.616555985843789, 43.537684806615637 ], [ -80.616684403013252, 43.536955899261265 ], [ -80.617097189599974, 43.534310006635025 ], [ -80.617797337958976, 43.529985352764875 ], [ -80.617893859666822, 43.529389009418367 ], [ -80.617895613852113, 43.529378302063868 ], [ -80.618307698417198, 43.526831509165056 ], [ -80.618514207557368, 43.525490612738196 ], [ -80.618528229264669, 43.525410128708721 ], [ -80.618642608952314, 43.524752703586472 ], [ -80.618784512291782, 43.52383470873891 ], [ -80.619325194505009, 43.520486888203649 ], [ -80.6193377128983, 43.520477988933244 ], [ -80.619487553355469, 43.519571370979527 ], [ -80.61949256489541, 43.519540976775815 ], [ -80.619517696447204, 43.519388989948112 ], [ -80.619528776417667, 43.519321329510966 ], [ -80.621320437959298, 43.508388841679754 ], [ -80.622347594471208, 43.502119194079448 ], [ -80.622476402065573, 43.501291312159928 ], [ -80.622682007979918, 43.500067292118558 ], [ -80.625121608499796, 43.485614508607163 ], [ -80.625416004511308, 43.483912000475989 ], [ -80.626184206685437, 43.479747092976787 ], [ -80.632787559396192, 43.479123846639034 ], [ -80.660438045893656, 43.477126883549353 ], [ -80.675720402968579, 43.475996678073614 ] ] ] } }
]
}
