table,Note ID,Note,Dimension name,Member Name
35-10-0177-01,1,"Incident-based Uniform Crime Reporting Survey (UCR2) data are not available for all respondents. In order to report this level of detail for police services still reporting to the Aggregate Uniform Crime Reporting Survey (UCR) over this time, a process of imputation was applied to derive counts for violations that do not exist on their own in the aggregate survey. For approximately 80% of the aggregate offence codes, there is a 1:1 mapping with a new incident-based violation code. For violations where this was not the case, such as the aggregate other Criminal Code category, it was necessary to estimate (impute) this figure using the distribution of other Criminal Code offences from existing Incident-based UCR2 respondents.",,
35-10-0177-01,2,"During the production of each year's crime statistics, data from the previous year are revised to reflect any updates or changes that have been received from the police services. For more information on the concepts, methods and quality of the data contained in this table, please contact the Canadian Centre for Justice and Community Safety Statistics at statcan.ccjcss-ccsjsc.statcan@statcan.gc.ca.",,
35-10-0177-01,3,"The methodology for calculating census metropolitan area (CMA) populations was modified in 2003. Starting in 1996, the populations for CMAs have been adjusted to reflect the actual policing boundaries within the CMA and do not reflect the official Statistics Canada population for these CMAs. CMA data are included within province-level data.",,
35-10-0177-01,3,"The methodology for calculating census metropolitan area (CMA) populations was modified in 2003. Starting in 1996, the populations for CMAs have been adjusted to reflect the actual policing boundaries within the CMA and do not reflect the official Statistics Canada population for these CMAs. CMA data are included within province-level data.",,
35-10-0177-01,4,"Part of the 2007 increase in crime in St. John's, Newfoundland and Labrador and Saint John, New Brunswick can be attributed to changes in police reporting practices rather than actual increases in criminal activity.",Geography,"St. John's, Newfoundland and Labrador [10001]"
35-10-0177-01,4,"Part of the 2007 increase in crime in St. John's, Newfoundland and Labrador and Saint John, New Brunswick can be attributed to changes in police reporting practices rather than actual increases in criminal activity.",Geography,"Saint John, New Brunswick [13310]"
35-10-0177-01,5,The census metropolitan area (CMA) of Saguenay was formerly known as Chicoutimi-Jonquière.,Geography,"Saguenay, Quebec [24408]"
35-10-0177-01,6,The census metropolitan area (CMA) of Ottawa-Gatineau was formerly known as Ottawa-Hull.,Geography,"Ottawa-Gatineau, Quebec part [24505]"
35-10-0177-01,6,The census metropolitan area (CMA) of Ottawa-Gatineau was formerly known as Ottawa-Hull.,Geography,"Ottawa-Gatineau, Ontario/Quebec [24505/35505]"
35-10-0177-01,6,The census metropolitan area (CMA) of Ottawa-Gatineau was formerly known as Ottawa-Hull.,Geography,"Ottawa-Gatineau, Ontario part [35505]"
35-10-0177-01,7,"During the revision of 2001 data for the province of Ontario, a discrepancy in methodology applied by the forces in the province using the Ontario Municipal and Provincial Police Automated Co-operative (OMPPAC) system was detected. These forces report approximately one-third of the total criminal incidents for the province and include the Ontario Provincial Police and about 60 small and mid-sized municipal forces. This discrepancy resulted in an over-count of less serious criminal incidents. During 2003 and 2004, the Canadian Centre for Justice Statistics (CCJS) consulted with affected police services and analyzed both historical Aggregate Uniform Crime Reporting Survey (UCR) data and more recent Incident-based Uniform Crime Reporting Survey (UCR2) microdata to determine the impact of this over-reporting. The effect at the Canada level was, on average, 1% per year from 1977 to 2000. This over-counting peaked in 1991, where it was estimated that the total crime rate for the country was over-estimated by approximately 1.8%. However, the overall historical trend changed very little. The impact in Ontario is more noticeable, but the overall trend is still very similar. On average, the effect was 2% to 3% per year, with the biggest change occurring in 1991, where the Ontario crime rate is 5% lower as a result of the adjustment. For further information, refer to the report:<a href=""https://www.statcan.gc.ca/imdb-bmdi/document/3302_D13_T9_V1-eng.pdf"" rel=""external noopener noreferrer"" target=""_blank"">Summary of Historical Adjustments to Crime Data for Ontario 1977-2000 (opens new window)</a>.",Geography,Ontario [35]
35-10-0177-01,8,"Abbotsford-Mission, British Columbia and Kingston, Ontario became new census metropolitan areas (CMAs) as of the 2001 Census. Moncton, New Brunswick, Peterborough, Ontario, Brantford, Ontario, Guelph, Ontario, Barrie, Ontario, and Kelowna, British Columbia became new CMAs as of the 2006 Census. Lethbridge, Alberta and Belleville, Ontario became new CMAs as of the 2016 Census. Fredericton, New Brunswick; Drummondville, Quebec; Red Deer, Alberta; Kamloops, British Columbia; Chilliwack, British Columbia and Nanaimo, British Columbia became new CMAs as of the 2021 Census.",Geography,"Kingston, Ontario [35521]"
35-10-0177-01,8,"Abbotsford-Mission, British Columbia and Kingston, Ontario became new census metropolitan areas (CMAs) as of the 2001 Census. Moncton, New Brunswick, Peterborough, Ontario, Brantford, Ontario, Guelph, Ontario, Barrie, Ontario, and Kelowna, British Columbia became new CMAs as of the 2006 Census. Lethbridge, Alberta and Belleville, Ontario became new CMAs as of the 2016 Census. Fredericton, New Brunswick; Drummondville, Quebec; Red Deer, Alberta; Kamloops, British Columbia; Chilliwack, British Columbia and Nanaimo, British Columbia became new CMAs as of the 2021 Census.",Geography,"Abbotsford-Mission, British Columbia [59932]"
35-10-0177-01,8,"Abbotsford-Mission, British Columbia and Kingston, Ontario became new census metropolitan areas (CMAs) as of the 2001 Census. Moncton, New Brunswick, Peterborough, Ontario, Brantford, Ontario, Guelph, Ontario, Barrie, Ontario, and Kelowna, British Columbia became new CMAs as of the 2006 Census. Lethbridge, Alberta and Belleville, Ontario became new CMAs as of the 2016 Census. Fredericton, New Brunswick; Drummondville, Quebec; Red Deer, Alberta; Kamloops, British Columbia; Chilliwack, British Columbia and Nanaimo, British Columbia became new CMAs as of the 2021 Census.",Geography,"Moncton, New Brunswick [13305]"
35-10-0177-01,8,"Abbotsford-Mission, British Columbia and Kingston, Ontario became new census metropolitan areas (CMAs) as of the 2001 Census. Moncton, New Brunswick, Peterborough, Ontario, Brantford, Ontario, Guelph, Ontario, Barrie, Ontario, and Kelowna, British Columbia became new CMAs as of the 2006 Census. Lethbridge, Alberta and Belleville, Ontario became new CMAs as of the 2016 Census. Fredericton, New Brunswick; Drummondville, Quebec; Red Deer, Alberta; Kamloops, British Columbia; Chilliwack, British Columbia and Nanaimo, British Columbia became new CMAs as of the 2021 Census.",Geography,"Peterborough, Ontario [35529]"
35-10-0177-01,8,"Abbotsford-Mission, British Columbia and Kingston, Ontario became new census metropolitan areas (CMAs) as of the 2001 Census. Moncton, New Brunswick, Peterborough, Ontario, Brantford, Ontario, Guelph, Ontario, Barrie, Ontario, and Kelowna, British Columbia became new CMAs as of the 2006 Census. Lethbridge, Alberta and Belleville, Ontario became new CMAs as of the 2016 Census. Fredericton, New Brunswick; Drummondville, Quebec; Red Deer, Alberta; Kamloops, British Columbia; Chilliwack, British Columbia and Nanaimo, British Columbia became new CMAs as of the 2021 Census.",Geography,"Brantford, Ontario [35543]"
35-10-0177-01,8,"Abbotsford-Mission, British Columbia and Kingston, Ontario became new census metropolitan areas (CMAs) as of the 2001 Census. Moncton, New Brunswick, Peterborough, Ontario, Brantford, Ontario, Guelph, Ontario, Barrie, Ontario, and Kelowna, British Columbia became new CMAs as of the 2006 Census. Lethbridge, Alberta and Belleville, Ontario became new CMAs as of the 2016 Census. Fredericton, New Brunswick; Drummondville, Quebec; Red Deer, Alberta; Kamloops, British Columbia; Chilliwack, British Columbia and Nanaimo, British Columbia became new CMAs as of the 2021 Census.",Geography,"Guelph, Ontario [35550]"
35-10-0177-01,8,"Abbotsford-Mission, British Columbia and Kingston, Ontario became new census metropolitan areas (CMAs) as of the 2001 Census. Moncton, New Brunswick, Peterborough, Ontario, Brantford, Ontario, Guelph, Ontario, Barrie, Ontario, and Kelowna, British Columbia became new CMAs as of the 2006 Census. Lethbridge, Alberta and Belleville, Ontario became new CMAs as of the 2016 Census. Fredericton, New Brunswick; Drummondville, Quebec; Red Deer, Alberta; Kamloops, British Columbia; Chilliwack, British Columbia and Nanaimo, British Columbia became new CMAs as of the 2021 Census.",Geography,"Barrie, Ontario [35568]"
35-10-0177-01,8,"Abbotsford-Mission, British Columbia and Kingston, Ontario became new census metropolitan areas (CMAs) as of the 2001 Census. Moncton, New Brunswick, Peterborough, Ontario, Brantford, Ontario, Guelph, Ontario, Barrie, Ontario, and Kelowna, British Columbia became new CMAs as of the 2006 Census. Lethbridge, Alberta and Belleville, Ontario became new CMAs as of the 2016 Census. Fredericton, New Brunswick; Drummondville, Quebec; Red Deer, Alberta; Kamloops, British Columbia; Chilliwack, British Columbia and Nanaimo, British Columbia became new CMAs as of the 2021 Census.",Geography,"Kelowna, British Columbia [59915]"
35-10-0177-01,8,"Abbotsford-Mission, British Columbia and Kingston, Ontario became new census metropolitan areas (CMAs) as of the 2001 Census. Moncton, New Brunswick, Peterborough, Ontario, Brantford, Ontario, Guelph, Ontario, Barrie, Ontario, and Kelowna, British Columbia became new CMAs as of the 2006 Census. Lethbridge, Alberta and Belleville, Ontario became new CMAs as of the 2016 Census. Fredericton, New Brunswick; Drummondville, Quebec; Red Deer, Alberta; Kamloops, British Columbia; Chilliwack, British Columbia and Nanaimo, British Columbia became new CMAs as of the 2021 Census.",Geography,"Belleville-Quinte West, Ontario [35522]"
35-10-0177-01,8,"Abbotsford-Mission, British Columbia and Kingston, Ontario became new census metropolitan areas (CMAs) as of the 2001 Census. Moncton, New Brunswick, Peterborough, Ontario, Brantford, Ontario, Guelph, Ontario, Barrie, Ontario, and Kelowna, British Columbia became new CMAs as of the 2006 Census. Lethbridge, Alberta and Belleville, Ontario became new CMAs as of the 2016 Census. Fredericton, New Brunswick; Drummondville, Quebec; Red Deer, Alberta; Kamloops, British Columbia; Chilliwack, British Columbia and Nanaimo, British Columbia became new CMAs as of the 2021 Census.",Geography,"Lethbridge, Alberta [48810]"
35-10-0177-01,8,"Abbotsford-Mission, British Columbia and Kingston, Ontario became new census metropolitan areas (CMAs) as of the 2001 Census. Moncton, New Brunswick, Peterborough, Ontario, Brantford, Ontario, Guelph, Ontario, Barrie, Ontario, and Kelowna, British Columbia became new CMAs as of the 2006 Census. Lethbridge, Alberta and Belleville, Ontario became new CMAs as of the 2016 Census. Fredericton, New Brunswick; Drummondville, Quebec; Red Deer, Alberta; Kamloops, British Columbia; Chilliwack, British Columbia and Nanaimo, British Columbia became new CMAs as of the 2021 Census.",Geography,"Fredericton, New Brunswick [13320]"
35-10-0177-01,8,"Abbotsford-Mission, British Columbia and Kingston, Ontario became new census metropolitan areas (CMAs) as of the 2001 Census. Moncton, New Brunswick, Peterborough, Ontario, Brantford, Ontario, Guelph, Ontario, Barrie, Ontario, and Kelowna, British Columbia became new CMAs as of the 2006 Census. Lethbridge, Alberta and Belleville, Ontario became new CMAs as of the 2016 Census. Fredericton, New Brunswick; Drummondville, Quebec; Red Deer, Alberta; Kamloops, British Columbia; Chilliwack, British Columbia and Nanaimo, British Columbia became new CMAs as of the 2021 Census.",Geography,"Drummondville, Quebec [24447]"
35-10-0177-01,8,"Abbotsford-Mission, British Columbia and Kingston, Ontario became new census metropolitan areas (CMAs) as of the 2001 Census. Moncton, New Brunswick, Peterborough, Ontario, Brantford, Ontario, Guelph, Ontario, Barrie, Ontario, and Kelowna, British Columbia became new CMAs as of the 2006 Census. Lethbridge, Alberta and Belleville, Ontario became new CMAs as of the 2016 Census. Fredericton, New Brunswick; Drummondville, Quebec; Red Deer, Alberta; Kamloops, British Columbia; Chilliwack, British Columbia and Nanaimo, British Columbia became new CMAs as of the 2021 Census.",Geography,"Red Deer, Alberta [48830]"
35-10-0177-01,8,"Abbotsford-Mission, British Columbia and Kingston, Ontario became new census metropolitan areas (CMAs) as of the 2001 Census. Moncton, New Brunswick, Peterborough, Ontario, Brantford, Ontario, Guelph, Ontario, Barrie, Ontario, and Kelowna, British Columbia became new CMAs as of the 2006 Census. Lethbridge, Alberta and Belleville, Ontario became new CMAs as of the 2016 Census. Fredericton, New Brunswick; Drummondville, Quebec; Red Deer, Alberta; Kamloops, British Columbia; Chilliwack, British Columbia and Nanaimo, British Columbia became new CMAs as of the 2021 Census.",Geography,"Kamloops, British Columbia [59925]"
35-10-0177-01,8,"Abbotsford-Mission, British Columbia and Kingston, Ontario became new census metropolitan areas (CMAs) as of the 2001 Census. Moncton, New Brunswick, Peterborough, Ontario, Brantford, Ontario, Guelph, Ontario, Barrie, Ontario, and Kelowna, British Columbia became new CMAs as of the 2006 Census. Lethbridge, Alberta and Belleville, Ontario became new CMAs as of the 2016 Census. Fredericton, New Brunswick; Drummondville, Quebec; Red Deer, Alberta; Kamloops, British Columbia; Chilliwack, British Columbia and Nanaimo, British Columbia became new CMAs as of the 2021 Census.",Geography,"Chilliwack, British Columbia [59930]"
35-10-0177-01,8,"Abbotsford-Mission, British Columbia and Kingston, Ontario became new census metropolitan areas (CMAs) as of the 2001 Census. Moncton, New Brunswick, Peterborough, Ontario, Brantford, Ontario, Guelph, Ontario, Barrie, Ontario, and Kelowna, British Columbia became new CMAs as of the 2006 Census. Lethbridge, Alberta and Belleville, Ontario became new CMAs as of the 2016 Census. Fredericton, New Brunswick; Drummondville, Quebec; Red Deer, Alberta; Kamloops, British Columbia; Chilliwack, British Columbia and Nanaimo, British Columbia became new CMAs as of the 2021 Census.",Geography,"Nanaimo, British Columbia [59938]"
35-10-0177-01,9,Crime data from April to December 2004 for Winnipeg are estimates (except for homicide and motor vehicle theft) due to the implementation of a new records management system. Use with caution when comparing these data with prior years.,Geography,"Winnipeg, Manitoba [46602]"
35-10-0177-01,10,"Approximately half of the vehicle thefts in Winnipeg in 2007 were attempts, higher than the national average of about 15%. Both the decrease in the number of completed vehicle thefts in Winnipeg, as well as the increase in attempted thefts, may be attributed to the new provincial requirement for specific high-risk vehicles to be equipped with immobilizers, rendering these vehicles much more difficult to steal.",Geography,"Winnipeg, Manitoba [46602]"
35-10-0177-01,11,"Prior to 1999, a number of Royal Canadian Mounted Police (RCMP) detachments in Saskatchewan were double counting the number of actual offences of impaired driving. This over-counting was corrected in 1999, therefore, comparisons with previous years should be made with caution. It is recommended that the analysis of impaired driving be based on persons charged data rather than actual offences.",Geography,Saskatchewan [47]
35-10-0177-01,12,"Data for 2001 include estimates for 3 months for the Vancouver police service and 2 months for the Port Moody police service, covering the phase-in period required for a new records management system. In addition, from September 2000 to September 2001, as a result of labour action, there were decreases in the number of crimes reported to the Vancouver police service for certain offences. As a result, the number of Criminal Code offences reported by Vancouver were affected during this period.",Geography,"Vancouver, British Columbia [59933]"
35-10-0177-01,13,"As a result of ongoing investigations in Port Coquitlam, British Columbia, there were 5 homicides reported in the Vancouver census metropolitan area (CMA) total for 2007, 5 reported in 2004, 7 reported in 2003 and 15 included in 2002 that occurred in previous years. Homicides are counted according to the year in which police file the report.",Geography,"Vancouver, British Columbia [59933]"
35-10-0177-01,14,"In 2004, Vancouver police service changed their scoring procedures for reporting impaired driving incidents to include all incidents of impaired driving, not just those resulting in a charge being laid, meaning that incidents cleared by other means, (for example, roadside suspension) are now included. This resulted in almost 1,900 additional incidents being reported in 2004 compared to 2003. Use with caution when comparing these data with prior years.",Geography,"Vancouver, British Columbia [59933]"
35-10-0177-01,15,"1998 data in this table for Northwest Territories also includes Nunavut. In 1999, Nunavut, which comprises the eastern part of the old Northwest Territories, officially became a Canadian territory. Starting in 1999, data are displayed separately for the Northwest Territories and Nunavut.",Geography,Northwest Territories [61]
35-10-0177-01,15,"1998 data in this table for Northwest Territories also includes Nunavut. In 1999, Nunavut, which comprises the eastern part of the old Northwest Territories, officially became a Canadian territory. Starting in 1999, data are displayed separately for the Northwest Territories and Nunavut.",Geography,Nunavut [62]
35-10-0177-01,16,"The violent crime category has been expanded under the Incident-based Uniform Crime Reporting Survey (UCR2) to include a number of offences not previously included in the violent crime category, including uttering threats, criminal harassment and forcible confinement. Therefore, total violent crime counts in this table will not match total violent crime counts from the Aggregate Uniform Crime Reporting Survey (UCR).",Violations,Total violent Criminal Code violations
35-10-0177-01,17,"Homicide data are extracted from the Homicide Survey database. For further information, refer to: <a href=""https://www.statcan.gc.ca/imdb-bmdi/3315-eng.htm"" rel=""external noopener noreferrer"" target=""_blank""> Homicide Survey (opens new window)</a>.",Violations,Homicide
35-10-0177-01,17,"Homicide data are extracted from the Homicide Survey database. For further information, refer to: <a href=""https://www.statcan.gc.ca/imdb-bmdi/3315-eng.htm"" rel=""external noopener noreferrer"" target=""_blank""> Homicide Survey (opens new window)</a>.",Violations,"Murder, first degree"
35-10-0177-01,17,"Homicide data are extracted from the Homicide Survey database. For further information, refer to: <a href=""https://www.statcan.gc.ca/imdb-bmdi/3315-eng.htm"" rel=""external noopener noreferrer"" target=""_blank""> Homicide Survey (opens new window)</a>.",Violations,"Murder, second degree"
35-10-0177-01,17,"Homicide data are extracted from the Homicide Survey database. For further information, refer to: <a href=""https://www.statcan.gc.ca/imdb-bmdi/3315-eng.htm"" rel=""external noopener noreferrer"" target=""_blank""> Homicide Survey (opens new window)</a>.",Violations,Manslaughter
35-10-0177-01,17,"Homicide data are extracted from the Homicide Survey database. For further information, refer to: <a href=""https://www.statcan.gc.ca/imdb-bmdi/3315-eng.htm"" rel=""external noopener noreferrer"" target=""_blank""> Homicide Survey (opens new window)</a>.",Violations,Infanticide
35-10-0177-01,18,Robbery counts have been revised for the years 1998 to 2007. This change has resulted in an increase of approximately 12% annually in the number of reported robbery incidents for this time period. Use caution when comparing these data with prior years.,Violations,Total robbery
35-10-0177-01,18,Robbery counts have been revised for the years 1998 to 2007. This change has resulted in an increase of approximately 12% annually in the number of reported robbery incidents for this time period. Use caution when comparing these data with prior years.,Violations,Robbery
35-10-0177-01,18,Robbery counts have been revised for the years 1998 to 2007. This change has resulted in an increase of approximately 12% annually in the number of reported robbery incidents for this time period. Use caution when comparing these data with prior years.,Violations,Robbery to steal a firearm
35-10-0177-01,19,Counterfeiting counts have been revised for the years 1998 to 2007. This change has resulted in a significant decrease in counterfeiting incidents over this time period. Use with caution when comparing these data with prior years.,Violations,Counterfeiting
35-10-0177-01,20,There is a break in the time series in the offensive weapons category due to different offences being assigned to the weapons offence codes in 1999. Use with caution when comparing these data with prior years.,Violations,"Offensive weapons, explosives"
35-10-0177-01,20,There is a break in the time series in the offensive weapons category due to different offences being assigned to the weapons offence codes in 1999. Use with caution when comparing these data with prior years.,Violations,"Offensive weapons, prohibited"
35-10-0177-01,20,There is a break in the time series in the offensive weapons category due to different offences being assigned to the weapons offence codes in 1999. Use with caution when comparing these data with prior years.,Violations,"Offensive weapons, restricted"
35-10-0177-01,20,There is a break in the time series in the offensive weapons category due to different offences being assigned to the weapons offence codes in 1999. Use with caution when comparing these data with prior years.,Violations,Firearm transfers or serial numbers
35-10-0177-01,20,There is a break in the time series in the offensive weapons category due to different offences being assigned to the weapons offence codes in 1999. Use with caution when comparing these data with prior years.,Violations,Other offensive weapons
35-10-0177-01,21,"Any increase in disturbing the peace violations may be, in part, attributable to a national data quality initiative undertaken by the Royal Canadian Mounted Police (RCMP) to properly account for the types of offences that are aggregated under this offence.",Violations,Disturb the peace
35-10-0177-01,22,This represents the year-over-year (current year over last year) percentage change in the rate of actual incidents.,Statistics,Percentage change in rate
35-10-0177-01,23,Total persons charged is the total of adults charged and youth charged.,Statistics,"Total, persons charged"
35-10-0177-01,24,"In general, the Uniform Crime Reporting Survey (UCR) counts any adult and youth charged for the year in which the charge was laid. The homicide totals, which come from The Homicide Survey, count any adult or youth charged with a homicide that occurred in the reference year, regardless of when the charge was laid.",Violations,Homicide
35-10-0177-01,24,"In general, the Uniform Crime Reporting Survey (UCR) counts any adult and youth charged for the year in which the charge was laid. The homicide totals, which come from The Homicide Survey, count any adult or youth charged with a homicide that occurred in the reference year, regardless of when the charge was laid.",Violations,"Murder, first degree"
35-10-0177-01,24,"In general, the Uniform Crime Reporting Survey (UCR) counts any adult and youth charged for the year in which the charge was laid. The homicide totals, which come from The Homicide Survey, count any adult or youth charged with a homicide that occurred in the reference year, regardless of when the charge was laid.",Violations,"Murder, second degree"
35-10-0177-01,24,"In general, the Uniform Crime Reporting Survey (UCR) counts any adult and youth charged for the year in which the charge was laid. The homicide totals, which come from The Homicide Survey, count any adult or youth charged with a homicide that occurred in the reference year, regardless of when the charge was laid.",Violations,Manslaughter
35-10-0177-01,24,"In general, the Uniform Crime Reporting Survey (UCR) counts any adult and youth charged for the year in which the charge was laid. The homicide totals, which come from The Homicide Survey, count any adult or youth charged with a homicide that occurred in the reference year, regardless of when the charge was laid.",Violations,Infanticide
35-10-0177-01,25,"Any reference to Police Officer has been changed to read Peace Officer, as per the Canadian Criminal Code. Peace officer refers to any person employed for the preservation and maintenance of the public peace or for the service or execution of civil process. Examples of a Peace Officer are a mayor, warden, police officer, or bailiff constable. Please see the Canadian Criminal Code for a complete list of designates.",Violations,Total assaults against a peace officer
35-10-0177-01,26,"Sexual violations against children is a new crime category with only partial data available prior to 2008. As a result, numbers and rates should not be directly compared to data from previous years.",Violations,Total sexual violations against children
35-10-0177-01,26,"Sexual violations against children is a new crime category with only partial data available prior to 2008. As a result, numbers and rates should not be directly compared to data from previous years.",Violations,Sexual interference
35-10-0177-01,26,"Sexual violations against children is a new crime category with only partial data available prior to 2008. As a result, numbers and rates should not be directly compared to data from previous years.",Violations,Invitation to sexual touching
35-10-0177-01,26,"Sexual violations against children is a new crime category with only partial data available prior to 2008. As a result, numbers and rates should not be directly compared to data from previous years.",Violations,Sexual exploitation
35-10-0177-01,26,"Sexual violations against children is a new crime category with only partial data available prior to 2008. As a result, numbers and rates should not be directly compared to data from previous years.",Violations,Luring a child via a computer
35-10-0177-01,27,"In 2002, legislative changes were made to include the use of the Internet for the purpose of committing child pornography offences. As such, the percent change in this offence is calculated from 2003 to 2009.",Violations,Child Sexual Abuse and Exploitation Material (Possessing or Accessing)
35-10-0177-01,28,"Youth crime in British Columbia may be somewhat undercounted due to the Crown charge-approval system in place whereby, even for minor offences, there must be approval by the Crown before charges are laid after police have made an arrest. This approval is based on the substantial likelihood of conviction.",Geography,British Columbia [59]
35-10-0177-01,28,"Youth crime in British Columbia may be somewhat undercounted due to the Crown charge-approval system in place whereby, even for minor offences, there must be approval by the Crown before charges are laid after police have made an arrest. This approval is based on the substantial likelihood of conviction.",Geography,"Vancouver, British Columbia [59933]"
35-10-0177-01,28,"Youth crime in British Columbia may be somewhat undercounted due to the Crown charge-approval system in place whereby, even for minor offences, there must be approval by the Crown before charges are laid after police have made an arrest. This approval is based on the substantial likelihood of conviction.",Geography,"Victoria, British Columbia [59935]"
35-10-0177-01,28,"Youth crime in British Columbia may be somewhat undercounted due to the Crown charge-approval system in place whereby, even for minor offences, there must be approval by the Crown before charges are laid after police have made an arrest. This approval is based on the substantial likelihood of conviction.",Geography,"Abbotsford-Mission, British Columbia [59932]"
35-10-0177-01,28,"Youth crime in British Columbia may be somewhat undercounted due to the Crown charge-approval system in place whereby, even for minor offences, there must be approval by the Crown before charges are laid after police have made an arrest. This approval is based on the substantial likelihood of conviction.",Geography,"Kelowna, British Columbia [59915]"
35-10-0177-01,30,"In January 2010, the Uniform Crime Reporting Survey (UCR) was modified to create new violation codes for identity fraud and identity theft. Prior to 2010, those offences would have been coded as fraud.",Violations,Fraud
35-10-0177-01,30,"In January 2010, the Uniform Crime Reporting Survey (UCR) was modified to create new violation codes for identity fraud and identity theft. Prior to 2010, those offences would have been coded as fraud.",Violations,Identity theft
35-10-0177-01,30,"In January 2010, the Uniform Crime Reporting Survey (UCR) was modified to create new violation codes for identity fraud and identity theft. Prior to 2010, those offences would have been coded as fraud.",Violations,Identity fraud
35-10-0177-01,31,"Populations at the census metropolitan areas (CMA) level by age and sex are not available prior to 2004, and as a result, rates for adults and youth are not available for these years.",Statistics,"Rate, total persons charged per 100,000 population aged 12 years and over"
35-10-0177-01,31,"Populations at the census metropolitan areas (CMA) level by age and sex are not available prior to 2004, and as a result, rates for adults and youth are not available for these years.",Statistics,"Rate, adult charged per 100,000 population aged 18 years and over"
35-10-0177-01,31,"Populations at the census metropolitan areas (CMA) level by age and sex are not available prior to 2004, and as a result, rates for adults and youth are not available for these years.",Statistics,"Rate, youth charged per 100,000 population aged 12 to 17 years"
35-10-0177-01,31,"Populations at the census metropolitan areas (CMA) level by age and sex are not available prior to 2004, and as a result, rates for adults and youth are not available for these years.",Statistics,"Rate, youth not charged per 100,000 population aged 12 to 17 years"
35-10-0177-01,32,The 2009 Sherbrooke clearance rate is exceptionally high because of dedicated efforts throughout the year to update the database before a major conversion in informatics.,Geography,"Sherbrooke, Quebec [24433]"
35-10-0177-01,33,"In 2009, slight changes were made to the respondent-to-CMA mapping for this census metropolitan area (CMA) which have resulted in minor revisions to previously published data.",Geography,"Toronto, Ontario [35535]"
35-10-0177-01,33,"In 2009, slight changes were made to the respondent-to-CMA mapping for this census metropolitan area (CMA) which have resulted in minor revisions to previously published data.",Geography,"Hamilton, Ontario [35537]"
35-10-0177-01,34,"Historically police services have reported kidnapping and forcible confinement under a single combined violation code. In 2008 the Incident-based Uniform Crime Reporting Survey (UCR2) introduced separate codes for these violations which police services utilize as their Records Management Systems are updated to allow them. As a result, comparison with previous years should be done with caution.",Violations,Forcible confinement or kidnapping
35-10-0177-01,34,"Historically police services have reported kidnapping and forcible confinement under a single combined violation code. In 2008 the Incident-based Uniform Crime Reporting Survey (UCR2) introduced separate codes for these violations which police services utilize as their Records Management Systems are updated to allow them. As a result, comparison with previous years should be done with caution.",Violations,Kidnapping
35-10-0177-01,34,"Historically police services have reported kidnapping and forcible confinement under a single combined violation code. In 2008 the Incident-based Uniform Crime Reporting Survey (UCR2) introduced separate codes for these violations which police services utilize as their Records Management Systems are updated to allow them. As a result, comparison with previous years should be done with caution.",Violations,Forcible confinement
35-10-0177-01,34,"Historically police services have reported kidnapping and forcible confinement under a single combined violation code. In 2008 the Incident-based Uniform Crime Reporting Survey (UCR2) introduced separate codes for these violations which police services utilize as their Records Management Systems are updated to allow them. As a result, comparison with previous years should be done with caution.",Violations,Total forcible confinement or kidnapping
35-10-0177-01,35,"In 2009, legislation was introduced to create the offences of assault with a weapon or causing bodily harm to a peace officer (level 2) and aggravated assault to a peace officer (level 3). The introduction of these new codes into the UCR Survey created a system anomaly which resulted in some non-peace officer assaults being coded as peace officer assaults in 2010. Comparisons to 2010 should be made with caution.",Violations,Total assaults against a peace officer
35-10-0177-01,36,"For the period from 1998 to 2007 Incident-based Uniform Crime Reporting Survey (UCR2) data on criminal harassment are not available for all respondents. In order to report this violation for police services still reporting to the aggregate Uniform Crime Reporting Survey (UCR) over this time, a process of imputation was applied to derive counts using the distribution of 'other' Criminal Code offences from existing Incident-based Uniform Crime Reporting Survey (UCR2) respondents.",Violations,Criminal harassment
35-10-0177-01,37,"Data for Sherbrooke were not available in 2010, and therefore have been copied over from 2009 at the request of the police service.",Geography,"Sherbrooke, Quebec [24433]"
35-10-0177-01,38,"Clearance data for Montreal were not available in 2010, and therefore have been estimated based on clearance information from previous years.",Geography,"Montréal, Quebec [24462]"
35-10-0177-01,39,Data on youth charged and youth not charged may include a small number of people under the age of 12.,Statistics,"Total, youth charged"
35-10-0177-01,39,Data on youth charged and youth not charged may include a small number of people under the age of 12.,Statistics,"Total, youth not charged"
35-10-0177-01,40,"Data for youth charged and youth not charged for impaired driving are not available prior to 2007. As a result, comparisons of Total all violations and Total Criminal Code violations (including traffic) over time should be made with caution.",Statistics,"Total, youth charged"
35-10-0177-01,40,"Data for youth charged and youth not charged for impaired driving are not available prior to 2007. As a result, comparisons of Total all violations and Total Criminal Code violations (including traffic) over time should be made with caution.",Statistics,"Total, youth not charged"
35-10-0177-01,42,"In April 2011, legislation came into effect making it an offence to traffic in property obtained by crime, including possession with intent to traffic property obtained by crime. In addition to creating new Uniform Crime Reporting Survey (UCR) violation codes to capture these offences, the existing UCR violation code pertaining to possession of stolen property was modified. The UCR now separates possession of stolen property into possession of stolen property under $5,000 and possession of stolen property over $5,000 in order to be more in line with the Criminal Code of Canada. As a result of this change, a number of incidents of possession of stolen property under $5,000 are now being reported as secondary offences when they occur in conjunction with more serious offences, leading to a decrease in the number of possession of stolen property incidents reported in 2011.",Violations,Total possession of stolen property
35-10-0177-01,42,"In April 2011, legislation came into effect making it an offence to traffic in property obtained by crime, including possession with intent to traffic property obtained by crime. In addition to creating new Uniform Crime Reporting Survey (UCR) violation codes to capture these offences, the existing UCR violation code pertaining to possession of stolen property was modified. The UCR now separates possession of stolen property into possession of stolen property under $5,000 and possession of stolen property over $5,000 in order to be more in line with the Criminal Code of Canada. As a result of this change, a number of incidents of possession of stolen property under $5,000 are now being reported as secondary offences when they occur in conjunction with more serious offences, leading to a decrease in the number of possession of stolen property incidents reported in 2011.",Violations,Total trafficking in stolen property
35-10-0177-01,43,"In April 2011, legislation came into effect making it an offence to traffic in property obtained by crime, including possession with intent to traffic property obtained by crime. The Uniform Crime Reporting Survey (UCR) introduced two new violations codes to collect this information. They are Trafficking in Stolen Goods over $5,000 (incl. possession with intent to traffic) and Trafficking in Stolen Goods under $5,000 (incl. possession with intent to traffic).",Violations,Total trafficking in stolen property
35-10-0177-01,44,"In 2011, the Controlled Drugs and Substances Act was amended to make it illegal for anyone to possess, produce, sell or import anything knowing it will be used to produce or traffic in crystal meth or ecstasy. The Uniform Crime Reporting Survey (UCR) introduced a new violation code to collect this information.",Violations,"Possession, sale, etc., for use in production of or trafficking in substance"
35-10-0177-01,45,"In 2011, the Criminal Code was amended to make it illegal for anyone to alter, destroy or remove a Vehicle Identification Number (VIN). The Uniform Crime Reporting Survey (UCR) introduced a new violation code to collect this information.",Violations,"Altering, removing or destroying Vehicle Identification Number (VIN)"
35-10-0177-01,46,Detailed information of this category is available upon request.,Violations,Total possession of stolen property
35-10-0177-01,46,Detailed information of this category is available upon request.,Violations,Total theft of motor vehicle
35-10-0177-01,46,Detailed information of this category is available upon request.,Violations,Total fail to stop or remain
35-10-0177-01,46,Detailed information of this category is available upon request.,Violations,Total Immigration and Refugee Protection Act
35-10-0177-01,46,Detailed information of this category is available upon request.,Violations,Total trafficking in stolen property
35-10-0177-01,47,"With the release of 2012 data, revised population estimates at the respondent level were applied back to and including 2004. This resulted in boundary changes for the census metropolitan areas (CMA) of Saint John for 2005 to 2011 and for Winnipeg for 2011. Crime data for these years for these respondents have therefore been revised.",,
35-10-0177-01,47,"With the release of 2012 data, revised population estimates at the respondent level were applied back to and including 2004. This resulted in boundary changes for the census metropolitan areas (CMA) of Saint John for 2005 to 2011 and for Winnipeg for 2011. Crime data for these years for these respondents have therefore been revised.",Geography,"Saint John, New Brunswick [13310]"
35-10-0177-01,47,"With the release of 2012 data, revised population estimates at the respondent level were applied back to and including 2004. This resulted in boundary changes for the census metropolitan areas (CMA) of Saint John for 2005 to 2011 and for Winnipeg for 2011. Crime data for these years for these respondents have therefore been revised.",Geography,"Winnipeg, Manitoba [46602]"
35-10-0177-01,48,"In August 2012, legislation came into effect making it an offence to make sexually explicit material available to a child for the purpose of facilitating sexual offences against children/youth. The Uniform Crime Reporting Survey (UCR) introduced a new violation code to collect this information.",Violations,Making sexually explicit material available to children
35-10-0177-01,49,"In 2011, the introduction of the Immediate Roadside Prohibition (IRP) in British Columbia provided an alternative method for officers to proceed with penalties for impaired drivers and may account for the trends reported for 2011 and 2012.",Geography,British Columbia [59]
35-10-0177-01,49,"In 2011, the introduction of the Immediate Roadside Prohibition (IRP) in British Columbia provided an alternative method for officers to proceed with penalties for impaired drivers and may account for the trends reported for 2011 and 2012.",Violations,Total impaired driving
35-10-0177-01,50,"In 2012, it was discovered that the Montreal Police Service had been incorrectly applying the agreed upon definition for reporting child pornography incidents to the Uniform Crime Reporting Survey (UCR). As such, the number of violations has been revised for the years 2008 to 2011.",Geography,Canada
35-10-0177-01,50,"In 2012, it was discovered that the Montreal Police Service had been incorrectly applying the agreed upon definition for reporting child pornography incidents to the Uniform Crime Reporting Survey (UCR). As such, the number of violations has been revised for the years 2008 to 2011.",Geography,Quebec [24]
35-10-0177-01,50,"In 2012, it was discovered that the Montreal Police Service had been incorrectly applying the agreed upon definition for reporting child pornography incidents to the Uniform Crime Reporting Survey (UCR). As such, the number of violations has been revised for the years 2008 to 2011.",Geography,"Montréal, Quebec [24462]"
35-10-0177-01,50,"In 2012, it was discovered that the Montreal Police Service had been incorrectly applying the agreed upon definition for reporting child pornography incidents to the Uniform Crime Reporting Survey (UCR). As such, the number of violations has been revised for the years 2008 to 2011.",Violations,Child Sexual Abuse and Exploitation Material (Possessing or Accessing)
35-10-0177-01,51,"In 2012, Charlottetown altered the classification of calls from the public regarding impaired driving which accounts for the decrease at the municipal and provincial levels that year.",Geography,Prince Edward Island [11]
35-10-0177-01,51,"In 2012, Charlottetown altered the classification of calls from the public regarding impaired driving which accounts for the decrease at the municipal and provincial levels that year.",Violations,Operation while impaired (alcohol)
35-10-0177-01,52,"Ottawa numbers also include child pornography incidents reported by the National Child Exploitation Crime Centre of the Royal Canadian Mounted Police (RCMP) which is located in the City of Ottawa. The Centre responds to internet-facilitated sexual abuse cases nationally. Therefore, while the incidents are detected by the RCMP Centre located in Ottawa and appear in Ottawa's crime statistics, the incidents themselves or the offenders are not limited to the city of Ottawa.",Geography,"Ottawa-Gatineau, Ontario/Quebec [24505/35505]"
35-10-0177-01,52,"Ottawa numbers also include child pornography incidents reported by the National Child Exploitation Crime Centre of the Royal Canadian Mounted Police (RCMP) which is located in the City of Ottawa. The Centre responds to internet-facilitated sexual abuse cases nationally. Therefore, while the incidents are detected by the RCMP Centre located in Ottawa and appear in Ottawa's crime statistics, the incidents themselves or the offenders are not limited to the city of Ottawa.",Geography,"Ottawa-Gatineau, Ontario part [35505]"
35-10-0177-01,52,"Ottawa numbers also include child pornography incidents reported by the National Child Exploitation Crime Centre of the Royal Canadian Mounted Police (RCMP) which is located in the City of Ottawa. The Centre responds to internet-facilitated sexual abuse cases nationally. Therefore, while the incidents are detected by the RCMP Centre located in Ottawa and appear in Ottawa's crime statistics, the incidents themselves or the offenders are not limited to the city of Ottawa.",Violations,Child Sexual Abuse and Exploitation Material (Possessing or Accessing)
35-10-0177-01,53,"As a result of terrorist scares arising during the student demonstrations in the Spring of 2012 in Quebec, the Directeur des poursuites criminelles et pénales du Québec authorized police to make arrests under terrorism laws, particularly for ""hoax terrorism"". Therefore, the increase in terrorism-related incidents is mostly attributable to events related to the student demonstrations.",Geography,"Montréal, Quebec [24462]"
35-10-0177-01,53,"As a result of terrorist scares arising during the student demonstrations in the Spring of 2012 in Quebec, the Directeur des poursuites criminelles et pénales du Québec authorized police to make arrests under terrorism laws, particularly for ""hoax terrorism"". Therefore, the increase in terrorism-related incidents is mostly attributable to events related to the student demonstrations.",Violations,Hoax terrorism
35-10-0177-01,54,"Police reported statistics may be affected by differences in the way police services deal with minor offences. In some instances, police or municipalities might chose to deal with some minor offences using municipal by-laws or provincial provisions rather than Criminal Code provisions. Counts are based on the most serious violation in the incident.",,
35-10-0177-01,55,"With the release of 2013 data, revised population estimates at the respondent level were applied back to and including 2011. This resulted in boundary changes for the census metropolitan area (CMA) of Saguenay. Crime data for these years for this respondent have therefore been revised.",Geography,"Saguenay, Quebec [24408]"
35-10-0177-01,56,"In 2013, it was discovered that an error in Quebec's provincial reporting system had incorrectly resulted in a number of thefts being coded as identity thefts in Montreal. As such, the number of incidents of identity theft has been revised for the years 2010 to 2012.",Violations,Identity theft
35-10-0177-01,57,"Due to the complexity of these incidents, the data likely reflect the number of active or closed investigations for the year rather than the total number of incidents reported to police.",Violations,Child Sexual Abuse and Exploitation Material (Possessing or Accessing)
35-10-0177-01,57,"Due to the complexity of these incidents, the data likely reflect the number of active or closed investigations for the year rather than the total number of incidents reported to police.",Violations,Child Sexual Abuse and Exploitation Material (Making or Distributing)
35-10-0177-01,58,"Part way through 2013, the Royal Canadian Mounted Police revised policing boundaries for rural detachments in New Brunswick. This resulted in a change in the census metropolitan area (CMA) boundaries that are determined for the purpose of reporting crime statistics. As such, 2013 data for the New Brunswick CMAs of Saint John and Moncton are not comparable to previous or future years. Further, data from 2014 onward are not comparable to years prior to 2014.",Geography,"Saint John, New Brunswick [13310]"
35-10-0177-01,58,"Part way through 2013, the Royal Canadian Mounted Police revised policing boundaries for rural detachments in New Brunswick. This resulted in a change in the census metropolitan area (CMA) boundaries that are determined for the purpose of reporting crime statistics. As such, 2013 data for the New Brunswick CMAs of Saint John and Moncton are not comparable to previous or future years. Further, data from 2014 onward are not comparable to years prior to 2014.",Geography,"Moncton, New Brunswick [13305]"
35-10-0177-01,59,"Between April 1 and September 30 2014, the British Columbia Integrated Child Exploitation Unit (BC ICE) undertook a proactive project to record Internet Protocol (IP) addresses in possession of, and possibly sharing child pornography. This resulted in an increase in reported child pornography violations that year and all incidents detected by the BC ICE unit were recorded in the records management system used by Surrey Police Service. Therefore, while the incidents were reported through Surrey and appear in crime statistics for Surrey (and the Vancouver census metropolitan area [CMA] as Surrey is within this CMA's boundaries), neither the incidents themselves nor the offenders are limited to Surrey.",Geography,"Vancouver, British Columbia [59933]"
35-10-0177-01,60,"Previous to 2014, Greater Sudbury (35290) would record only those incidents where a search warrant was obtained and a charge related to child pornography was laid. As of 2014, reporting practices have changed to include all information of IP addresses with links to child pornography for information gathering and intelligence purposes. Therefore, comparisons with previous years should be made with caution.",Geography,"Greater Sudbury, Ontario [35580]"
35-10-0177-01,61,"The increase in failure to stop or remain in 2014 for Gatineau Police Service (24216) can be attributed to a change in charging practices within the police service. Rather than using provincial statutes, they are now charging these incidents based on Criminal Code provisions. Therefore, comparisons with previous years should not be made.",Geography,"Ottawa-Gatineau, Quebec part [24505]"
35-10-0177-01,61,"The increase in failure to stop or remain in 2014 for Gatineau Police Service (24216) can be attributed to a change in charging practices within the police service. Rather than using provincial statutes, they are now charging these incidents based on Criminal Code provisions. Therefore, comparisons with previous years should not be made.",Geography,"Ottawa-Gatineau, Ontario/Quebec [24505/35505]"
35-10-0177-01,62,"The decrease in other violations causing death between 2013 and 2014 can be partly attributable to fewer incidents of criminal negligence, which were specific to the Lac-Mégantic rail disaster in 2013.",Geography,Quebec [24]
35-10-0177-01,63,"In 2014, legislation was introduced to create the offence of Mischief to war memorials (Bill C-217). The offence of mischief in relation to cultural property was also introduced as a result of this legislation. Police services are able to utilise these codes as their Records Management Systems are updated to allow them. As a result, these data may be under-counted and should therefore be interpreted with caution.",Violations,Total mischief
35-10-0177-01,63,"In 2014, legislation was introduced to create the offence of Mischief to war memorials (Bill C-217). The offence of mischief in relation to cultural property was also introduced as a result of this legislation. Police services are able to utilise these codes as their Records Management Systems are updated to allow them. As a result, these data may be under-counted and should therefore be interpreted with caution.",Violations,Mischief in relation to cultural property
35-10-0177-01,63,"In 2014, legislation was introduced to create the offence of Mischief to war memorials (Bill C-217). The offence of mischief in relation to cultural property was also introduced as a result of this legislation. Police services are able to utilise these codes as their Records Management Systems are updated to allow them. As a result, these data may be under-counted and should therefore be interpreted with caution.",Violations,Mischief relating to war memorials
35-10-0177-01,64,"Bill C-36 came into effect in December 2014. The new legislation targets ""the exploitation that is inherent in prostitution and the risks of violence posed to those who engage in it"" (Criminal Code Chapter 25, preamble). New violations classified as ”Offences in Relation to Sexual Services” under ""violations against the person"" include: the purchasing of sexual services or communicating for that purpose, receiving a material benefit deriving from the purchase of sexual services, procuring of persons for the purpose of prostitution, and advertising sexual services offered for sale. In addition, a number of other offences related to prostitution continue to be considered non-violent offences and are classified under ""Other Criminal Code offences"". These include communicating to provide sexual services for consideration, and; offences related to impeding traffic to buy or sell sexual services. At the same time, the survey was amended to classify the violations codes of Parent or guardian procuring sexual activity, and Householder permitting prohibited sexual activity under ""violations against the person"". The following violations officially expired on December 05, 2014: bawdy house, living off the avails of prostitution of a person under 18, procuring, obtains/communicates with a person under 18 for purpose of sex, and other prostitution. Police services are able to utilize these codes as their Records Management Systems are updated to allow it. As a result, these data should be interpreted with caution.",Violations,Total prostitution
35-10-0177-01,64,"Bill C-36 came into effect in December 2014. The new legislation targets ""the exploitation that is inherent in prostitution and the risks of violence posed to those who engage in it"" (Criminal Code Chapter 25, preamble). New violations classified as ”Offences in Relation to Sexual Services” under ""violations against the person"" include: the purchasing of sexual services or communicating for that purpose, receiving a material benefit deriving from the purchase of sexual services, procuring of persons for the purpose of prostitution, and advertising sexual services offered for sale. In addition, a number of other offences related to prostitution continue to be considered non-violent offences and are classified under ""Other Criminal Code offences"". These include communicating to provide sexual services for consideration, and; offences related to impeding traffic to buy or sell sexual services. At the same time, the survey was amended to classify the violations codes of Parent or guardian procuring sexual activity, and Householder permitting prohibited sexual activity under ""violations against the person"". The following violations officially expired on December 05, 2014: bawdy house, living off the avails of prostitution of a person under 18, procuring, obtains/communicates with a person under 18 for purpose of sex, and other prostitution. Police services are able to utilize these codes as their Records Management Systems are updated to allow it. As a result, these data should be interpreted with caution.",Violations,Bawdy house
35-10-0177-01,64,"Bill C-36 came into effect in December 2014. The new legislation targets ""the exploitation that is inherent in prostitution and the risks of violence posed to those who engage in it"" (Criminal Code Chapter 25, preamble). New violations classified as ”Offences in Relation to Sexual Services” under ""violations against the person"" include: the purchasing of sexual services or communicating for that purpose, receiving a material benefit deriving from the purchase of sexual services, procuring of persons for the purpose of prostitution, and advertising sexual services offered for sale. In addition, a number of other offences related to prostitution continue to be considered non-violent offences and are classified under ""Other Criminal Code offences"". These include communicating to provide sexual services for consideration, and; offences related to impeding traffic to buy or sell sexual services. At the same time, the survey was amended to classify the violations codes of Parent or guardian procuring sexual activity, and Householder permitting prohibited sexual activity under ""violations against the person"". The following violations officially expired on December 05, 2014: bawdy house, living off the avails of prostitution of a person under 18, procuring, obtains/communicates with a person under 18 for purpose of sex, and other prostitution. Police services are able to utilize these codes as their Records Management Systems are updated to allow it. As a result, these data should be interpreted with caution.",Violations,Living off the avails of prostitution of a person under age 18
35-10-0177-01,64,"Bill C-36 came into effect in December 2014. The new legislation targets ""the exploitation that is inherent in prostitution and the risks of violence posed to those who engage in it"" (Criminal Code Chapter 25, preamble). New violations classified as ”Offences in Relation to Sexual Services” under ""violations against the person"" include: the purchasing of sexual services or communicating for that purpose, receiving a material benefit deriving from the purchase of sexual services, procuring of persons for the purpose of prostitution, and advertising sexual services offered for sale. In addition, a number of other offences related to prostitution continue to be considered non-violent offences and are classified under ""Other Criminal Code offences"". These include communicating to provide sexual services for consideration, and; offences related to impeding traffic to buy or sell sexual services. At the same time, the survey was amended to classify the violations codes of Parent or guardian procuring sexual activity, and Householder permitting prohibited sexual activity under ""violations against the person"". The following violations officially expired on December 05, 2014: bawdy house, living off the avails of prostitution of a person under 18, procuring, obtains/communicates with a person under 18 for purpose of sex, and other prostitution. Police services are able to utilize these codes as their Records Management Systems are updated to allow it. As a result, these data should be interpreted with caution.",Violations,Procuring
35-10-0177-01,64,"Bill C-36 came into effect in December 2014. The new legislation targets ""the exploitation that is inherent in prostitution and the risks of violence posed to those who engage in it"" (Criminal Code Chapter 25, preamble). New violations classified as ”Offences in Relation to Sexual Services” under ""violations against the person"" include: the purchasing of sexual services or communicating for that purpose, receiving a material benefit deriving from the purchase of sexual services, procuring of persons for the purpose of prostitution, and advertising sexual services offered for sale. In addition, a number of other offences related to prostitution continue to be considered non-violent offences and are classified under ""Other Criminal Code offences"". These include communicating to provide sexual services for consideration, and; offences related to impeding traffic to buy or sell sexual services. At the same time, the survey was amended to classify the violations codes of Parent or guardian procuring sexual activity, and Householder permitting prohibited sexual activity under ""violations against the person"". The following violations officially expired on December 05, 2014: bawdy house, living off the avails of prostitution of a person under 18, procuring, obtains/communicates with a person under 18 for purpose of sex, and other prostitution. Police services are able to utilize these codes as their Records Management Systems are updated to allow it. As a result, these data should be interpreted with caution.",Violations,Obtains or communicates with a person under age 18 for purpose of sex
35-10-0177-01,64,"Bill C-36 came into effect in December 2014. The new legislation targets ""the exploitation that is inherent in prostitution and the risks of violence posed to those who engage in it"" (Criminal Code Chapter 25, preamble). New violations classified as ”Offences in Relation to Sexual Services” under ""violations against the person"" include: the purchasing of sexual services or communicating for that purpose, receiving a material benefit deriving from the purchase of sexual services, procuring of persons for the purpose of prostitution, and advertising sexual services offered for sale. In addition, a number of other offences related to prostitution continue to be considered non-violent offences and are classified under ""Other Criminal Code offences"". These include communicating to provide sexual services for consideration, and; offences related to impeding traffic to buy or sell sexual services. At the same time, the survey was amended to classify the violations codes of Parent or guardian procuring sexual activity, and Householder permitting prohibited sexual activity under ""violations against the person"". The following violations officially expired on December 05, 2014: bawdy house, living off the avails of prostitution of a person under 18, procuring, obtains/communicates with a person under 18 for purpose of sex, and other prostitution. Police services are able to utilize these codes as their Records Management Systems are updated to allow it. As a result, these data should be interpreted with caution.",Violations,Other prostitution
35-10-0177-01,64,"Bill C-36 came into effect in December 2014. The new legislation targets ""the exploitation that is inherent in prostitution and the risks of violence posed to those who engage in it"" (Criminal Code Chapter 25, preamble). New violations classified as ”Offences in Relation to Sexual Services” under ""violations against the person"" include: the purchasing of sexual services or communicating for that purpose, receiving a material benefit deriving from the purchase of sexual services, procuring of persons for the purpose of prostitution, and advertising sexual services offered for sale. In addition, a number of other offences related to prostitution continue to be considered non-violent offences and are classified under ""Other Criminal Code offences"". These include communicating to provide sexual services for consideration, and; offences related to impeding traffic to buy or sell sexual services. At the same time, the survey was amended to classify the violations codes of Parent or guardian procuring sexual activity, and Householder permitting prohibited sexual activity under ""violations against the person"". The following violations officially expired on December 05, 2014: bawdy house, living off the avails of prostitution of a person under 18, procuring, obtains/communicates with a person under 18 for purpose of sex, and other prostitution. Police services are able to utilize these codes as their Records Management Systems are updated to allow it. As a result, these data should be interpreted with caution.",Violations,Public communication to sell sexual services
35-10-0177-01,64,"Bill C-36 came into effect in December 2014. The new legislation targets ""the exploitation that is inherent in prostitution and the risks of violence posed to those who engage in it"" (Criminal Code Chapter 25, preamble). New violations classified as ”Offences in Relation to Sexual Services” under ""violations against the person"" include: the purchasing of sexual services or communicating for that purpose, receiving a material benefit deriving from the purchase of sexual services, procuring of persons for the purpose of prostitution, and advertising sexual services offered for sale. In addition, a number of other offences related to prostitution continue to be considered non-violent offences and are classified under ""Other Criminal Code offences"". These include communicating to provide sexual services for consideration, and; offences related to impeding traffic to buy or sell sexual services. At the same time, the survey was amended to classify the violations codes of Parent or guardian procuring sexual activity, and Householder permitting prohibited sexual activity under ""violations against the person"". The following violations officially expired on December 05, 2014: bawdy house, living off the avails of prostitution of a person under 18, procuring, obtains/communicates with a person under 18 for purpose of sex, and other prostitution. Police services are able to utilize these codes as their Records Management Systems are updated to allow it. As a result, these data should be interpreted with caution.",Violations,Offences related to impeding traffic to buy or sell sexual services
35-10-0177-01,64,"Bill C-36 came into effect in December 2014. The new legislation targets ""the exploitation that is inherent in prostitution and the risks of violence posed to those who engage in it"" (Criminal Code Chapter 25, preamble). New violations classified as ”Offences in Relation to Sexual Services” under ""violations against the person"" include: the purchasing of sexual services or communicating for that purpose, receiving a material benefit deriving from the purchase of sexual services, procuring of persons for the purpose of prostitution, and advertising sexual services offered for sale. In addition, a number of other offences related to prostitution continue to be considered non-violent offences and are classified under ""Other Criminal Code offences"". These include communicating to provide sexual services for consideration, and; offences related to impeding traffic to buy or sell sexual services. At the same time, the survey was amended to classify the violations codes of Parent or guardian procuring sexual activity, and Householder permitting prohibited sexual activity under ""violations against the person"". The following violations officially expired on December 05, 2014: bawdy house, living off the avails of prostitution of a person under 18, procuring, obtains/communicates with a person under 18 for purpose of sex, and other prostitution. Police services are able to utilize these codes as their Records Management Systems are updated to allow it. As a result, these data should be interpreted with caution.",Violations,Obtaining sexual services for consideration
35-10-0177-01,64,"Bill C-36 came into effect in December 2014. The new legislation targets ""the exploitation that is inherent in prostitution and the risks of violence posed to those who engage in it"" (Criminal Code Chapter 25, preamble). New violations classified as ”Offences in Relation to Sexual Services” under ""violations against the person"" include: the purchasing of sexual services or communicating for that purpose, receiving a material benefit deriving from the purchase of sexual services, procuring of persons for the purpose of prostitution, and advertising sexual services offered for sale. In addition, a number of other offences related to prostitution continue to be considered non-violent offences and are classified under ""Other Criminal Code offences"". These include communicating to provide sexual services for consideration, and; offences related to impeding traffic to buy or sell sexual services. At the same time, the survey was amended to classify the violations codes of Parent or guardian procuring sexual activity, and Householder permitting prohibited sexual activity under ""violations against the person"". The following violations officially expired on December 05, 2014: bawdy house, living off the avails of prostitution of a person under 18, procuring, obtains/communicates with a person under 18 for purpose of sex, and other prostitution. Police services are able to utilize these codes as their Records Management Systems are updated to allow it. As a result, these data should be interpreted with caution.",Violations,Obtaining sexual services for consideration from person under the age of 18 years
35-10-0177-01,64,"Bill C-36 came into effect in December 2014. The new legislation targets ""the exploitation that is inherent in prostitution and the risks of violence posed to those who engage in it"" (Criminal Code Chapter 25, preamble). New violations classified as ”Offences in Relation to Sexual Services” under ""violations against the person"" include: the purchasing of sexual services or communicating for that purpose, receiving a material benefit deriving from the purchase of sexual services, procuring of persons for the purpose of prostitution, and advertising sexual services offered for sale. In addition, a number of other offences related to prostitution continue to be considered non-violent offences and are classified under ""Other Criminal Code offences"". These include communicating to provide sexual services for consideration, and; offences related to impeding traffic to buy or sell sexual services. At the same time, the survey was amended to classify the violations codes of Parent or guardian procuring sexual activity, and Householder permitting prohibited sexual activity under ""violations against the person"". The following violations officially expired on December 05, 2014: bawdy house, living off the avails of prostitution of a person under 18, procuring, obtains/communicates with a person under 18 for purpose of sex, and other prostitution. Police services are able to utilize these codes as their Records Management Systems are updated to allow it. As a result, these data should be interpreted with caution.",Violations,Receive material benefit from sexual services
35-10-0177-01,64,"Bill C-36 came into effect in December 2014. The new legislation targets ""the exploitation that is inherent in prostitution and the risks of violence posed to those who engage in it"" (Criminal Code Chapter 25, preamble). New violations classified as ”Offences in Relation to Sexual Services” under ""violations against the person"" include: the purchasing of sexual services or communicating for that purpose, receiving a material benefit deriving from the purchase of sexual services, procuring of persons for the purpose of prostitution, and advertising sexual services offered for sale. In addition, a number of other offences related to prostitution continue to be considered non-violent offences and are classified under ""Other Criminal Code offences"". These include communicating to provide sexual services for consideration, and; offences related to impeding traffic to buy or sell sexual services. At the same time, the survey was amended to classify the violations codes of Parent or guardian procuring sexual activity, and Householder permitting prohibited sexual activity under ""violations against the person"". The following violations officially expired on December 05, 2014: bawdy house, living off the avails of prostitution of a person under 18, procuring, obtains/communicates with a person under 18 for purpose of sex, and other prostitution. Police services are able to utilize these codes as their Records Management Systems are updated to allow it. As a result, these data should be interpreted with caution.",Violations,Receive material benefit from sexual services provided by person under the age of 18 years
35-10-0177-01,64,"Bill C-36 came into effect in December 2014. The new legislation targets ""the exploitation that is inherent in prostitution and the risks of violence posed to those who engage in it"" (Criminal Code Chapter 25, preamble). New violations classified as ”Offences in Relation to Sexual Services” under ""violations against the person"" include: the purchasing of sexual services or communicating for that purpose, receiving a material benefit deriving from the purchase of sexual services, procuring of persons for the purpose of prostitution, and advertising sexual services offered for sale. In addition, a number of other offences related to prostitution continue to be considered non-violent offences and are classified under ""Other Criminal Code offences"". These include communicating to provide sexual services for consideration, and; offences related to impeding traffic to buy or sell sexual services. At the same time, the survey was amended to classify the violations codes of Parent or guardian procuring sexual activity, and Householder permitting prohibited sexual activity under ""violations against the person"". The following violations officially expired on December 05, 2014: bawdy house, living off the avails of prostitution of a person under 18, procuring, obtains/communicates with a person under 18 for purpose of sex, and other prostitution. Police services are able to utilize these codes as their Records Management Systems are updated to allow it. As a result, these data should be interpreted with caution.",Violations,Procuring
35-10-0177-01,64,"Bill C-36 came into effect in December 2014. The new legislation targets ""the exploitation that is inherent in prostitution and the risks of violence posed to those who engage in it"" (Criminal Code Chapter 25, preamble). New violations classified as ”Offences in Relation to Sexual Services” under ""violations against the person"" include: the purchasing of sexual services or communicating for that purpose, receiving a material benefit deriving from the purchase of sexual services, procuring of persons for the purpose of prostitution, and advertising sexual services offered for sale. In addition, a number of other offences related to prostitution continue to be considered non-violent offences and are classified under ""Other Criminal Code offences"". These include communicating to provide sexual services for consideration, and; offences related to impeding traffic to buy or sell sexual services. At the same time, the survey was amended to classify the violations codes of Parent or guardian procuring sexual activity, and Householder permitting prohibited sexual activity under ""violations against the person"". The following violations officially expired on December 05, 2014: bawdy house, living off the avails of prostitution of a person under 18, procuring, obtains/communicates with a person under 18 for purpose of sex, and other prostitution. Police services are able to utilize these codes as their Records Management Systems are updated to allow it. As a result, these data should be interpreted with caution.",Violations,Procuring a person under the age of 18 years
35-10-0177-01,64,"Bill C-36 came into effect in December 2014. The new legislation targets ""the exploitation that is inherent in prostitution and the risks of violence posed to those who engage in it"" (Criminal Code Chapter 25, preamble). New violations classified as ”Offences in Relation to Sexual Services” under ""violations against the person"" include: the purchasing of sexual services or communicating for that purpose, receiving a material benefit deriving from the purchase of sexual services, procuring of persons for the purpose of prostitution, and advertising sexual services offered for sale. In addition, a number of other offences related to prostitution continue to be considered non-violent offences and are classified under ""Other Criminal Code offences"". These include communicating to provide sexual services for consideration, and; offences related to impeding traffic to buy or sell sexual services. At the same time, the survey was amended to classify the violations codes of Parent or guardian procuring sexual activity, and Householder permitting prohibited sexual activity under ""violations against the person"". The following violations officially expired on December 05, 2014: bawdy house, living off the avails of prostitution of a person under 18, procuring, obtains/communicates with a person under 18 for purpose of sex, and other prostitution. Police services are able to utilize these codes as their Records Management Systems are updated to allow it. As a result, these data should be interpreted with caution.",Violations,Advertising sexual services
35-10-0177-01,64,"Bill C-36 came into effect in December 2014. The new legislation targets ""the exploitation that is inherent in prostitution and the risks of violence posed to those who engage in it"" (Criminal Code Chapter 25, preamble). New violations classified as ”Offences in Relation to Sexual Services” under ""violations against the person"" include: the purchasing of sexual services or communicating for that purpose, receiving a material benefit deriving from the purchase of sexual services, procuring of persons for the purpose of prostitution, and advertising sexual services offered for sale. In addition, a number of other offences related to prostitution continue to be considered non-violent offences and are classified under ""Other Criminal Code offences"". These include communicating to provide sexual services for consideration, and; offences related to impeding traffic to buy or sell sexual services. At the same time, the survey was amended to classify the violations codes of Parent or guardian procuring sexual activity, and Householder permitting prohibited sexual activity under ""violations against the person"". The following violations officially expired on December 05, 2014: bawdy house, living off the avails of prostitution of a person under 18, procuring, obtains/communicates with a person under 18 for purpose of sex, and other prostitution. Police services are able to utilize these codes as their Records Management Systems are updated to allow it. As a result, these data should be interpreted with caution.",Violations,Parent or guardian procuring sexual activity
35-10-0177-01,64,"Bill C-36 came into effect in December 2014. The new legislation targets ""the exploitation that is inherent in prostitution and the risks of violence posed to those who engage in it"" (Criminal Code Chapter 25, preamble). New violations classified as ”Offences in Relation to Sexual Services” under ""violations against the person"" include: the purchasing of sexual services or communicating for that purpose, receiving a material benefit deriving from the purchase of sexual services, procuring of persons for the purpose of prostitution, and advertising sexual services offered for sale. In addition, a number of other offences related to prostitution continue to be considered non-violent offences and are classified under ""Other Criminal Code offences"". These include communicating to provide sexual services for consideration, and; offences related to impeding traffic to buy or sell sexual services. At the same time, the survey was amended to classify the violations codes of Parent or guardian procuring sexual activity, and Householder permitting prohibited sexual activity under ""violations against the person"". The following violations officially expired on December 05, 2014: bawdy house, living off the avails of prostitution of a person under 18, procuring, obtains/communicates with a person under 18 for purpose of sex, and other prostitution. Police services are able to utilize these codes as their Records Management Systems are updated to allow it. As a result, these data should be interpreted with caution.",Violations,Householder permitting prohibited sexual activity
35-10-0177-01,64,"Bill C-36 came into effect in December 2014. The new legislation targets ""the exploitation that is inherent in prostitution and the risks of violence posed to those who engage in it"" (Criminal Code Chapter 25, preamble). New violations classified as ”Offences in Relation to Sexual Services” under ""violations against the person"" include: the purchasing of sexual services or communicating for that purpose, receiving a material benefit deriving from the purchase of sexual services, procuring of persons for the purpose of prostitution, and advertising sexual services offered for sale. In addition, a number of other offences related to prostitution continue to be considered non-violent offences and are classified under ""Other Criminal Code offences"". These include communicating to provide sexual services for consideration, and; offences related to impeding traffic to buy or sell sexual services. At the same time, the survey was amended to classify the violations codes of Parent or guardian procuring sexual activity, and Householder permitting prohibited sexual activity under ""violations against the person"". The following violations officially expired on December 05, 2014: bawdy house, living off the avails of prostitution of a person under 18, procuring, obtains/communicates with a person under 18 for purpose of sex, and other prostitution. Police services are able to utilize these codes as their Records Management Systems are updated to allow it. As a result, these data should be interpreted with caution.",Violations,Total offences in relation to sexual services
35-10-0177-01,65,"In April of 2013, the Government of Canada introduced a new bill entitled ""An Act to amend the Criminal Code, the Canada Evidence Act and the Security of Information Act"" (Bill S-7). As a result of this new legislation, the following Uniform Crime Reporting Survey (UCR) violation codes were introduced: leave Canada to participate in activity of a terrorist group, leave Canada to facilitate terrorist activity, leave Canada to commit an offence for a terrorist group, leave Canada to commit an offence that is a terrorist activity, harbour/conceal known terrorist where terrorist activity had max = life, harbour/conceal known terrorist where terrorist activity had max not = life, harbour/conceal person likely to carry out terrorist activity. Police services are able to utilise these codes as their Records Management Systems are updated to allow them. As a result, these data may be under-counted and should therefore be interpreted with caution.",Violations,Leaving Canada to participate in activity of terrorist group
35-10-0177-01,65,"In April of 2013, the Government of Canada introduced a new bill entitled ""An Act to amend the Criminal Code, the Canada Evidence Act and the Security of Information Act"" (Bill S-7). As a result of this new legislation, the following Uniform Crime Reporting Survey (UCR) violation codes were introduced: leave Canada to participate in activity of a terrorist group, leave Canada to facilitate terrorist activity, leave Canada to commit an offence for a terrorist group, leave Canada to commit an offence that is a terrorist activity, harbour/conceal known terrorist where terrorist activity had max = life, harbour/conceal known terrorist where terrorist activity had max not = life, harbour/conceal person likely to carry out terrorist activity. Police services are able to utilise these codes as their Records Management Systems are updated to allow them. As a result, these data may be under-counted and should therefore be interpreted with caution.",Violations,Leaving Canada to facilitate terrorist activity
35-10-0177-01,65,"In April of 2013, the Government of Canada introduced a new bill entitled ""An Act to amend the Criminal Code, the Canada Evidence Act and the Security of Information Act"" (Bill S-7). As a result of this new legislation, the following Uniform Crime Reporting Survey (UCR) violation codes were introduced: leave Canada to participate in activity of a terrorist group, leave Canada to facilitate terrorist activity, leave Canada to commit an offence for a terrorist group, leave Canada to commit an offence that is a terrorist activity, harbour/conceal known terrorist where terrorist activity had max = life, harbour/conceal known terrorist where terrorist activity had max not = life, harbour/conceal person likely to carry out terrorist activity. Police services are able to utilise these codes as their Records Management Systems are updated to allow them. As a result, these data may be under-counted and should therefore be interpreted with caution.",Violations,Leaving Canada to commit offence for terrorist group
35-10-0177-01,65,"In April of 2013, the Government of Canada introduced a new bill entitled ""An Act to amend the Criminal Code, the Canada Evidence Act and the Security of Information Act"" (Bill S-7). As a result of this new legislation, the following Uniform Crime Reporting Survey (UCR) violation codes were introduced: leave Canada to participate in activity of a terrorist group, leave Canada to facilitate terrorist activity, leave Canada to commit an offence for a terrorist group, leave Canada to commit an offence that is a terrorist activity, harbour/conceal known terrorist where terrorist activity had max = life, harbour/conceal known terrorist where terrorist activity had max not = life, harbour/conceal person likely to carry out terrorist activity. Police services are able to utilise these codes as their Records Management Systems are updated to allow them. As a result, these data may be under-counted and should therefore be interpreted with caution.",Violations,Leaving Canada to commit offence that is terrorist activity
35-10-0177-01,65,"In April of 2013, the Government of Canada introduced a new bill entitled ""An Act to amend the Criminal Code, the Canada Evidence Act and the Security of Information Act"" (Bill S-7). As a result of this new legislation, the following Uniform Crime Reporting Survey (UCR) violation codes were introduced: leave Canada to participate in activity of a terrorist group, leave Canada to facilitate terrorist activity, leave Canada to commit an offence for a terrorist group, leave Canada to commit an offence that is a terrorist activity, harbour/conceal known terrorist where terrorist activity had max = life, harbour/conceal known terrorist where terrorist activity had max not = life, harbour/conceal person likely to carry out terrorist activity. Police services are able to utilise these codes as their Records Management Systems are updated to allow them. As a result, these data may be under-counted and should therefore be interpreted with caution.",Violations,Concealing person who carried out terrorist activity that is a terrorism offence for which that person is liable to imprisonment for life
35-10-0177-01,65,"In April of 2013, the Government of Canada introduced a new bill entitled ""An Act to amend the Criminal Code, the Canada Evidence Act and the Security of Information Act"" (Bill S-7). As a result of this new legislation, the following Uniform Crime Reporting Survey (UCR) violation codes were introduced: leave Canada to participate in activity of a terrorist group, leave Canada to facilitate terrorist activity, leave Canada to commit an offence for a terrorist group, leave Canada to commit an offence that is a terrorist activity, harbour/conceal known terrorist where terrorist activity had max = life, harbour/conceal known terrorist where terrorist activity had max not = life, harbour/conceal person likely to carry out terrorist activity. Police services are able to utilise these codes as their Records Management Systems are updated to allow them. As a result, these data may be under-counted and should therefore be interpreted with caution.",Violations,Concealing person who carried out terrorist activity that is a terrorism offence for which that person is liable to any punishment other than life
35-10-0177-01,65,"In April of 2013, the Government of Canada introduced a new bill entitled ""An Act to amend the Criminal Code, the Canada Evidence Act and the Security of Information Act"" (Bill S-7). As a result of this new legislation, the following Uniform Crime Reporting Survey (UCR) violation codes were introduced: leave Canada to participate in activity of a terrorist group, leave Canada to facilitate terrorist activity, leave Canada to commit an offence for a terrorist group, leave Canada to commit an offence that is a terrorist activity, harbour/conceal known terrorist where terrorist activity had max = life, harbour/conceal known terrorist where terrorist activity had max not = life, harbour/conceal person likely to carry out terrorist activity. Police services are able to utilise these codes as their Records Management Systems are updated to allow them. As a result, these data may be under-counted and should therefore be interpreted with caution.",Violations,Concealing person who is likely to carry out terrorist activity
35-10-0177-01,66,"On June 19, 2014, the Canadian Government granted royal assent to Bill C-394 ""An Act to amend the Criminal Code and the National Defence Act (criminal organization recruitment)"". The Come into Force date for this Act was June 19, 2014. As a result, the following violation was introduced: recruitment of members by a criminal organization. Police services are able to utilise this code as their Records Management Systems are updated to allow it. As a result, these data should be interpreted with caution.",Violations,Recruitment of members by a criminal organization
35-10-0177-01,67,"Ontario numbers also include child pornography incidents reported by the Canadian Police Centre for Missing and Exploited Children of the RCMP which is located in the City of Ottawa. The Centre responds to Internet-facilitated sexual abuse cases nationally. Therefore, while the incidents are detected by the RCMP Centre located in Ontario, the incidents themselves or the offenders are not limited to the province of Ontario.",Geography,Ontario [35]
35-10-0177-01,68,"Prior to 2013, all incidents of child pornography recorded by the Royal Canadian Mounted Police Service's Canadian Police Centre for Missing and Exploited Children (CPCMEC), located in Ottawa, were reported under the Ottawa Police Service. In 2014, Statistics Canada began reporting CPCMEC data separately and revised data for 2013 to account for this change. As a result of revisions to the 2013 data, some incidents identified by the CPCMEC and referred to the Ottawa Police Service for investigation may have been transferred to the CPCMEC. As such, the revised number of incidents for Ottawa Police Service for 2013 may be underrepresented and should not be compared to other years.",Geography,"Ottawa-Gatineau, Ontario/Quebec [24505/35505]"
35-10-0177-01,68,"Prior to 2013, all incidents of child pornography recorded by the Royal Canadian Mounted Police Service's Canadian Police Centre for Missing and Exploited Children (CPCMEC), located in Ottawa, were reported under the Ottawa Police Service. In 2014, Statistics Canada began reporting CPCMEC data separately and revised data for 2013 to account for this change. As a result of revisions to the 2013 data, some incidents identified by the CPCMEC and referred to the Ottawa Police Service for investigation may have been transferred to the CPCMEC. As such, the revised number of incidents for Ottawa Police Service for 2013 may be underrepresented and should not be compared to other years.",Geography,"Ottawa-Gatineau, Ontario part [35505]"
35-10-0177-01,69,"Historically, police services reported all child pornography offences under a single combined violation code, of which the majority of the offences were possessing child pornography. In early 2016, the Uniform Crime Reporting Survey (UCR) was modified to allow police to report making and distributing child pornography from other child pornography offences (i.e., possession and accessing child pornography). Since police services are able to utilize these codes as their Records Management Systems are updated to allow them, a few were reported in 2015. As a result, these data should therefore be interpreted with caution.",Violations,Child Sexual Abuse and Exploitation Material (Possessing or Accessing)
35-10-0177-01,69,"Historically, police services reported all child pornography offences under a single combined violation code, of which the majority of the offences were possessing child pornography. In early 2016, the Uniform Crime Reporting Survey (UCR) was modified to allow police to report making and distributing child pornography from other child pornography offences (i.e., possession and accessing child pornography). Since police services are able to utilize these codes as their Records Management Systems are updated to allow them, a few were reported in 2015. As a result, these data should therefore be interpreted with caution.",Violations,Child Sexual Abuse and Exploitation Material (Making or Distributing)
35-10-0177-01,70,"Coming into effect on July 17th, 2015, Bill C-26 increased the maximum penalties for certain sexual offences against children, including failure to comply with orders and probation conditions relating to sexual offences against children. In the Uniform Crime Reporting Survey (UCR), the most serious violation is partially determined by the maximum penalty. As such, changes in maximum penalty may affect the most serious violation in an incident reported by police. Police services are able to utilize these amendments as their Records Management Systems are updated to allow them.",Violations,Total sexual violations against children
35-10-0177-01,70,"Coming into effect on July 17th, 2015, Bill C-26 increased the maximum penalties for certain sexual offences against children, including failure to comply with orders and probation conditions relating to sexual offences against children. In the Uniform Crime Reporting Survey (UCR), the most serious violation is partially determined by the maximum penalty. As such, changes in maximum penalty may affect the most serious violation in an incident reported by police. Police services are able to utilize these amendments as their Records Management Systems are updated to allow them.",Violations,Sexual interference
35-10-0177-01,70,"Coming into effect on July 17th, 2015, Bill C-26 increased the maximum penalties for certain sexual offences against children, including failure to comply with orders and probation conditions relating to sexual offences against children. In the Uniform Crime Reporting Survey (UCR), the most serious violation is partially determined by the maximum penalty. As such, changes in maximum penalty may affect the most serious violation in an incident reported by police. Police services are able to utilize these amendments as their Records Management Systems are updated to allow them.",Violations,Invitation to sexual touching
35-10-0177-01,70,"Coming into effect on July 17th, 2015, Bill C-26 increased the maximum penalties for certain sexual offences against children, including failure to comply with orders and probation conditions relating to sexual offences against children. In the Uniform Crime Reporting Survey (UCR), the most serious violation is partially determined by the maximum penalty. As such, changes in maximum penalty may affect the most serious violation in an incident reported by police. Police services are able to utilize these amendments as their Records Management Systems are updated to allow them.",Violations,Sexual exploitation
35-10-0177-01,70,"Coming into effect on July 17th, 2015, Bill C-26 increased the maximum penalties for certain sexual offences against children, including failure to comply with orders and probation conditions relating to sexual offences against children. In the Uniform Crime Reporting Survey (UCR), the most serious violation is partially determined by the maximum penalty. As such, changes in maximum penalty may affect the most serious violation in an incident reported by police. Police services are able to utilize these amendments as their Records Management Systems are updated to allow them.",Violations,Luring a child via a computer
35-10-0177-01,70,"Coming into effect on July 17th, 2015, Bill C-26 increased the maximum penalties for certain sexual offences against children, including failure to comply with orders and probation conditions relating to sexual offences against children. In the Uniform Crime Reporting Survey (UCR), the most serious violation is partially determined by the maximum penalty. As such, changes in maximum penalty may affect the most serious violation in an incident reported by police. Police services are able to utilize these amendments as their Records Management Systems are updated to allow them.",Violations,Child Sexual Abuse and Exploitation Material (Possessing or Accessing)
35-10-0177-01,70,"Coming into effect on July 17th, 2015, Bill C-26 increased the maximum penalties for certain sexual offences against children, including failure to comply with orders and probation conditions relating to sexual offences against children. In the Uniform Crime Reporting Survey (UCR), the most serious violation is partially determined by the maximum penalty. As such, changes in maximum penalty may affect the most serious violation in an incident reported by police. Police services are able to utilize these amendments as their Records Management Systems are updated to allow them.",Violations,Fail to comply with order
35-10-0177-01,70,"Coming into effect on July 17th, 2015, Bill C-26 increased the maximum penalties for certain sexual offences against children, including failure to comply with orders and probation conditions relating to sexual offences against children. In the Uniform Crime Reporting Survey (UCR), the most serious violation is partially determined by the maximum penalty. As such, changes in maximum penalty may affect the most serious violation in an incident reported by police. Police services are able to utilize these amendments as their Records Management Systems are updated to allow them.",Violations,Breach of probation
35-10-0177-01,70,"Coming into effect on July 17th, 2015, Bill C-26 increased the maximum penalties for certain sexual offences against children, including failure to comply with orders and probation conditions relating to sexual offences against children. In the Uniform Crime Reporting Survey (UCR), the most serious violation is partially determined by the maximum penalty. As such, changes in maximum penalty may affect the most serious violation in an incident reported by police. Police services are able to utilize these amendments as their Records Management Systems are updated to allow them.",Violations,Making sexually explicit material available to children
35-10-0177-01,70,"Coming into effect on July 17th, 2015, Bill C-26 increased the maximum penalties for certain sexual offences against children, including failure to comply with orders and probation conditions relating to sexual offences against children. In the Uniform Crime Reporting Survey (UCR), the most serious violation is partially determined by the maximum penalty. As such, changes in maximum penalty may affect the most serious violation in an incident reported by police. Police services are able to utilize these amendments as their Records Management Systems are updated to allow them.",Violations,Parent or guardian procuring sexual activity
35-10-0177-01,70,"Coming into effect on July 17th, 2015, Bill C-26 increased the maximum penalties for certain sexual offences against children, including failure to comply with orders and probation conditions relating to sexual offences against children. In the Uniform Crime Reporting Survey (UCR), the most serious violation is partially determined by the maximum penalty. As such, changes in maximum penalty may affect the most serious violation in an incident reported by police. Police services are able to utilize these amendments as their Records Management Systems are updated to allow them.",Violations,Householder permitting prohibited sexual activity
35-10-0177-01,70,"Coming into effect on July 17th, 2015, Bill C-26 increased the maximum penalties for certain sexual offences against children, including failure to comply with orders and probation conditions relating to sexual offences against children. In the Uniform Crime Reporting Survey (UCR), the most serious violation is partially determined by the maximum penalty. As such, changes in maximum penalty may affect the most serious violation in an incident reported by police. Police services are able to utilize these amendments as their Records Management Systems are updated to allow them.",Violations,Child Sexual Abuse and Exploitation Material (Making or Distributing)
35-10-0177-01,71,"On April 10, 2015, Bill C-10 Tackling Contraband Tobacco Act came into effect. As a result, this law created the Criminal Code offence of trafficking in contraband tobacco which is counted under the violation ""Offences against the administration of law and justice"". Prior to April 2015, the offence was counted under ""Excise Act"". As such, comparisons of these two violations to previous years should be made with caution.",Violations,Other violations against the administration of law and justice (Part IV Criminal Code)
35-10-0177-01,72,"Effective December 2014, Bill C-36 amended the definition of the term ""common bawdy house"" in the Criminal Code to remove reference to prostitution. As a result of this amendment, the Uniform Crime Reporting Survey (UCR) violation of ""Bawdy house"" was terminated, and the new violation of ""Common bawdy house"" was introduced. Police services are able to utilise this amendment as their Records Management Systems are updated to allow it. As a result, these data should be interpreted with caution.",Violations,Bawdy house
35-10-0177-01,72,"Effective December 2014, Bill C-36 amended the definition of the term ""common bawdy house"" in the Criminal Code to remove reference to prostitution. As a result of this amendment, the Uniform Crime Reporting Survey (UCR) violation of ""Bawdy house"" was terminated, and the new violation of ""Common bawdy house"" was introduced. Police services are able to utilise this amendment as their Records Management Systems are updated to allow it. As a result, these data should be interpreted with caution.",Violations,Common Bawdy House
35-10-0177-01,73,"Includes Criminal Code violations that specifically concern offences involving child and youth victims. These include sexual interference, invitation to sexual touching, sexual exploitation, making sexually explicit material available to children for the purpose of facilitating sexual offences against children/youth, luring a child via a computer, parent or guardian procuring sexual activity, householder permitting prohibited sexual activity, agreement or arrangement and bestiality in presence of, or incites, a child. Incidents of child pornography are not included in the category of sexual violations against children. Excludes incidents of sexual assault levels 1, 2 and 3 against children and youth which are counted within those three violation categories. Other sexual offences not involving assault or sexual violations against children are included with ""other violent offences"".",Violations,Total sexual violations against children
35-10-0177-01,74,"Due to the length of time for investigations to confirm whether or not the incident is founded, annual counts of terrorism offences are subject to revisions downwards when revised data are released one year after the initial release. Therefore, changes between the current year of data and the previous year should be interpreted with caution.",Violations,Property or service for terrorist activity
35-10-0177-01,74,"Due to the length of time for investigations to confirm whether or not the incident is founded, annual counts of terrorism offences are subject to revisions downwards when revised data are released one year after the initial release. Therefore, changes between the current year of data and the previous year should be interpreted with caution.",Violations,"Freezing of property, disclosure or audit"
35-10-0177-01,74,"Due to the length of time for investigations to confirm whether or not the incident is founded, annual counts of terrorism offences are subject to revisions downwards when revised data are released one year after the initial release. Therefore, changes between the current year of data and the previous year should be interpreted with caution.",Violations,Participate in activity of terrorist group
35-10-0177-01,74,"Due to the length of time for investigations to confirm whether or not the incident is founded, annual counts of terrorism offences are subject to revisions downwards when revised data are released one year after the initial release. Therefore, changes between the current year of data and the previous year should be interpreted with caution.",Violations,Facilitate terrorist activity
35-10-0177-01,74,"Due to the length of time for investigations to confirm whether or not the incident is founded, annual counts of terrorism offences are subject to revisions downwards when revised data are released one year after the initial release. Therefore, changes between the current year of data and the previous year should be interpreted with caution.",Violations,Commission or instructing to carry out terrorist activity
35-10-0177-01,74,"Due to the length of time for investigations to confirm whether or not the incident is founded, annual counts of terrorism offences are subject to revisions downwards when revised data are released one year after the initial release. Therefore, changes between the current year of data and the previous year should be interpreted with caution.",Violations,Harbour or conceal terrorist
35-10-0177-01,74,"Due to the length of time for investigations to confirm whether or not the incident is founded, annual counts of terrorism offences are subject to revisions downwards when revised data are released one year after the initial release. Therefore, changes between the current year of data and the previous year should be interpreted with caution.",Violations,Hoax terrorism
35-10-0177-01,74,"Due to the length of time for investigations to confirm whether or not the incident is founded, annual counts of terrorism offences are subject to revisions downwards when revised data are released one year after the initial release. Therefore, changes between the current year of data and the previous year should be interpreted with caution.",Violations,Leaving Canada to participate in activity of terrorist group
35-10-0177-01,74,"Due to the length of time for investigations to confirm whether or not the incident is founded, annual counts of terrorism offences are subject to revisions downwards when revised data are released one year after the initial release. Therefore, changes between the current year of data and the previous year should be interpreted with caution.",Violations,Leaving Canada to facilitate terrorist activity
35-10-0177-01,74,"Due to the length of time for investigations to confirm whether or not the incident is founded, annual counts of terrorism offences are subject to revisions downwards when revised data are released one year after the initial release. Therefore, changes between the current year of data and the previous year should be interpreted with caution.",Violations,Leaving Canada to commit offence for terrorist group
35-10-0177-01,74,"Due to the length of time for investigations to confirm whether or not the incident is founded, annual counts of terrorism offences are subject to revisions downwards when revised data are released one year after the initial release. Therefore, changes between the current year of data and the previous year should be interpreted with caution.",Violations,Leaving Canada to commit offence that is terrorist activity
35-10-0177-01,74,"Due to the length of time for investigations to confirm whether or not the incident is founded, annual counts of terrorism offences are subject to revisions downwards when revised data are released one year after the initial release. Therefore, changes between the current year of data and the previous year should be interpreted with caution.",Violations,Concealing person who carried out terrorist activity that is a terrorism offence for which that person is liable to imprisonment for life
35-10-0177-01,74,"Due to the length of time for investigations to confirm whether or not the incident is founded, annual counts of terrorism offences are subject to revisions downwards when revised data are released one year after the initial release. Therefore, changes between the current year of data and the previous year should be interpreted with caution.",Violations,Concealing person who carried out terrorist activity that is a terrorism offence for which that person is liable to any punishment other than life
35-10-0177-01,74,"Due to the length of time for investigations to confirm whether or not the incident is founded, annual counts of terrorism offences are subject to revisions downwards when revised data are released one year after the initial release. Therefore, changes between the current year of data and the previous year should be interpreted with caution.",Violations,Concealing person who is likely to carry out terrorist activity
35-10-0177-01,74,"Due to the length of time for investigations to confirm whether or not the incident is founded, annual counts of terrorism offences are subject to revisions downwards when revised data are released one year after the initial release. Therefore, changes between the current year of data and the previous year should be interpreted with caution.",Violations,Advocating/Promoting terrorism offence
35-10-0177-01,75,"On March 9, 2015, Bill C-13 Protecting Canadians from Online Crime Act came into effect. As a result, the law created a new criminal offence of non-consensual distribution of intimate images. It also clarified that Criminal Code offences of harassing / indecent communications can be committed by any means of telecommunication. Police services are able to utilize these amendments as their Records Management Systems are updated to allow them.",Violations,Indecent/Harassing communications
35-10-0177-01,75,"On March 9, 2015, Bill C-13 Protecting Canadians from Online Crime Act came into effect. As a result, the law created a new criminal offence of non-consensual distribution of intimate images. It also clarified that Criminal Code offences of harassing / indecent communications can be committed by any means of telecommunication. Police services are able to utilize these amendments as their Records Management Systems are updated to allow them.",Violations,Non-consensual distribution of intimate images
35-10-0177-01,76,"The increase in incidents of child pornography between 2014 and 2015 can be in part attributed to a proactive project initiated by the British Columbia Integrated Child Exploitation Unit which recorded Internet Protocol (IP) addresses that were in possession of, and possibly sharing child pornography. As the initiative focused on Victoria in 2015, notable increases in these offences were reported by this jurisdiction.",Geography,"Victoria, British Columbia [59935]"
35-10-0177-01,76,"The increase in incidents of child pornography between 2014 and 2015 can be in part attributed to a proactive project initiated by the British Columbia Integrated Child Exploitation Unit which recorded Internet Protocol (IP) addresses that were in possession of, and possibly sharing child pornography. As the initiative focused on Victoria in 2015, notable increases in these offences were reported by this jurisdiction.",Violations,Child Sexual Abuse and Exploitation Material (Possessing or Accessing)
35-10-0177-01,76,"The increase in incidents of child pornography between 2014 and 2015 can be in part attributed to a proactive project initiated by the British Columbia Integrated Child Exploitation Unit which recorded Internet Protocol (IP) addresses that were in possession of, and possibly sharing child pornography. As the initiative focused on Victoria in 2015, notable increases in these offences were reported by this jurisdiction.",Violations,Child Sexual Abuse and Exploitation Material (Making or Distributing)
35-10-0177-01,78,"On June 17, 2016, Bill C-14 ""An Act to amend the Criminal Code to make related amendments to other Acts (medical assistance in dying)"" came in effect. As a result, the law created new offences around for failing to comply with the safeguards which must be respected before medical assistance in dying may be provided to a person, for forging or destroying documents related to medical assistance in dying, for failing to provide the required information for the purpose of permitting the monitoring of medical assistance in dying and for contravening the regulations made by the Minister of Health respecting that information. Three new UCR2 violation codes were introduced in response to these amendments to the Criminal Code. Police services are able to utilize the survey revision as their Records Management Systems are updated to allow them.",Violations,Offences against the person and reputation (Part VIII Criminal Code)
35-10-0177-01,78,"On June 17, 2016, Bill C-14 ""An Act to amend the Criminal Code to make related amendments to other Acts (medical assistance in dying)"" came in effect. As a result, the law created new offences around for failing to comply with the safeguards which must be respected before medical assistance in dying may be provided to a person, for forging or destroying documents related to medical assistance in dying, for failing to provide the required information for the purpose of permitting the monitoring of medical assistance in dying and for contravening the regulations made by the Minister of Health respecting that information. Three new UCR2 violation codes were introduced in response to these amendments to the Criminal Code. Police services are able to utilize the survey revision as their Records Management Systems are updated to allow them.",Violations,Failure to comply with mandatory safeguards in relation to medical assistance in dying
35-10-0177-01,78,"On June 17, 2016, Bill C-14 ""An Act to amend the Criminal Code to make related amendments to other Acts (medical assistance in dying)"" came in effect. As a result, the law created new offences around for failing to comply with the safeguards which must be respected before medical assistance in dying may be provided to a person, for forging or destroying documents related to medical assistance in dying, for failing to provide the required information for the purpose of permitting the monitoring of medical assistance in dying and for contravening the regulations made by the Minister of Health respecting that information. Three new UCR2 violation codes were introduced in response to these amendments to the Criminal Code. Police services are able to utilize the survey revision as their Records Management Systems are updated to allow them.",Violations,Forging or destroying documents related to assistance requests with criminal intent
35-10-0177-01,79,"The increase in incidents of child pornography between 2015 and 2016 in Vancouver can be in part attributed to a proactive project initiated by the British Columbia Integrated Child Exploitation Unit which recorded Internet Protocol (IP) addresses that were in possession of, and possibly sharing child pornography. As the initiative focused on Vancouver in 2016, notable increases in these offences were reported by this jurisdiction. As a result, comparison with previous years should be done with caution.",Geography,British Columbia [59]
35-10-0177-01,79,"The increase in incidents of child pornography between 2015 and 2016 in Vancouver can be in part attributed to a proactive project initiated by the British Columbia Integrated Child Exploitation Unit which recorded Internet Protocol (IP) addresses that were in possession of, and possibly sharing child pornography. As the initiative focused on Vancouver in 2016, notable increases in these offences were reported by this jurisdiction. As a result, comparison with previous years should be done with caution.",Geography,"Vancouver, British Columbia [59933]"
35-10-0177-01,79,"The increase in incidents of child pornography between 2015 and 2016 in Vancouver can be in part attributed to a proactive project initiated by the British Columbia Integrated Child Exploitation Unit which recorded Internet Protocol (IP) addresses that were in possession of, and possibly sharing child pornography. As the initiative focused on Vancouver in 2016, notable increases in these offences were reported by this jurisdiction. As a result, comparison with previous years should be done with caution.",Violations,Child Sexual Abuse and Exploitation Material (Possessing or Accessing)
35-10-0177-01,79,"The increase in incidents of child pornography between 2015 and 2016 in Vancouver can be in part attributed to a proactive project initiated by the British Columbia Integrated Child Exploitation Unit which recorded Internet Protocol (IP) addresses that were in possession of, and possibly sharing child pornography. As the initiative focused on Vancouver in 2016, notable increases in these offences were reported by this jurisdiction. As a result, comparison with previous years should be done with caution.",Violations,Child Sexual Abuse and Exploitation Material (Making or Distributing)
35-10-0177-01,80,"In 2016, the Royal Canadian Mounted Police (RCMP) detachment in Montréal underwent an exercise in making corrective measures to address under-counting of incidents importation/exportation and trafficking of drug offences. In response, Statistics Canada applied estimates to the 2015 revised data. As a result, numbers and rates from 2015 onwards should not be compared to data prior to 2015.",Geography,Quebec [24]
35-10-0177-01,80,"In 2016, the Royal Canadian Mounted Police (RCMP) detachment in Montréal underwent an exercise in making corrective measures to address under-counting of incidents importation/exportation and trafficking of drug offences. In response, Statistics Canada applied estimates to the 2015 revised data. As a result, numbers and rates from 2015 onwards should not be compared to data prior to 2015.",Geography,"Montréal, Quebec [24462]"
35-10-0177-01,80,"In 2016, the Royal Canadian Mounted Police (RCMP) detachment in Montréal underwent an exercise in making corrective measures to address under-counting of incidents importation/exportation and trafficking of drug offences. In response, Statistics Canada applied estimates to the 2015 revised data. As a result, numbers and rates from 2015 onwards should not be compared to data prior to 2015.",Violations,"Total cannabis, trafficking, production or distribution (pre-legalization)"
35-10-0177-01,80,"In 2016, the Royal Canadian Mounted Police (RCMP) detachment in Montréal underwent an exercise in making corrective measures to address under-counting of incidents importation/exportation and trafficking of drug offences. In response, Statistics Canada applied estimates to the 2015 revised data. As a result, numbers and rates from 2015 onwards should not be compared to data prior to 2015.",Violations,"Cannabis, trafficking (pre-legalization)"
35-10-0177-01,80,"In 2016, the Royal Canadian Mounted Police (RCMP) detachment in Montréal underwent an exercise in making corrective measures to address under-counting of incidents importation/exportation and trafficking of drug offences. In response, Statistics Canada applied estimates to the 2015 revised data. As a result, numbers and rates from 2015 onwards should not be compared to data prior to 2015.",Violations,"Cannabis, importation and exportation (pre-legalization)"
35-10-0177-01,80,"In 2016, the Royal Canadian Mounted Police (RCMP) detachment in Montréal underwent an exercise in making corrective measures to address under-counting of incidents importation/exportation and trafficking of drug offences. In response, Statistics Canada applied estimates to the 2015 revised data. As a result, numbers and rates from 2015 onwards should not be compared to data prior to 2015.",Violations,"Total cocaine, trafficking, production or distribution"
35-10-0177-01,80,"In 2016, the Royal Canadian Mounted Police (RCMP) detachment in Montréal underwent an exercise in making corrective measures to address under-counting of incidents importation/exportation and trafficking of drug offences. In response, Statistics Canada applied estimates to the 2015 revised data. As a result, numbers and rates from 2015 onwards should not be compared to data prior to 2015.",Violations,"Cocaine, trafficking"
35-10-0177-01,80,"In 2016, the Royal Canadian Mounted Police (RCMP) detachment in Montréal underwent an exercise in making corrective measures to address under-counting of incidents importation/exportation and trafficking of drug offences. In response, Statistics Canada applied estimates to the 2015 revised data. As a result, numbers and rates from 2015 onwards should not be compared to data prior to 2015.",Violations,"Cocaine, importation and exportation"
35-10-0177-01,80,"In 2016, the Royal Canadian Mounted Police (RCMP) detachment in Montréal underwent an exercise in making corrective measures to address under-counting of incidents importation/exportation and trafficking of drug offences. In response, Statistics Canada applied estimates to the 2015 revised data. As a result, numbers and rates from 2015 onwards should not be compared to data prior to 2015.",Violations,"Total other Controlled Drugs and Substances Act drugs, trafficking, production or distribution"
35-10-0177-01,80,"In 2016, the Royal Canadian Mounted Police (RCMP) detachment in Montréal underwent an exercise in making corrective measures to address under-counting of incidents importation/exportation and trafficking of drug offences. In response, Statistics Canada applied estimates to the 2015 revised data. As a result, numbers and rates from 2015 onwards should not be compared to data prior to 2015.",Violations,"Other Controlled Drugs and Substances Act, trafficking"
35-10-0177-01,80,"In 2016, the Royal Canadian Mounted Police (RCMP) detachment in Montréal underwent an exercise in making corrective measures to address under-counting of incidents importation/exportation and trafficking of drug offences. In response, Statistics Canada applied estimates to the 2015 revised data. As a result, numbers and rates from 2015 onwards should not be compared to data prior to 2015.",Violations,"Methamphetamines (crystal meth), trafficking"
35-10-0177-01,80,"In 2016, the Royal Canadian Mounted Police (RCMP) detachment in Montréal underwent an exercise in making corrective measures to address under-counting of incidents importation/exportation and trafficking of drug offences. In response, Statistics Canada applied estimates to the 2015 revised data. As a result, numbers and rates from 2015 onwards should not be compared to data prior to 2015.",Violations,"Heroin, importation and exportation"
35-10-0177-01,80,"In 2016, the Royal Canadian Mounted Police (RCMP) detachment in Montréal underwent an exercise in making corrective measures to address under-counting of incidents importation/exportation and trafficking of drug offences. In response, Statistics Canada applied estimates to the 2015 revised data. As a result, numbers and rates from 2015 onwards should not be compared to data prior to 2015.",Violations,"Other Controlled Drugs and Substances Act, importation and exportation"
35-10-0177-01,80,"In 2016, the Royal Canadian Mounted Police (RCMP) detachment in Montréal underwent an exercise in making corrective measures to address under-counting of incidents importation/exportation and trafficking of drug offences. In response, Statistics Canada applied estimates to the 2015 revised data. As a result, numbers and rates from 2015 onwards should not be compared to data prior to 2015.",Violations,"Methamphetamines (crystal meth), importation and exportation"
35-10-0177-01,80,"In 2016, the Royal Canadian Mounted Police (RCMP) detachment in Montréal underwent an exercise in making corrective measures to address under-counting of incidents importation/exportation and trafficking of drug offences. In response, Statistics Canada applied estimates to the 2015 revised data. As a result, numbers and rates from 2015 onwards should not be compared to data prior to 2015.",Violations,"Methylenedioxyamphetamine (ecstasy), importation and exportation"
35-10-0177-01,83,"Historically, police services reported bestiality offences under a single violation code. In June 2015, the Uniform Crime Reporting Survey (UCR) was modified to allow police to report in Bestiality in Presence of, or Incites, a Child (1381) separately from Bestiality – Commits, Compels Another Person (1380). Since police services are able to utilize these codes as their Records Management Systems are updated to allow them, 2015 data should be interpreted with caution.",Violations,"Bestiality in presence of, or incites, a child"
35-10-0177-01,84,"Historically, police services reported Agreement or Arrangement - Sexual Offences Against Child (1371) under the same violation code as Luring a Child via a Computer (1370). In June 2015, the Uniform Crime Reporting Survey (UCR) was modified to allow police to report these violations separately. Since police services are able to utilize these codes as their Records Management Systems are updated to allow them, 2015 data should be interpreted with caution.",Violations,Agreement or Arrangement - sexual offence against child
35-10-0177-01,85,"On May 18, 2017, Bill C-37 ""An Act to amend the Controlled Drugs and Substances Act and to make related amendments to other Acts"" came into effect. As a result, the offence of possessing, producing, selling or importing anything knowing it will be used to produce or traffic in crystal meth or ecstasy was expanded to include all substances listed in Schedule I, II , III, IV or V of the Controlled Drugs and Substances Act.",Violations,"Methylenedioxyamphetamine (ecstasy), possession"
35-10-0177-01,85,"On May 18, 2017, Bill C-37 ""An Act to amend the Controlled Drugs and Substances Act and to make related amendments to other Acts"" came into effect. As a result, the offence of possessing, producing, selling or importing anything knowing it will be used to produce or traffic in crystal meth or ecstasy was expanded to include all substances listed in Schedule I, II , III, IV or V of the Controlled Drugs and Substances Act.",Violations,"Total cannabis, trafficking, production or distribution (pre-legalization)"
35-10-0177-01,85,"On May 18, 2017, Bill C-37 ""An Act to amend the Controlled Drugs and Substances Act and to make related amendments to other Acts"" came into effect. As a result, the offence of possessing, producing, selling or importing anything knowing it will be used to produce or traffic in crystal meth or ecstasy was expanded to include all substances listed in Schedule I, II , III, IV or V of the Controlled Drugs and Substances Act.",Violations,"Cannabis, trafficking (pre-legalization)"
35-10-0177-01,85,"On May 18, 2017, Bill C-37 ""An Act to amend the Controlled Drugs and Substances Act and to make related amendments to other Acts"" came into effect. As a result, the offence of possessing, producing, selling or importing anything knowing it will be used to produce or traffic in crystal meth or ecstasy was expanded to include all substances listed in Schedule I, II , III, IV or V of the Controlled Drugs and Substances Act.",Violations,"Cannabis, importation and exportation (pre-legalization)"
35-10-0177-01,85,"On May 18, 2017, Bill C-37 ""An Act to amend the Controlled Drugs and Substances Act and to make related amendments to other Acts"" came into effect. As a result, the offence of possessing, producing, selling or importing anything knowing it will be used to produce or traffic in crystal meth or ecstasy was expanded to include all substances listed in Schedule I, II , III, IV or V of the Controlled Drugs and Substances Act.",Violations,"Possession, sale, etc., for use in production of or trafficking in substance"
35-10-0177-01,86,"On November 22, 2017, new opioid (other than heroin) violation codes (4170, 4270, 4370, 4470) were added to the Uniform Crime reporting Survey. The addition of these codes is in response to the need expressed by police services to capture the prevalence of opioids using violation codes specific to this type of drug. Previously, offences related to the possession, trafficking, importation and exportation and production of opioids (other than heroin) were included under ‘other controlled drugs and substances’ (4130, 4230, 4330, 4430). Since police services are able to utilize these codes as their Records Management Systems are updated to allow them, 2017 data should be interpreted with caution.",Violations,"Opioid (other than heroin), possession"
35-10-0177-01,86,"On November 22, 2017, new opioid (other than heroin) violation codes (4170, 4270, 4370, 4470) were added to the Uniform Crime reporting Survey. The addition of these codes is in response to the need expressed by police services to capture the prevalence of opioids using violation codes specific to this type of drug. Previously, offences related to the possession, trafficking, importation and exportation and production of opioids (other than heroin) were included under ‘other controlled drugs and substances’ (4130, 4230, 4330, 4430). Since police services are able to utilize these codes as their Records Management Systems are updated to allow them, 2017 data should be interpreted with caution.",Violations,"Opioid (other than heroin), trafficking"
35-10-0177-01,86,"On November 22, 2017, new opioid (other than heroin) violation codes (4170, 4270, 4370, 4470) were added to the Uniform Crime reporting Survey. The addition of these codes is in response to the need expressed by police services to capture the prevalence of opioids using violation codes specific to this type of drug. Previously, offences related to the possession, trafficking, importation and exportation and production of opioids (other than heroin) were included under ‘other controlled drugs and substances’ (4130, 4230, 4330, 4430). Since police services are able to utilize these codes as their Records Management Systems are updated to allow them, 2017 data should be interpreted with caution.",Violations,"Opioid (other than heroin), importation and exportation"
35-10-0177-01,86,"On November 22, 2017, new opioid (other than heroin) violation codes (4170, 4270, 4370, 4470) were added to the Uniform Crime reporting Survey. The addition of these codes is in response to the need expressed by police services to capture the prevalence of opioids using violation codes specific to this type of drug. Previously, offences related to the possession, trafficking, importation and exportation and production of opioids (other than heroin) were included under ‘other controlled drugs and substances’ (4130, 4230, 4330, 4430). Since police services are able to utilize these codes as their Records Management Systems are updated to allow them, 2017 data should be interpreted with caution.",Violations,"Opioid (other than heroin), production"
35-10-0177-01,87,"Data for unfounded incidents are available for 2017 and subsequent years in order to resume collection that had been halted in 2006 due to inconsistent reporting. To improve comparability, the definition of founded and unfounded criminal incidents was revised in 2017 and any prescribed changes relating to the classification of incidents will be phased in over time starting with the reporting of 2019 data. As such, it is understood that inconsistencies in reporting may still exist in 2017 and 2018. Data may therefore be incomparable across police services.",Statistics,Unfounded incidents
35-10-0177-01,87,"Data for unfounded incidents are available for 2017 and subsequent years in order to resume collection that had been halted in 2006 due to inconsistent reporting. To improve comparability, the definition of founded and unfounded criminal incidents was revised in 2017 and any prescribed changes relating to the classification of incidents will be phased in over time starting with the reporting of 2019 data. As such, it is understood that inconsistencies in reporting may still exist in 2017 and 2018. Data may therefore be incomparable across police services.",Statistics,Percent unfounded
35-10-0177-01,88,"On December 12, 2017, Bill C-305 “An Act to ament the Criminal Code (mischief)” came into effect. This enactment amended the offence of mischief to property primarily used for worship to include mischief in relation to property that is used by an identifiable group (2176) for educational purposes, administrative, social, cultural or sports activities or events or as residence for seniors.",Violations,Hate-motivated mischief relating to property used by identifiable group
35-10-0177-01,89,"In 2018, Saint John Municipal Police Service identified a data processing issue that affected certain violations including: sexual assault (1310, 1320, 1330), assault with a weapon or causing bodily harm (1420), failure to appear (3510), failure to comply with order (3410) and breach of probation (3520). As such, estimations were applied for 2016 and 2017. Data should therefore be used with caution.",Geography,"Saint John, New Brunswick [13310]"
35-10-0177-01,90,Data for unfounded incidents of terrorism are not available for 2017 due to data quality concerns.,Violations,Property or service for terrorist activity
35-10-0177-01,90,Data for unfounded incidents of terrorism are not available for 2017 due to data quality concerns.,Violations,"Freezing of property, disclosure or audit"
35-10-0177-01,90,Data for unfounded incidents of terrorism are not available for 2017 due to data quality concerns.,Violations,Participate in activity of terrorist group
35-10-0177-01,90,Data for unfounded incidents of terrorism are not available for 2017 due to data quality concerns.,Violations,Facilitate terrorist activity
35-10-0177-01,90,Data for unfounded incidents of terrorism are not available for 2017 due to data quality concerns.,Violations,Commission or instructing to carry out terrorist activity
35-10-0177-01,90,Data for unfounded incidents of terrorism are not available for 2017 due to data quality concerns.,Violations,Harbour or conceal terrorist
35-10-0177-01,90,Data for unfounded incidents of terrorism are not available for 2017 due to data quality concerns.,Violations,Hoax terrorism
35-10-0177-01,90,Data for unfounded incidents of terrorism are not available for 2017 due to data quality concerns.,Violations,Leaving Canada to participate in activity of terrorist group
35-10-0177-01,90,Data for unfounded incidents of terrorism are not available for 2017 due to data quality concerns.,Violations,Leaving Canada to facilitate terrorist activity
35-10-0177-01,90,Data for unfounded incidents of terrorism are not available for 2017 due to data quality concerns.,Violations,Leaving Canada to commit offence for terrorist group
35-10-0177-01,90,Data for unfounded incidents of terrorism are not available for 2017 due to data quality concerns.,Violations,Leaving Canada to commit offence that is terrorist activity
35-10-0177-01,90,Data for unfounded incidents of terrorism are not available for 2017 due to data quality concerns.,Violations,Concealing person who carried out terrorist activity that is a terrorism offence for which that person is liable to imprisonment for life
35-10-0177-01,90,Data for unfounded incidents of terrorism are not available for 2017 due to data quality concerns.,Violations,Concealing person who carried out terrorist activity that is a terrorism offence for which that person is liable to any punishment other than life
35-10-0177-01,90,Data for unfounded incidents of terrorism are not available for 2017 due to data quality concerns.,Violations,Concealing person who is likely to carry out terrorist activity
35-10-0177-01,90,Data for unfounded incidents of terrorism are not available for 2017 due to data quality concerns.,Violations,Advocating/Promoting terrorism offence
35-10-0177-01,91,"On October 17, 2018, Bill C-45 “An Act respecting cannabis and to amend the Controlled Drugs and Substances Act, the Criminal Code and other Acts” came into effect. As a result, all prior pre-legalization cannabis-related legislation under the Controlled Drugs and Substances Act (CDSA) has been expired and replaced with 22 new violation codes under the Cannabis Act.",Violations,"Possession, cannabis (pre-legalization)"
35-10-0177-01,91,"On October 17, 2018, Bill C-45 “An Act respecting cannabis and to amend the Controlled Drugs and Substances Act, the Criminal Code and other Acts” came into effect. As a result, all prior pre-legalization cannabis-related legislation under the Controlled Drugs and Substances Act (CDSA) has been expired and replaced with 22 new violation codes under the Cannabis Act.",Violations,"Total cannabis, trafficking, production or distribution (pre-legalization)"
35-10-0177-01,91,"On October 17, 2018, Bill C-45 “An Act respecting cannabis and to amend the Controlled Drugs and Substances Act, the Criminal Code and other Acts” came into effect. As a result, all prior pre-legalization cannabis-related legislation under the Controlled Drugs and Substances Act (CDSA) has been expired and replaced with 22 new violation codes under the Cannabis Act.",Violations,"Cannabis, trafficking (pre-legalization)"
35-10-0177-01,91,"On October 17, 2018, Bill C-45 “An Act respecting cannabis and to amend the Controlled Drugs and Substances Act, the Criminal Code and other Acts” came into effect. As a result, all prior pre-legalization cannabis-related legislation under the Controlled Drugs and Substances Act (CDSA) has been expired and replaced with 22 new violation codes under the Cannabis Act.",Violations,"Cannabis, importation and exportation (pre-legalization)"
35-10-0177-01,91,"On October 17, 2018, Bill C-45 “An Act respecting cannabis and to amend the Controlled Drugs and Substances Act, the Criminal Code and other Acts” came into effect. As a result, all prior pre-legalization cannabis-related legislation under the Controlled Drugs and Substances Act (CDSA) has been expired and replaced with 22 new violation codes under the Cannabis Act.",Violations,"Cannabis, production (pre-legalization)"
35-10-0177-01,91,"On October 17, 2018, Bill C-45 “An Act respecting cannabis and to amend the Controlled Drugs and Substances Act, the Criminal Code and other Acts” came into effect. As a result, all prior pre-legalization cannabis-related legislation under the Controlled Drugs and Substances Act (CDSA) has been expired and replaced with 22 new violation codes under the Cannabis Act.",Violations,Total Cannabis Act
35-10-0177-01,91,"On October 17, 2018, Bill C-45 “An Act respecting cannabis and to amend the Controlled Drugs and Substances Act, the Criminal Code and other Acts” came into effect. As a result, all prior pre-legalization cannabis-related legislation under the Controlled Drugs and Substances Act (CDSA) has been expired and replaced with 22 new violation codes under the Cannabis Act.",Violations,Total possession - Cannabis Act
35-10-0177-01,91,"On October 17, 2018, Bill C-45 “An Act respecting cannabis and to amend the Controlled Drugs and Substances Act, the Criminal Code and other Acts” came into effect. As a result, all prior pre-legalization cannabis-related legislation under the Controlled Drugs and Substances Act (CDSA) has been expired and replaced with 22 new violation codes under the Cannabis Act.",Violations,Possession of illicit or over 30g dried cannabis (or equivalent) by adult
35-10-0177-01,91,"On October 17, 2018, Bill C-45 “An Act respecting cannabis and to amend the Controlled Drugs and Substances Act, the Criminal Code and other Acts” came into effect. As a result, all prior pre-legalization cannabis-related legislation under the Controlled Drugs and Substances Act (CDSA) has been expired and replaced with 22 new violation codes under the Cannabis Act.",Violations,Possession of over 5g dried cannabis (or equivalent) by youth
35-10-0177-01,91,"On October 17, 2018, Bill C-45 “An Act respecting cannabis and to amend the Controlled Drugs and Substances Act, the Criminal Code and other Acts” came into effect. As a result, all prior pre-legalization cannabis-related legislation under the Controlled Drugs and Substances Act (CDSA) has been expired and replaced with 22 new violation codes under the Cannabis Act.",Violations,"Possession of budding or flowering plants, or more than four cannabis plants"
35-10-0177-01,91,"On October 17, 2018, Bill C-45 “An Act respecting cannabis and to amend the Controlled Drugs and Substances Act, the Criminal Code and other Acts” came into effect. As a result, all prior pre-legalization cannabis-related legislation under the Controlled Drugs and Substances Act (CDSA) has been expired and replaced with 22 new violation codes under the Cannabis Act.",Violations,Possession of cannabis by organization
35-10-0177-01,91,"On October 17, 2018, Bill C-45 “An Act respecting cannabis and to amend the Controlled Drugs and Substances Act, the Criminal Code and other Acts” came into effect. As a result, all prior pre-legalization cannabis-related legislation under the Controlled Drugs and Substances Act (CDSA) has been expired and replaced with 22 new violation codes under the Cannabis Act.",Violations,Total distribution - Cannabis Act
35-10-0177-01,91,"On October 17, 2018, Bill C-45 “An Act respecting cannabis and to amend the Controlled Drugs and Substances Act, the Criminal Code and other Acts” came into effect. As a result, all prior pre-legalization cannabis-related legislation under the Controlled Drugs and Substances Act (CDSA) has been expired and replaced with 22 new violation codes under the Cannabis Act.",Violations,"Distribution to an organization, illicit or over 30g dried cannabis (or equivalent) by adult"
35-10-0177-01,91,"On October 17, 2018, Bill C-45 “An Act respecting cannabis and to amend the Controlled Drugs and Substances Act, the Criminal Code and other Acts” came into effect. As a result, all prior pre-legalization cannabis-related legislation under the Controlled Drugs and Substances Act (CDSA) has been expired and replaced with 22 new violation codes under the Cannabis Act.",Violations,Distribution of cannabis to youth by adult
35-10-0177-01,91,"On October 17, 2018, Bill C-45 “An Act respecting cannabis and to amend the Controlled Drugs and Substances Act, the Criminal Code and other Acts” came into effect. As a result, all prior pre-legalization cannabis-related legislation under the Controlled Drugs and Substances Act (CDSA) has been expired and replaced with 22 new violation codes under the Cannabis Act.",Violations,Distribution to an organization or over 5g dried cannabis (or equivalent) by youth
35-10-0177-01,91,"On October 17, 2018, Bill C-45 “An Act respecting cannabis and to amend the Controlled Drugs and Substances Act, the Criminal Code and other Acts” came into effect. As a result, all prior pre-legalization cannabis-related legislation under the Controlled Drugs and Substances Act (CDSA) has been expired and replaced with 22 new violation codes under the Cannabis Act.",Violations,"Distribution of budding or flowering plants, or more than four cannabis plants"
35-10-0177-01,91,"On October 17, 2018, Bill C-45 “An Act respecting cannabis and to amend the Controlled Drugs and Substances Act, the Criminal Code and other Acts” came into effect. As a result, all prior pre-legalization cannabis-related legislation under the Controlled Drugs and Substances Act (CDSA) has been expired and replaced with 22 new violation codes under the Cannabis Act.",Violations,Distribution of cannabis by organization
35-10-0177-01,91,"On October 17, 2018, Bill C-45 “An Act respecting cannabis and to amend the Controlled Drugs and Substances Act, the Criminal Code and other Acts” came into effect. As a result, all prior pre-legalization cannabis-related legislation under the Controlled Drugs and Substances Act (CDSA) has been expired and replaced with 22 new violation codes under the Cannabis Act.",Violations,Possession of cannabis for purpose of distributing
35-10-0177-01,91,"On October 17, 2018, Bill C-45 “An Act respecting cannabis and to amend the Controlled Drugs and Substances Act, the Criminal Code and other Acts” came into effect. As a result, all prior pre-legalization cannabis-related legislation under the Controlled Drugs and Substances Act (CDSA) has been expired and replaced with 22 new violation codes under the Cannabis Act.",Violations,Total sale - Cannabis Act
35-10-0177-01,91,"On October 17, 2018, Bill C-45 “An Act respecting cannabis and to amend the Controlled Drugs and Substances Act, the Criminal Code and other Acts” came into effect. As a result, all prior pre-legalization cannabis-related legislation under the Controlled Drugs and Substances Act (CDSA) has been expired and replaced with 22 new violation codes under the Cannabis Act.",Violations,Sale of cannabis to adult
35-10-0177-01,91,"On October 17, 2018, Bill C-45 “An Act respecting cannabis and to amend the Controlled Drugs and Substances Act, the Criminal Code and other Acts” came into effect. As a result, all prior pre-legalization cannabis-related legislation under the Controlled Drugs and Substances Act (CDSA) has been expired and replaced with 22 new violation codes under the Cannabis Act.",Violations,Sale of cannabis to youth
35-10-0177-01,91,"On October 17, 2018, Bill C-45 “An Act respecting cannabis and to amend the Controlled Drugs and Substances Act, the Criminal Code and other Acts” came into effect. As a result, all prior pre-legalization cannabis-related legislation under the Controlled Drugs and Substances Act (CDSA) has been expired and replaced with 22 new violation codes under the Cannabis Act.",Violations,Sale of cannabis to an organization
35-10-0177-01,91,"On October 17, 2018, Bill C-45 “An Act respecting cannabis and to amend the Controlled Drugs and Substances Act, the Criminal Code and other Acts” came into effect. As a result, all prior pre-legalization cannabis-related legislation under the Controlled Drugs and Substances Act (CDSA) has been expired and replaced with 22 new violation codes under the Cannabis Act.",Violations,Possession of cannabis for purpose of selling
35-10-0177-01,91,"On October 17, 2018, Bill C-45 “An Act respecting cannabis and to amend the Controlled Drugs and Substances Act, the Criminal Code and other Acts” came into effect. As a result, all prior pre-legalization cannabis-related legislation under the Controlled Drugs and Substances Act (CDSA) has been expired and replaced with 22 new violation codes under the Cannabis Act.",Violations,Total importation and exportation - Cannabis Act
35-10-0177-01,91,"On October 17, 2018, Bill C-45 “An Act respecting cannabis and to amend the Controlled Drugs and Substances Act, the Criminal Code and other Acts” came into effect. As a result, all prior pre-legalization cannabis-related legislation under the Controlled Drugs and Substances Act (CDSA) has been expired and replaced with 22 new violation codes under the Cannabis Act.",Violations,Importation and exportation of cannabis
35-10-0177-01,91,"On October 17, 2018, Bill C-45 “An Act respecting cannabis and to amend the Controlled Drugs and Substances Act, the Criminal Code and other Acts” came into effect. As a result, all prior pre-legalization cannabis-related legislation under the Controlled Drugs and Substances Act (CDSA) has been expired and replaced with 22 new violation codes under the Cannabis Act.",Violations,Possession of cannabis for purpose of exportation
35-10-0177-01,91,"On October 17, 2018, Bill C-45 “An Act respecting cannabis and to amend the Controlled Drugs and Substances Act, the Criminal Code and other Acts” came into effect. As a result, all prior pre-legalization cannabis-related legislation under the Controlled Drugs and Substances Act (CDSA) has been expired and replaced with 22 new violation codes under the Cannabis Act.",Violations,Total production - Cannabis Act
35-10-0177-01,91,"On October 17, 2018, Bill C-45 “An Act respecting cannabis and to amend the Controlled Drugs and Substances Act, the Criminal Code and other Acts” came into effect. As a result, all prior pre-legalization cannabis-related legislation under the Controlled Drugs and Substances Act (CDSA) has been expired and replaced with 22 new violation codes under the Cannabis Act.",Violations,"Obtain, offer to obtain, alter or offer to alter cannabis"
35-10-0177-01,91,"On October 17, 2018, Bill C-45 “An Act respecting cannabis and to amend the Controlled Drugs and Substances Act, the Criminal Code and other Acts” came into effect. As a result, all prior pre-legalization cannabis-related legislation under the Controlled Drugs and Substances Act (CDSA) has been expired and replaced with 22 new violation codes under the Cannabis Act.",Violations,"Cultivate, propagate or harvest cannabis by adult"
35-10-0177-01,91,"On October 17, 2018, Bill C-45 “An Act respecting cannabis and to amend the Controlled Drugs and Substances Act, the Criminal Code and other Acts” came into effect. As a result, all prior pre-legalization cannabis-related legislation under the Controlled Drugs and Substances Act (CDSA) has been expired and replaced with 22 new violation codes under the Cannabis Act.",Violations,"Cultivate, propagate or harvest cannabis by youth or organization"
35-10-0177-01,91,"On October 17, 2018, Bill C-45 “An Act respecting cannabis and to amend the Controlled Drugs and Substances Act, the Criminal Code and other Acts” came into effect. As a result, all prior pre-legalization cannabis-related legislation under the Controlled Drugs and Substances Act (CDSA) has been expired and replaced with 22 new violation codes under the Cannabis Act.",Violations,"Possess, produce, sell, distribute or import anything for use in production or distribution of illicit cannabis"
35-10-0177-01,91,"On October 17, 2018, Bill C-45 “An Act respecting cannabis and to amend the Controlled Drugs and Substances Act, the Criminal Code and other Acts” came into effect. As a result, all prior pre-legalization cannabis-related legislation under the Controlled Drugs and Substances Act (CDSA) has been expired and replaced with 22 new violation codes under the Cannabis Act.",Violations,Use of young person in the commission of a cannabis offence
35-10-0177-01,91,"On October 17, 2018, Bill C-45 “An Act respecting cannabis and to amend the Controlled Drugs and Substances Act, the Criminal Code and other Acts” came into effect. As a result, all prior pre-legalization cannabis-related legislation under the Controlled Drugs and Substances Act (CDSA) has been expired and replaced with 22 new violation codes under the Cannabis Act.",Violations,Other Cannabis Act
35-10-0177-01,92,"On June 21, 2018, Part 1 of Bill C-46 “An Act to amend the Criminal Code (relating to conveyances) and to make consequential amendments to other Acts” came into effect. Part 2 of this legislation came into effect on December 18, 2018. As a result of this legislation, the Uniform Crime Reporting (UCR) Survey created 19 new violation codes and expired 15 existing traffic-specific violation codes.",Violations,Total Criminal Code traffic violations
35-10-0177-01,92,"On June 21, 2018, Part 1 of Bill C-46 “An Act to amend the Criminal Code (relating to conveyances) and to make consequential amendments to other Acts” came into effect. Part 2 of this legislation came into effect on December 18, 2018. As a result of this legislation, the Uniform Crime Reporting (UCR) Survey created 19 new violation codes and expired 15 existing traffic-specific violation codes.",Violations,Total impaired driving
35-10-0177-01,92,"On June 21, 2018, Part 1 of Bill C-46 “An Act to amend the Criminal Code (relating to conveyances) and to make consequential amendments to other Acts” came into effect. Part 2 of this legislation came into effect on December 18, 2018. As a result of this legislation, the Uniform Crime Reporting (UCR) Survey created 19 new violation codes and expired 15 existing traffic-specific violation codes.",Violations,Operation while impaired causing death (alcohol)
35-10-0177-01,92,"On June 21, 2018, Part 1 of Bill C-46 “An Act to amend the Criminal Code (relating to conveyances) and to make consequential amendments to other Acts” came into effect. Part 2 of this legislation came into effect on December 18, 2018. As a result of this legislation, the Uniform Crime Reporting (UCR) Survey created 19 new violation codes and expired 15 existing traffic-specific violation codes.",Violations,Operation while impaired causing death (drugs)
35-10-0177-01,92,"On June 21, 2018, Part 1 of Bill C-46 “An Act to amend the Criminal Code (relating to conveyances) and to make consequential amendments to other Acts” came into effect. Part 2 of this legislation came into effect on December 18, 2018. As a result of this legislation, the Uniform Crime Reporting (UCR) Survey created 19 new violation codes and expired 15 existing traffic-specific violation codes.",Violations,Operation while impaired causing bodily harm (alcohol)
35-10-0177-01,92,"On June 21, 2018, Part 1 of Bill C-46 “An Act to amend the Criminal Code (relating to conveyances) and to make consequential amendments to other Acts” came into effect. Part 2 of this legislation came into effect on December 18, 2018. As a result of this legislation, the Uniform Crime Reporting (UCR) Survey created 19 new violation codes and expired 15 existing traffic-specific violation codes.",Violations,Operation while impaired causing bodily harm (drugs)
35-10-0177-01,92,"On June 21, 2018, Part 1 of Bill C-46 “An Act to amend the Criminal Code (relating to conveyances) and to make consequential amendments to other Acts” came into effect. Part 2 of this legislation came into effect on December 18, 2018. As a result of this legislation, the Uniform Crime Reporting (UCR) Survey created 19 new violation codes and expired 15 existing traffic-specific violation codes.",Violations,Operation while impaired (alcohol)
35-10-0177-01,92,"On June 21, 2018, Part 1 of Bill C-46 “An Act to amend the Criminal Code (relating to conveyances) and to make consequential amendments to other Acts” came into effect. Part 2 of this legislation came into effect on December 18, 2018. As a result of this legislation, the Uniform Crime Reporting (UCR) Survey created 19 new violation codes and expired 15 existing traffic-specific violation codes.",Violations,Operation while impaired (drugs)
35-10-0177-01,92,"On June 21, 2018, Part 1 of Bill C-46 “An Act to amend the Criminal Code (relating to conveyances) and to make consequential amendments to other Acts” came into effect. Part 2 of this legislation came into effect on December 18, 2018. As a result of this legislation, the Uniform Crime Reporting (UCR) Survey created 19 new violation codes and expired 15 existing traffic-specific violation codes.",Violations,"Impaired operation, failure to provide breath sample"
35-10-0177-01,92,"On June 21, 2018, Part 1 of Bill C-46 “An Act to amend the Criminal Code (relating to conveyances) and to make consequential amendments to other Acts” came into effect. Part 2 of this legislation came into effect on December 18, 2018. As a result of this legislation, the Uniform Crime Reporting (UCR) Survey created 19 new violation codes and expired 15 existing traffic-specific violation codes.",Violations,Failure to comply or refusal (drugs)
35-10-0177-01,92,"On June 21, 2018, Part 1 of Bill C-46 “An Act to amend the Criminal Code (relating to conveyances) and to make consequential amendments to other Acts” came into effect. Part 2 of this legislation came into effect on December 18, 2018. As a result of this legislation, the Uniform Crime Reporting (UCR) Survey created 19 new violation codes and expired 15 existing traffic-specific violation codes.",Violations,"Impaired operation, failure to provide blood sample"
35-10-0177-01,92,"On June 21, 2018, Part 1 of Bill C-46 “An Act to amend the Criminal Code (relating to conveyances) and to make consequential amendments to other Acts” came into effect. Part 2 of this legislation came into effect on December 18, 2018. As a result of this legislation, the Uniform Crime Reporting (UCR) Survey created 19 new violation codes and expired 15 existing traffic-specific violation codes.",Violations,Failure to provide blood sample (drugs)
35-10-0177-01,92,"On June 21, 2018, Part 1 of Bill C-46 “An Act to amend the Criminal Code (relating to conveyances) and to make consequential amendments to other Acts” came into effect. Part 2 of this legislation came into effect on December 18, 2018. As a result of this legislation, the Uniform Crime Reporting (UCR) Survey created 19 new violation codes and expired 15 existing traffic-specific violation codes.",Violations,Total other Criminal Code traffic violations
35-10-0177-01,92,"On June 21, 2018, Part 1 of Bill C-46 “An Act to amend the Criminal Code (relating to conveyances) and to make consequential amendments to other Acts” came into effect. Part 2 of this legislation came into effect on December 18, 2018. As a result of this legislation, the Uniform Crime Reporting (UCR) Survey created 19 new violation codes and expired 15 existing traffic-specific violation codes.",Violations,"Dangerous operation, causing death"
35-10-0177-01,92,"On June 21, 2018, Part 1 of Bill C-46 “An Act to amend the Criminal Code (relating to conveyances) and to make consequential amendments to other Acts” came into effect. Part 2 of this legislation came into effect on December 18, 2018. As a result of this legislation, the Uniform Crime Reporting (UCR) Survey created 19 new violation codes and expired 15 existing traffic-specific violation codes.",Violations,"Dangerous operation, causing bodily harm"
35-10-0177-01,92,"On June 21, 2018, Part 1 of Bill C-46 “An Act to amend the Criminal Code (relating to conveyances) and to make consequential amendments to other Acts” came into effect. Part 2 of this legislation came into effect on December 18, 2018. As a result of this legislation, the Uniform Crime Reporting (UCR) Survey created 19 new violation codes and expired 15 existing traffic-specific violation codes.",Violations,"Dangerous operation of motor vehicle, vessel or aircraft"
35-10-0177-01,92,"On June 21, 2018, Part 1 of Bill C-46 “An Act to amend the Criminal Code (relating to conveyances) and to make consequential amendments to other Acts” came into effect. Part 2 of this legislation came into effect on December 18, 2018. As a result of this legislation, the Uniform Crime Reporting (UCR) Survey created 19 new violation codes and expired 15 existing traffic-specific violation codes.",Violations,"Dangerous operation evading police, causing death"
35-10-0177-01,92,"On June 21, 2018, Part 1 of Bill C-46 “An Act to amend the Criminal Code (relating to conveyances) and to make consequential amendments to other Acts” came into effect. Part 2 of this legislation came into effect on December 18, 2018. As a result of this legislation, the Uniform Crime Reporting (UCR) Survey created 19 new violation codes and expired 15 existing traffic-specific violation codes.",Violations,"Dangerous operation evading police, causing bodily harm"
35-10-0177-01,92,"On June 21, 2018, Part 1 of Bill C-46 “An Act to amend the Criminal Code (relating to conveyances) and to make consequential amendments to other Acts” came into effect. Part 2 of this legislation came into effect on December 18, 2018. As a result of this legislation, the Uniform Crime Reporting (UCR) Survey created 19 new violation codes and expired 15 existing traffic-specific violation codes.",Violations,Dangerous operation of motor vehicle evading police
35-10-0177-01,92,"On June 21, 2018, Part 1 of Bill C-46 “An Act to amend the Criminal Code (relating to conveyances) and to make consequential amendments to other Acts” came into effect. Part 2 of this legislation came into effect on December 18, 2018. As a result of this legislation, the Uniform Crime Reporting (UCR) Survey created 19 new violation codes and expired 15 existing traffic-specific violation codes.",Violations,Total fail to stop or remain
35-10-0177-01,92,"On June 21, 2018, Part 1 of Bill C-46 “An Act to amend the Criminal Code (relating to conveyances) and to make consequential amendments to other Acts” came into effect. Part 2 of this legislation came into effect on December 18, 2018. As a result of this legislation, the Uniform Crime Reporting (UCR) Survey created 19 new violation codes and expired 15 existing traffic-specific violation codes.",Violations,Driving while prohibited
35-10-0177-01,92,"On June 21, 2018, Part 1 of Bill C-46 “An Act to amend the Criminal Code (relating to conveyances) and to make consequential amendments to other Acts” came into effect. Part 2 of this legislation came into effect on December 18, 2018. As a result of this legislation, the Uniform Crime Reporting (UCR) Survey created 19 new violation codes and expired 15 existing traffic-specific violation codes.",Violations,Other Criminal Code traffic violations
35-10-0177-01,92,"On June 21, 2018, Part 1 of Bill C-46 “An Act to amend the Criminal Code (relating to conveyances) and to make consequential amendments to other Acts” came into effect. Part 2 of this legislation came into effect on December 18, 2018. As a result of this legislation, the Uniform Crime Reporting (UCR) Survey created 19 new violation codes and expired 15 existing traffic-specific violation codes.",Violations,Causing death by criminal negligence while street racing
35-10-0177-01,92,"On June 21, 2018, Part 1 of Bill C-46 “An Act to amend the Criminal Code (relating to conveyances) and to make consequential amendments to other Acts” came into effect. Part 2 of this legislation came into effect on December 18, 2018. As a result of this legislation, the Uniform Crime Reporting (UCR) Survey created 19 new violation codes and expired 15 existing traffic-specific violation codes.",Violations,Causing bodily harm by criminal negligence while street racing
35-10-0177-01,92,"On June 21, 2018, Part 1 of Bill C-46 “An Act to amend the Criminal Code (relating to conveyances) and to make consequential amendments to other Acts” came into effect. Part 2 of this legislation came into effect on December 18, 2018. As a result of this legislation, the Uniform Crime Reporting (UCR) Survey created 19 new violation codes and expired 15 existing traffic-specific violation codes.",Violations,Dangerous operation causing death while street racing
35-10-0177-01,92,"On June 21, 2018, Part 1 of Bill C-46 “An Act to amend the Criminal Code (relating to conveyances) and to make consequential amendments to other Acts” came into effect. Part 2 of this legislation came into effect on December 18, 2018. As a result of this legislation, the Uniform Crime Reporting (UCR) Survey created 19 new violation codes and expired 15 existing traffic-specific violation codes.",Violations,Dangerous operation causing bodily harm while street racing
35-10-0177-01,92,"On June 21, 2018, Part 1 of Bill C-46 “An Act to amend the Criminal Code (relating to conveyances) and to make consequential amendments to other Acts” came into effect. Part 2 of this legislation came into effect on December 18, 2018. As a result of this legislation, the Uniform Crime Reporting (UCR) Survey created 19 new violation codes and expired 15 existing traffic-specific violation codes.",Violations,Dangerous operation of motor vehicle while street racing
35-10-0177-01,92,"On June 21, 2018, Part 1 of Bill C-46 “An Act to amend the Criminal Code (relating to conveyances) and to make consequential amendments to other Acts” came into effect. Part 2 of this legislation came into effect on December 18, 2018. As a result of this legislation, the Uniform Crime Reporting (UCR) Survey created 19 new violation codes and expired 15 existing traffic-specific violation codes.",Violations,Operation - low blood drug concentration
35-10-0177-01,92,"On June 21, 2018, Part 1 of Bill C-46 “An Act to amend the Criminal Code (relating to conveyances) and to make consequential amendments to other Acts” came into effect. Part 2 of this legislation came into effect on December 18, 2018. As a result of this legislation, the Uniform Crime Reporting (UCR) Survey created 19 new violation codes and expired 15 existing traffic-specific violation codes.",Violations,Operation while impaired causing death (alcohol and drugs)
35-10-0177-01,92,"On June 21, 2018, Part 1 of Bill C-46 “An Act to amend the Criminal Code (relating to conveyances) and to make consequential amendments to other Acts” came into effect. Part 2 of this legislation came into effect on December 18, 2018. As a result of this legislation, the Uniform Crime Reporting (UCR) Survey created 19 new violation codes and expired 15 existing traffic-specific violation codes.",Violations,Operation while impaired causing death (unspecified)
35-10-0177-01,92,"On June 21, 2018, Part 1 of Bill C-46 “An Act to amend the Criminal Code (relating to conveyances) and to make consequential amendments to other Acts” came into effect. Part 2 of this legislation came into effect on December 18, 2018. As a result of this legislation, the Uniform Crime Reporting (UCR) Survey created 19 new violation codes and expired 15 existing traffic-specific violation codes.",Violations,Operation while impaired causing bodily harm (alcohol and drugs)
35-10-0177-01,92,"On June 21, 2018, Part 1 of Bill C-46 “An Act to amend the Criminal Code (relating to conveyances) and to make consequential amendments to other Acts” came into effect. Part 2 of this legislation came into effect on December 18, 2018. As a result of this legislation, the Uniform Crime Reporting (UCR) Survey created 19 new violation codes and expired 15 existing traffic-specific violation codes.",Violations,Operation while impaired causing bodily harm (unspecified)
35-10-0177-01,92,"On June 21, 2018, Part 1 of Bill C-46 “An Act to amend the Criminal Code (relating to conveyances) and to make consequential amendments to other Acts” came into effect. Part 2 of this legislation came into effect on December 18, 2018. As a result of this legislation, the Uniform Crime Reporting (UCR) Survey created 19 new violation codes and expired 15 existing traffic-specific violation codes.",Violations,Operation while impaired (alcohol and drugs)
35-10-0177-01,92,"On June 21, 2018, Part 1 of Bill C-46 “An Act to amend the Criminal Code (relating to conveyances) and to make consequential amendments to other Acts” came into effect. Part 2 of this legislation came into effect on December 18, 2018. As a result of this legislation, the Uniform Crime Reporting (UCR) Survey created 19 new violation codes and expired 15 existing traffic-specific violation codes.",Violations,Operation while impaired (unspecified)
35-10-0177-01,92,"On June 21, 2018, Part 1 of Bill C-46 “An Act to amend the Criminal Code (relating to conveyances) and to make consequential amendments to other Acts” came into effect. Part 2 of this legislation came into effect on December 18, 2018. As a result of this legislation, the Uniform Crime Reporting (UCR) Survey created 19 new violation codes and expired 15 existing traffic-specific violation codes.",Violations,Failure or refusal to comply with demand (alcohol)
35-10-0177-01,92,"On June 21, 2018, Part 1 of Bill C-46 “An Act to amend the Criminal Code (relating to conveyances) and to make consequential amendments to other Acts” came into effect. Part 2 of this legislation came into effect on December 18, 2018. As a result of this legislation, the Uniform Crime Reporting (UCR) Survey created 19 new violation codes and expired 15 existing traffic-specific violation codes.",Violations,Failure or refusal to comply with demand (alcohol and drugs)
35-10-0177-01,92,"On June 21, 2018, Part 1 of Bill C-46 “An Act to amend the Criminal Code (relating to conveyances) and to make consequential amendments to other Acts” came into effect. Part 2 of this legislation came into effect on December 18, 2018. As a result of this legislation, the Uniform Crime Reporting (UCR) Survey created 19 new violation codes and expired 15 existing traffic-specific violation codes.",Violations,Failure or refusal to comply with demand (drugs)
35-10-0177-01,92,"On June 21, 2018, Part 1 of Bill C-46 “An Act to amend the Criminal Code (relating to conveyances) and to make consequential amendments to other Acts” came into effect. Part 2 of this legislation came into effect on December 18, 2018. As a result of this legislation, the Uniform Crime Reporting (UCR) Survey created 19 new violation codes and expired 15 existing traffic-specific violation codes.",Violations,Failure or refusal to comply with demand (unspecified)
35-10-0177-01,92,"On June 21, 2018, Part 1 of Bill C-46 “An Act to amend the Criminal Code (relating to conveyances) and to make consequential amendments to other Acts” came into effect. Part 2 of this legislation came into effect on December 18, 2018. As a result of this legislation, the Uniform Crime Reporting (UCR) Survey created 19 new violation codes and expired 15 existing traffic-specific violation codes.",Violations,"Failure or refusal to comply with demand, accident resulting in bodily harm (alcohol)"
35-10-0177-01,92,"On June 21, 2018, Part 1 of Bill C-46 “An Act to amend the Criminal Code (relating to conveyances) and to make consequential amendments to other Acts” came into effect. Part 2 of this legislation came into effect on December 18, 2018. As a result of this legislation, the Uniform Crime Reporting (UCR) Survey created 19 new violation codes and expired 15 existing traffic-specific violation codes.",Violations,"Failure or refusal to comply with demand, accident resulting in bodily harm (alcohol and drugs)"
35-10-0177-01,92,"On June 21, 2018, Part 1 of Bill C-46 “An Act to amend the Criminal Code (relating to conveyances) and to make consequential amendments to other Acts” came into effect. Part 2 of this legislation came into effect on December 18, 2018. As a result of this legislation, the Uniform Crime Reporting (UCR) Survey created 19 new violation codes and expired 15 existing traffic-specific violation codes.",Violations,"Failure or refusal to comply with demand, accident resulting in bodily harm (drugs)"
35-10-0177-01,92,"On June 21, 2018, Part 1 of Bill C-46 “An Act to amend the Criminal Code (relating to conveyances) and to make consequential amendments to other Acts” came into effect. Part 2 of this legislation came into effect on December 18, 2018. As a result of this legislation, the Uniform Crime Reporting (UCR) Survey created 19 new violation codes and expired 15 existing traffic-specific violation codes.",Violations,"Failure or refusal to comply with demand, accident resulting in bodily harm (unspecified)"
35-10-0177-01,92,"On June 21, 2018, Part 1 of Bill C-46 “An Act to amend the Criminal Code (relating to conveyances) and to make consequential amendments to other Acts” came into effect. Part 2 of this legislation came into effect on December 18, 2018. As a result of this legislation, the Uniform Crime Reporting (UCR) Survey created 19 new violation codes and expired 15 existing traffic-specific violation codes.",Violations,"Failure or refusal to comply with demand, accident resulting in death (alcohol)"
35-10-0177-01,92,"On June 21, 2018, Part 1 of Bill C-46 “An Act to amend the Criminal Code (relating to conveyances) and to make consequential amendments to other Acts” came into effect. Part 2 of this legislation came into effect on December 18, 2018. As a result of this legislation, the Uniform Crime Reporting (UCR) Survey created 19 new violation codes and expired 15 existing traffic-specific violation codes.",Violations,"Failure or refusal to comply with demand, accident resulting in death (alcohol and drugs)"
35-10-0177-01,92,"On June 21, 2018, Part 1 of Bill C-46 “An Act to amend the Criminal Code (relating to conveyances) and to make consequential amendments to other Acts” came into effect. Part 2 of this legislation came into effect on December 18, 2018. As a result of this legislation, the Uniform Crime Reporting (UCR) Survey created 19 new violation codes and expired 15 existing traffic-specific violation codes.",Violations,"Failure or refusal to comply with demand, accident resulting in death (drugs)"
35-10-0177-01,92,"On June 21, 2018, Part 1 of Bill C-46 “An Act to amend the Criminal Code (relating to conveyances) and to make consequential amendments to other Acts” came into effect. Part 2 of this legislation came into effect on December 18, 2018. As a result of this legislation, the Uniform Crime Reporting (UCR) Survey created 19 new violation codes and expired 15 existing traffic-specific violation codes.",Violations,"Failure or refusal to comply with demand, accident resulting in death (unspecified)"
35-10-0177-01,93,"In 2018, Winnipeg Police Service began counting violations involving methamphetamines (e.g., crystal meth) under the specific Uniform Crime Reporting (UCR) methamphetamine violations. Prior to this, violations involving methamphetamines were counted under the category of “other Controlled Drugs and Substances Act (CDSA)”; consequently, Winnipeg Police Service has provided an estimate of the actual number of incidents for methamphetamine violations and other CDSA violations in 2017. Data should therefore be used with caution.",Geography,"Winnipeg, Manitoba [46602]"
35-10-0177-01,94,"In 2018, the Royal Canadian Mounted Police (RCMP) reporting practices for drug seizures reported by Canadian Border Services Agency (CBSA) to the RCMP in Niagara were amended to better align with the Uniform Crime Reporting (UCR) survey in an effort to report consistent and accurate data. Due to this amendment in reporting practices, the RCMP detachment provided an estimate of the actual number of incidents for violations in 2017. Data should therefore be used with caution.",Geography,"St. Catharines-Niagara, Ontario [35539]"
35-10-0177-01,95,"In 2018, the Royal Canadian Mounted Police (RCMP) in Montréal amended their practices for reporting incidents of importation/exportation of drug offences to better align with the Uniform Crime Reporting (UCR) survey in an effort to report consistent and accurate data. This has contributed to increases in these offences. However, if it is assumed that there were no changes in these counts reported by the Montréal RCMP from 2017 to 2018, there would still be a national increase in importation/exportation offences in 2018.",Geography,"Montréal, Quebec [24462]"
35-10-0177-01,96,"In 2019, the Uniform Crime Reporting Survey (UCR) added a new violation code (1300) to collect information on “sexual offences which occurred prior to January 4, 1983”. While most violations are not typically reported years after their occurrence, it is not uncommon for sexual violations to be reported by a victim long after the incident took place due to a variety of reasons. On January 4, 1983, Canadian legislation surrounding sexual offences changed considerably. In order to reflect these changes, the UCR added the new violation code to help record these historical offences separately from those reported under an existing violation code that does not reflect the state of Canadian legislation at the time of the offence. Data for 2018 was updated to include this new violation code.",Violations,"Sexual offence which occurred prior to January 4, 1983"
35-10-0177-01,97,"In January 2018, the Uniform Crime Reporting Survey (UCR) definitions of “founded” and “unfounded” criminal incidents were updated to reflect a more victim-centred approach for recording crimes that consider the complexities of certain offences such as sexual assault, family violence and intimate partner violence. Under the new reporting standards, specific offences may be more likely reported by police as founded rather than unfounded (or unsubstantiated), which would exclude them from police-reported crime rates and crime severity indices. Data for 2019 represent the first complete year of UCR data collected under the new reporting standards.  As a result, for selected violations and police services, the actual proportion of incidents in 2019 that were classified as “not cleared” has increased. Use caution when comparing these data with prior years.",,
35-10-0177-01,98,"In 2019, the high proportion of importation or exportation offences reported under the Cannabis Act in Montréal was due in part to cannabis seizures conducted by the Canada Border Services Agency in Montréal that were thought to be related to the possible misunderstanding by the public about the legality under the new legislation of purchasing cannabis from outside of Canada and having it delivered into the country.",Geography,"Montréal, Quebec [24462]"
35-10-0177-01,99,"Part of the overall increase in police-reported crime in British Columbia and some of its census metropolitan areas in 2019 may be attributed to the implementation of new reporting standards for classifying incidents. More specifically, in January 2018, the Uniform Crime Reporting Survey (UCR) definitions of “founded” and “unfounded” criminal incidents were updated to reflect a more victim-centred approach for recording crimes. While the effective date for the change was January 2018 and many police services adopted the new standards that year, some police services, including all of the RCMP detachments across Canada and the municipal police services in British Columbia, transitioned to the new standards on January 1, 2019. Additionally, police services in British Columbia undertook a uniform training strategy to further standardize reporting throughout the province. The new reporting standards were expected to result in an increase in crime rates over time.",Geography,British Columbia [59]
35-10-0177-01,100,"In Kelowna in 2019, a national RCMP Sexual Assault Review Team undertook a review of current and historical sexual assault cases in the RCMP detachment in Kelowna to ensure appropriate use of the reporting standards for classifying incidents as founded or unfounded. As a result, Kelowna’s 2018 statistics for sexual assault have been revised from the original counts released in July 2019. As well, the file review and adoption of the new incident clearance codes have likely contributed to a notably higher number of sexual assault incidents when compared to previous years.",Geography,"Kelowna, British Columbia [59915]"
35-10-0177-01,101,"A high crime rate or Crime Severity Index (CSI) may indicate that a municipality is a geographical area that provides commercial business, human or public services, or entertainment for many people who reside outside, as well as inside, the municipality. As a result, these municipalities may have large part-time or temporary populations which are excluded from both their population bases and their crime rate and CSI calculations.",,
35-10-0177-01,102,"Population figures reflect only the permanent or resident population of a jurisdiction. Where a jurisdiction serves as the centre for commercial businesses, human or public services, or entertainment, it may have substantial “part-time” populations, e.g., tourists, cabin owners, commuters, students, and seasonal staff. These temporary populations, whose permanent residence is within another jurisdiction, are excluded from a jurisdiction’s population figures. This may be a factor to consider when examining the crime rate and Crime Severity Index for some municipalities.",Statistics,"Rate per 100,000 population"
35-10-0177-01,102,"Population figures reflect only the permanent or resident population of a jurisdiction. Where a jurisdiction serves as the centre for commercial businesses, human or public services, or entertainment, it may have substantial “part-time” populations, e.g., tourists, cabin owners, commuters, students, and seasonal staff. These temporary populations, whose permanent residence is within another jurisdiction, are excluded from a jurisdiction’s population figures. This may be a factor to consider when examining the crime rate and Crime Severity Index for some municipalities.",Statistics,"Rate, total persons charged per 100,000 population aged 12 years and over"
35-10-0177-01,102,"Population figures reflect only the permanent or resident population of a jurisdiction. Where a jurisdiction serves as the centre for commercial businesses, human or public services, or entertainment, it may have substantial “part-time” populations, e.g., tourists, cabin owners, commuters, students, and seasonal staff. These temporary populations, whose permanent residence is within another jurisdiction, are excluded from a jurisdiction’s population figures. This may be a factor to consider when examining the crime rate and Crime Severity Index for some municipalities.",Statistics,"Rate, adult charged per 100,000 population aged 18 years and over"
35-10-0177-01,102,"Population figures reflect only the permanent or resident population of a jurisdiction. Where a jurisdiction serves as the centre for commercial businesses, human or public services, or entertainment, it may have substantial “part-time” populations, e.g., tourists, cabin owners, commuters, students, and seasonal staff. These temporary populations, whose permanent residence is within another jurisdiction, are excluded from a jurisdiction’s population figures. This may be a factor to consider when examining the crime rate and Crime Severity Index for some municipalities.",Statistics,"Rate, youth charged per 100,000 population aged 12 to 17 years"
35-10-0177-01,102,"Population figures reflect only the permanent or resident population of a jurisdiction. Where a jurisdiction serves as the centre for commercial businesses, human or public services, or entertainment, it may have substantial “part-time” populations, e.g., tourists, cabin owners, commuters, students, and seasonal staff. These temporary populations, whose permanent residence is within another jurisdiction, are excluded from a jurisdiction’s population figures. This may be a factor to consider when examining the crime rate and Crime Severity Index for some municipalities.",Statistics,"Rate, youth not charged per 100,000 population aged 12 to 17 years"
35-10-0177-01,103,"In 2018, Bill C-46 amended the Criminal Code and other Acts and introduced new legislation for impaired driving violations. At this time, the Uniform Crime Reporting (UCR) Survey was adjusted to add or expire some violation codes and ensure the previous UCR impaired driving codes align with the new legislation. These UCR changes may result in different reporting practices among the police services across Canada for impaired driving violations reported to the survey.",Violations,Total impaired driving
35-10-0177-01,104,"With the Government of Canada's March 2020 announcement of restrictions on persons arriving in or departing from Canada, pursuant to its powers under the Quarantine Act, the Uniform Crime Reporting (UCR) Survey was adjusted to add a specific Quarantine Act violation code (6600). As police services adopt this new code and adjust to the new reporting requirements, there may be data revisions made to correct any misreporting of these incidents.",Geography,"London, Ontario [35555]"
35-10-0177-01,104,"With the Government of Canada's March 2020 announcement of restrictions on persons arriving in or departing from Canada, pursuant to its powers under the Quarantine Act, the Uniform Crime Reporting (UCR) Survey was adjusted to add a specific Quarantine Act violation code (6600). As police services adopt this new code and adjust to the new reporting requirements, there may be data revisions made to correct any misreporting of these incidents.",Violations,Quarantine Act
35-10-0177-01,105,"In 2020, the Vancouver CMA in British Columbia accounted for 56% of all importation or exportation offences reported under the Cannabis Act (4,194 of the 7,552 offences reported nationally). The high proportion of offences was due in part to seizure cases, conducted by the Canada Border Services Agency and the Canada Post Mail Centre in the Vancouver CMA, being forwarded for processing and investigation to the Royal Canadian Mounted Police (RCMP). As a result of this exchange, the year in which occurrences were reported by the RCMP may not always correspond to the year in which they occurred.",Geography,"Vancouver, British Columbia [59933]"
35-10-0177-01,106,"In 2020, the Montréal CMA in Quebec accounted for the majority of the national decrease in importation or exportation offences reported under the Cannabis Act, decreasing 72% (4,180 fewer incidents) from 2019 to 2020. The large decrease in offences year-over-year was due in part to fewer postal seizures and seizures conducted by the Canada Border Services Agency in Montréal since the beginning of the COVID-19 pandemic.",Geography,"Montréal, Quebec [24462]"
35-10-0177-01,106,"In 2020, the Montréal CMA in Quebec accounted for the majority of the national decrease in importation or exportation offences reported under the Cannabis Act, decreasing 72% (4,180 fewer incidents) from 2019 to 2020. The large decrease in offences year-over-year was due in part to fewer postal seizures and seizures conducted by the Canada Border Services Agency in Montréal since the beginning of the COVID-19 pandemic.",Violations,Total importation and exportation - Cannabis Act
35-10-0177-01,107,"Under the authority of the Canadian Forces Provost Marshal (CFPM), the Canadian Forces Military Police Group (CF MP Gp) provides professional policing, security, and detention services to the Canadian Armed Forces (CAF) and the Department of National Defence (DND) globally, across the full spectrum of military operations. Uniform Crime Reporting (UCR) Survey data for the CF MP Gp represent only crimes committed in Canada, on or in relation to DND property or assets, investigated by the military police. Within Canada, in many instances, the military police share concurrent jurisdiction with civilian police. In the enforcement of Canadian military and criminal laws, military police are peace officers and lawfully exercise jurisdiction over members of the CAF and over persons on defence establishments including civilians.",Geography,Canadian Forces Military Police [99001]
35-10-0177-01,108,"Under the authority of the Canadian Forces Provost Marshal (CFPM), the Canadian Forces Military Police Group (CF MP Gp) is now reporting incidents to the Uniform Crime Reporting (UCR) Survey. They have provided incidents going back to January 2020. Data from the Office of the CFPM are aggregated at the national level to account for small counts and to protect confidentiality. Therefore, provincial and territorial totals will not equal Canada-level totals. Crime Severity Index data and rates are not available.",,
35-10-0177-01,108,"Under the authority of the Canadian Forces Provost Marshal (CFPM), the Canadian Forces Military Police Group (CF MP Gp) is now reporting incidents to the Uniform Crime Reporting (UCR) Survey. They have provided incidents going back to January 2020. Data from the Office of the CFPM are aggregated at the national level to account for small counts and to protect confidentiality. Therefore, provincial and territorial totals will not equal Canada-level totals. Crime Severity Index data and rates are not available.",Geography,Canadian Forces Military Police [99001]
35-10-0177-01,108,"Under the authority of the Canadian Forces Provost Marshal (CFPM), the Canadian Forces Military Police Group (CF MP Gp) is now reporting incidents to the Uniform Crime Reporting (UCR) Survey. They have provided incidents going back to January 2020. Data from the Office of the CFPM are aggregated at the national level to account for small counts and to protect confidentiality. Therefore, provincial and territorial totals will not equal Canada-level totals. Crime Severity Index data and rates are not available.",,
35-10-0177-01,108,"Under the authority of the Canadian Forces Provost Marshal (CFPM), the Canadian Forces Military Police Group (CF MP Gp) is now reporting incidents to the Uniform Crime Reporting (UCR) Survey. They have provided incidents going back to January 2020. Data from the Office of the CFPM are aggregated at the national level to account for small counts and to protect confidentiality. Therefore, provincial and territorial totals will not equal Canada-level totals. Crime Severity Index data and rates are not available.",Violations,National Defence Act
35-10-0177-01,110,"It is important to note that while official police-reported data on crime from the Uniform Crime Reporting (UCR) Survey use Statistics Canada's standard Census Metropolitan Area (CMA) names, the boundaries for the policing-based CMAs do not always fully align with the standard CMA geographic units used for disseminating information about the Census of Population.",,
35-10-0177-01,110,"It is important to note that while official police-reported data on crime from the Uniform Crime Reporting (UCR) Survey use Statistics Canada's standard Census Metropolitan Area (CMA) names, the boundaries for the policing-based CMAs do not always fully align with the standard CMA geographic units used for disseminating information about the Census of Population.",,
35-10-0177-01,111,Trafficking in persons incidents reported to the Uniform Crime Reporting (UCR) Survey may be undercounted due to differences in police reporting practices for this violation.,Violations,Trafficking in persons
35-10-0177-01,112,"The marked increases observed in 2021 and 2022 for shoplifting under $5,000 violations for Halifax Metropolitan Area is due in part to a change in classification for some incidents involving retail theft. These incidents were previously reported as theft $5,000 or under (2140). Starting in mid-2021 they began reporting these as shoplifting under $5,000 (2143).",Geography,"Halifax, Nova Scotia [12205]"
35-10-0177-01,113,"The marked increase observed in the 2022 counts for ""Other Federal Statutes"" violations is in part due to an increase in incidents against Government Property Traffic Act regulations for the Canadian Forces Military Police Service Group (CF MP Gp).",Violations,Other federal statutes
35-10-0177-01,114,"The marked increase observed in the 2022 counts for ""Customs Act"" violations may be due to an increase in criminal incidents at the Roxham Road unofficial border crossing point from New York State to Quebec. In 2023, ""Customs Act"" incidents decreased primarily as a result of the closure of this unofficial border crossing on March 25, 2023. As well, a portion of the decrease can be attributed to a data entry practice which resulted in the underreporting of incidents.",Violations,Customs Act
35-10-0177-01,115,"The longer-term decline and recent increases in drug possession offences between 2023 to 2025 may be due to changes in policing and enforcement in response to: 1) the August 2020 guidelines issued by the Public Prosecution Service of Canada (PPSC) directing prosecutors to focus on prosecutions for the most serious offences under the Controlled Drugs and Substances Act (CDSA) and to otherwise pursue suitable alternative measures and diversion from the criminal justice system for simple possession cases; and 2) the introduction of Health Canada’s section 56(1) exemption from the CDSA for the province of British Columbia for personal possession of small amounts of certain illegal drugs, that came into effect on January 31, 2023. On May 7, 2024, the exemption in British Columbia was amended to apply to adults only in specific locations: where they are in a designated health care clinic; where they are unhoused and sheltering in accordance with all applicable laws; or where they are in a private residence. This amendment again provided police authority to arrest, warn/charge and seize illegal substances outside the scope and criteria of the amended exemption, including in public spaces. This has resulted in more police-reported drug possession offences for the majority of 2024 and all of 2025, relative to before the amendment.",Violations,"Possession, cocaine"
35-10-0177-01,115,"The longer-term decline and recent increases in drug possession offences between 2023 to 2025 may be due to changes in policing and enforcement in response to: 1) the August 2020 guidelines issued by the Public Prosecution Service of Canada (PPSC) directing prosecutors to focus on prosecutions for the most serious offences under the Controlled Drugs and Substances Act (CDSA) and to otherwise pursue suitable alternative measures and diversion from the criminal justice system for simple possession cases; and 2) the introduction of Health Canada’s section 56(1) exemption from the CDSA for the province of British Columbia for personal possession of small amounts of certain illegal drugs, that came into effect on January 31, 2023. On May 7, 2024, the exemption in British Columbia was amended to apply to adults only in specific locations: where they are in a designated health care clinic; where they are unhoused and sheltering in accordance with all applicable laws; or where they are in a private residence. This amendment again provided police authority to arrest, warn/charge and seize illegal substances outside the scope and criteria of the amended exemption, including in public spaces. This has resulted in more police-reported drug possession offences for the majority of 2024 and all of 2025, relative to before the amendment.",Violations,"Total, possession, other Controlled Drugs and Substances Act drugs"
35-10-0177-01,115,"The longer-term decline and recent increases in drug possession offences between 2023 to 2025 may be due to changes in policing and enforcement in response to: 1) the August 2020 guidelines issued by the Public Prosecution Service of Canada (PPSC) directing prosecutors to focus on prosecutions for the most serious offences under the Controlled Drugs and Substances Act (CDSA) and to otherwise pursue suitable alternative measures and diversion from the criminal justice system for simple possession cases; and 2) the introduction of Health Canada’s section 56(1) exemption from the CDSA for the province of British Columbia for personal possession of small amounts of certain illegal drugs, that came into effect on January 31, 2023. On May 7, 2024, the exemption in British Columbia was amended to apply to adults only in specific locations: where they are in a designated health care clinic; where they are unhoused and sheltering in accordance with all applicable laws; or where they are in a private residence. This amendment again provided police authority to arrest, warn/charge and seize illegal substances outside the scope and criteria of the amended exemption, including in public spaces. This has resulted in more police-reported drug possession offences for the majority of 2024 and all of 2025, relative to before the amendment.",Violations,"Heroin, possession"
35-10-0177-01,115,"The longer-term decline and recent increases in drug possession offences between 2023 to 2025 may be due to changes in policing and enforcement in response to: 1) the August 2020 guidelines issued by the Public Prosecution Service of Canada (PPSC) directing prosecutors to focus on prosecutions for the most serious offences under the Controlled Drugs and Substances Act (CDSA) and to otherwise pursue suitable alternative measures and diversion from the criminal justice system for simple possession cases; and 2) the introduction of Health Canada’s section 56(1) exemption from the CDSA for the province of British Columbia for personal possession of small amounts of certain illegal drugs, that came into effect on January 31, 2023. On May 7, 2024, the exemption in British Columbia was amended to apply to adults only in specific locations: where they are in a designated health care clinic; where they are unhoused and sheltering in accordance with all applicable laws; or where they are in a private residence. This amendment again provided police authority to arrest, warn/charge and seize illegal substances outside the scope and criteria of the amended exemption, including in public spaces. This has resulted in more police-reported drug possession offences for the majority of 2024 and all of 2025, relative to before the amendment.",Violations,"Other Controlled Drugs and Substances Act, possession"
35-10-0177-01,115,"The longer-term decline and recent increases in drug possession offences between 2023 to 2025 may be due to changes in policing and enforcement in response to: 1) the August 2020 guidelines issued by the Public Prosecution Service of Canada (PPSC) directing prosecutors to focus on prosecutions for the most serious offences under the Controlled Drugs and Substances Act (CDSA) and to otherwise pursue suitable alternative measures and diversion from the criminal justice system for simple possession cases; and 2) the introduction of Health Canada’s section 56(1) exemption from the CDSA for the province of British Columbia for personal possession of small amounts of certain illegal drugs, that came into effect on January 31, 2023. On May 7, 2024, the exemption in British Columbia was amended to apply to adults only in specific locations: where they are in a designated health care clinic; where they are unhoused and sheltering in accordance with all applicable laws; or where they are in a private residence. This amendment again provided police authority to arrest, warn/charge and seize illegal substances outside the scope and criteria of the amended exemption, including in public spaces. This has resulted in more police-reported drug possession offences for the majority of 2024 and all of 2025, relative to before the amendment.",Violations,"Methamphetamines (crystal meth), possession"
35-10-0177-01,115,"The longer-term decline and recent increases in drug possession offences between 2023 to 2025 may be due to changes in policing and enforcement in response to: 1) the August 2020 guidelines issued by the Public Prosecution Service of Canada (PPSC) directing prosecutors to focus on prosecutions for the most serious offences under the Controlled Drugs and Substances Act (CDSA) and to otherwise pursue suitable alternative measures and diversion from the criminal justice system for simple possession cases; and 2) the introduction of Health Canada’s section 56(1) exemption from the CDSA for the province of British Columbia for personal possession of small amounts of certain illegal drugs, that came into effect on January 31, 2023. On May 7, 2024, the exemption in British Columbia was amended to apply to adults only in specific locations: where they are in a designated health care clinic; where they are unhoused and sheltering in accordance with all applicable laws; or where they are in a private residence. This amendment again provided police authority to arrest, warn/charge and seize illegal substances outside the scope and criteria of the amended exemption, including in public spaces. This has resulted in more police-reported drug possession offences for the majority of 2024 and all of 2025, relative to before the amendment.",Violations,"Methylenedioxyamphetamine (ecstasy), possession"
35-10-0177-01,115,"The longer-term decline and recent increases in drug possession offences between 2023 to 2025 may be due to changes in policing and enforcement in response to: 1) the August 2020 guidelines issued by the Public Prosecution Service of Canada (PPSC) directing prosecutors to focus on prosecutions for the most serious offences under the Controlled Drugs and Substances Act (CDSA) and to otherwise pursue suitable alternative measures and diversion from the criminal justice system for simple possession cases; and 2) the introduction of Health Canada’s section 56(1) exemption from the CDSA for the province of British Columbia for personal possession of small amounts of certain illegal drugs, that came into effect on January 31, 2023. On May 7, 2024, the exemption in British Columbia was amended to apply to adults only in specific locations: where they are in a designated health care clinic; where they are unhoused and sheltering in accordance with all applicable laws; or where they are in a private residence. This amendment again provided police authority to arrest, warn/charge and seize illegal substances outside the scope and criteria of the amended exemption, including in public spaces. This has resulted in more police-reported drug possession offences for the majority of 2024 and all of 2025, relative to before the amendment.",Violations,"Opioid (other than heroin), possession"
35-10-0177-01,115,"The longer-term decline and recent increases in drug possession offences between 2023 to 2025 may be due to changes in policing and enforcement in response to: 1) the August 2020 guidelines issued by the Public Prosecution Service of Canada (PPSC) directing prosecutors to focus on prosecutions for the most serious offences under the Controlled Drugs and Substances Act (CDSA) and to otherwise pursue suitable alternative measures and diversion from the criminal justice system for simple possession cases; and 2) the introduction of Health Canada’s section 56(1) exemption from the CDSA for the province of British Columbia for personal possession of small amounts of certain illegal drugs, that came into effect on January 31, 2023. On May 7, 2024, the exemption in British Columbia was amended to apply to adults only in specific locations: where they are in a designated health care clinic; where they are unhoused and sheltering in accordance with all applicable laws; or where they are in a private residence. This amendment again provided police authority to arrest, warn/charge and seize illegal substances outside the scope and criteria of the amended exemption, including in public spaces. This has resulted in more police-reported drug possession offences for the majority of 2024 and all of 2025, relative to before the amendment.",Violations,Total possession - Cannabis Act
35-10-0177-01,115,"The longer-term decline and recent increases in drug possession offences between 2023 to 2025 may be due to changes in policing and enforcement in response to: 1) the August 2020 guidelines issued by the Public Prosecution Service of Canada (PPSC) directing prosecutors to focus on prosecutions for the most serious offences under the Controlled Drugs and Substances Act (CDSA) and to otherwise pursue suitable alternative measures and diversion from the criminal justice system for simple possession cases; and 2) the introduction of Health Canada’s section 56(1) exemption from the CDSA for the province of British Columbia for personal possession of small amounts of certain illegal drugs, that came into effect on January 31, 2023. On May 7, 2024, the exemption in British Columbia was amended to apply to adults only in specific locations: where they are in a designated health care clinic; where they are unhoused and sheltering in accordance with all applicable laws; or where they are in a private residence. This amendment again provided police authority to arrest, warn/charge and seize illegal substances outside the scope and criteria of the amended exemption, including in public spaces. This has resulted in more police-reported drug possession offences for the majority of 2024 and all of 2025, relative to before the amendment.",Violations,Possession of illicit or over 30g dried cannabis (or equivalent) by adult
35-10-0177-01,115,"The longer-term decline and recent increases in drug possession offences between 2023 to 2025 may be due to changes in policing and enforcement in response to: 1) the August 2020 guidelines issued by the Public Prosecution Service of Canada (PPSC) directing prosecutors to focus on prosecutions for the most serious offences under the Controlled Drugs and Substances Act (CDSA) and to otherwise pursue suitable alternative measures and diversion from the criminal justice system for simple possession cases; and 2) the introduction of Health Canada’s section 56(1) exemption from the CDSA for the province of British Columbia for personal possession of small amounts of certain illegal drugs, that came into effect on January 31, 2023. On May 7, 2024, the exemption in British Columbia was amended to apply to adults only in specific locations: where they are in a designated health care clinic; where they are unhoused and sheltering in accordance with all applicable laws; or where they are in a private residence. This amendment again provided police authority to arrest, warn/charge and seize illegal substances outside the scope and criteria of the amended exemption, including in public spaces. This has resulted in more police-reported drug possession offences for the majority of 2024 and all of 2025, relative to before the amendment.",Violations,Possession of over 5g dried cannabis (or equivalent) by youth
35-10-0177-01,115,"The longer-term decline and recent increases in drug possession offences between 2023 to 2025 may be due to changes in policing and enforcement in response to: 1) the August 2020 guidelines issued by the Public Prosecution Service of Canada (PPSC) directing prosecutors to focus on prosecutions for the most serious offences under the Controlled Drugs and Substances Act (CDSA) and to otherwise pursue suitable alternative measures and diversion from the criminal justice system for simple possession cases; and 2) the introduction of Health Canada’s section 56(1) exemption from the CDSA for the province of British Columbia for personal possession of small amounts of certain illegal drugs, that came into effect on January 31, 2023. On May 7, 2024, the exemption in British Columbia was amended to apply to adults only in specific locations: where they are in a designated health care clinic; where they are unhoused and sheltering in accordance with all applicable laws; or where they are in a private residence. This amendment again provided police authority to arrest, warn/charge and seize illegal substances outside the scope and criteria of the amended exemption, including in public spaces. This has resulted in more police-reported drug possession offences for the majority of 2024 and all of 2025, relative to before the amendment.",Violations,"Possession of budding or flowering plants, or more than four cannabis plants"
35-10-0177-01,115,"The longer-term decline and recent increases in drug possession offences between 2023 to 2025 may be due to changes in policing and enforcement in response to: 1) the August 2020 guidelines issued by the Public Prosecution Service of Canada (PPSC) directing prosecutors to focus on prosecutions for the most serious offences under the Controlled Drugs and Substances Act (CDSA) and to otherwise pursue suitable alternative measures and diversion from the criminal justice system for simple possession cases; and 2) the introduction of Health Canada’s section 56(1) exemption from the CDSA for the province of British Columbia for personal possession of small amounts of certain illegal drugs, that came into effect on January 31, 2023. On May 7, 2024, the exemption in British Columbia was amended to apply to adults only in specific locations: where they are in a designated health care clinic; where they are unhoused and sheltering in accordance with all applicable laws; or where they are in a private residence. This amendment again provided police authority to arrest, warn/charge and seize illegal substances outside the scope and criteria of the amended exemption, including in public spaces. This has resulted in more police-reported drug possession offences for the majority of 2024 and all of 2025, relative to before the amendment.",Violations,Possession of cannabis by organization
35-10-0177-01,116,"The 2022 and 2021 'Other Federal Statutes' incidents reported to the Uniform Crime Reporting Survey by the Canadian Pacific Railway Police may be an undercount due to inaccurate survey coding guidelines. As a result, these data should be interpreted with caution.",Geography,Quebec [24]
35-10-0177-01,116,"The 2022 and 2021 'Other Federal Statutes' incidents reported to the Uniform Crime Reporting Survey by the Canadian Pacific Railway Police may be an undercount due to inaccurate survey coding guidelines. As a result, these data should be interpreted with caution.",Geography,Ontario [35]
35-10-0177-01,116,"The 2022 and 2021 'Other Federal Statutes' incidents reported to the Uniform Crime Reporting Survey by the Canadian Pacific Railway Police may be an undercount due to inaccurate survey coding guidelines. As a result, these data should be interpreted with caution.",Geography,Manitoba [46]
35-10-0177-01,116,"The 2022 and 2021 'Other Federal Statutes' incidents reported to the Uniform Crime Reporting Survey by the Canadian Pacific Railway Police may be an undercount due to inaccurate survey coding guidelines. As a result, these data should be interpreted with caution.",Geography,Saskatchewan [47]
35-10-0177-01,116,"The 2022 and 2021 'Other Federal Statutes' incidents reported to the Uniform Crime Reporting Survey by the Canadian Pacific Railway Police may be an undercount due to inaccurate survey coding guidelines. As a result, these data should be interpreted with caution.",Geography,Alberta [48]
35-10-0177-01,116,"The 2022 and 2021 'Other Federal Statutes' incidents reported to the Uniform Crime Reporting Survey by the Canadian Pacific Railway Police may be an undercount due to inaccurate survey coding guidelines. As a result, these data should be interpreted with caution.",Geography,British Columbia [59]
35-10-0177-01,116,"The 2022 and 2021 'Other Federal Statutes' incidents reported to the Uniform Crime Reporting Survey by the Canadian Pacific Railway Police may be an undercount due to inaccurate survey coding guidelines. As a result, these data should be interpreted with caution.",Violations,Other federal statutes
35-10-0177-01,117,"As of 2022, new violation codes were added to the Uniform Crime Reporting (UCR) Survey. The ""Total other violent violations"" category now includes the following new violations: 1633 'Causing or Providing Conversion Therapy', 1634 'Material Benefit from Conversion Therapy', 1635 'Intimidation of a person to impede them from obtaining health services', 1636 'Intimidation of a health professional to impede their duties', 1637 'Intimidation of a person assisting  in the performance of the health services to impede in those functions', 1638 'Obstruction or interference with access to health services', 1639 'Failure to Provide Necessaries', 1640 'Impeding Attempt to Save Life' and 1641 'Trafficking in Human Organs', which are not presented in detail for confidentiality reasons. As of 2024, a new violation was added to the Uniform Crime Reporting (UCR) Survey; 1435 “Motor vehicle theft when violence used, threatened or attempted” and which is not presented in detail for confidentiality reasons.",Violations,Total other violent violations
35-10-0177-01,118,"As of 2022, new violation codes related to animal cruelty were added to the Uniform Crime Reporting (UCR) Survey. The category ""Total violations related to Animal Cruelty"" was created and includes the following UCR violations: 3812 ‘Injuring or endangering Animals’, 3813 ‘Killing or injuring Law Enforcement or Military Animals’, 3814 ‘Causing unnecessary suffering to Animals’, 3815 ‘Causing damage or injury due to a failure to exercise reasonable care - animals or birds’, and 3816 ‘Arena for animal fighting’ which are not presented in detail for confidentiality reasons.",Violations,Total violations related to animal cruelty
35-10-0177-01,119,"The ""Total other violations"" category includes the following UCR violations: 3570 'Promoting or Advertising Conversion Therapy', 3700 'Unauthorized Recording of a Movie/Purpose of Sale, Rental, Commercial Distribution', and 3771 'Failure to comply with the regulations/obligations for medical assistance in dying', which are not presented in detail for confidentiality reasons.",Violations,Total other violations
35-10-0177-01,121,The percentage contribution to the Crime Severity Index (CSI) statistic indicates the relative impact of a given violation (or group of violations) on the CSI for a given geography and year. Changes in the percentage contribution of a violation over time may be the result of variations (up or down) to that violation or for other violations.,Statistics,Percentage contribution to the Crime Severity Index (CSI)
35-10-0177-01,122,"The Crime Severity Index (CSI) measures changes in the level of severity of crime in Canada from year to year. In the index, all crimes are assigned a weight based on their seriousness. The level of seriousness is based on actual sentences handed down by the courts in all provinces and territories. More serious crimes are assigned higher weights, less serious offences lower weights. As a result, more serious offences have a greater impact on changes in the index. The PRCSI is standardized to 100 in base year 2006. CSI weights are updated using data from the Integrated Criminal Courts Survey (ICCS) every 5 years. 2022 marks the third update to the CSI weights since 1998. 2021 revised and 2022 CSI data are presented here using the updated weights and may have a marginal impact on the CSI data itself. For further information, refer to data table 35100026.",Statistics,Percentage contribution to the Crime Severity Index (CSI)
35-10-0177-01,124,"Change in the rate of offences related to importation or exportation of Cannabis or other illicit drugs or controlled substances may be due in part to operational conditions and reporting of seizure cases, conducted by the Canada Border Services Agency and the Canada Post Mail Centre. These cases are forwarded for processing and investigation, and as a result of this exchange, the year in which occurrences were reported by police may not always correspond to the year in which they occurred. Therefore, year-over-year changes in these offences should be considered with caution.",Violations,"Cocaine, importation and exportation"
35-10-0177-01,124,"Change in the rate of offences related to importation or exportation of Cannabis or other illicit drugs or controlled substances may be due in part to operational conditions and reporting of seizure cases, conducted by the Canada Border Services Agency and the Canada Post Mail Centre. These cases are forwarded for processing and investigation, and as a result of this exchange, the year in which occurrences were reported by police may not always correspond to the year in which they occurred. Therefore, year-over-year changes in these offences should be considered with caution.",Violations,"Heroin, importation and exportation"
35-10-0177-01,124,"Change in the rate of offences related to importation or exportation of Cannabis or other illicit drugs or controlled substances may be due in part to operational conditions and reporting of seizure cases, conducted by the Canada Border Services Agency and the Canada Post Mail Centre. These cases are forwarded for processing and investigation, and as a result of this exchange, the year in which occurrences were reported by police may not always correspond to the year in which they occurred. Therefore, year-over-year changes in these offences should be considered with caution.",Violations,"Other Controlled Drugs and Substances Act, importation and exportation"
35-10-0177-01,124,"Change in the rate of offences related to importation or exportation of Cannabis or other illicit drugs or controlled substances may be due in part to operational conditions and reporting of seizure cases, conducted by the Canada Border Services Agency and the Canada Post Mail Centre. These cases are forwarded for processing and investigation, and as a result of this exchange, the year in which occurrences were reported by police may not always correspond to the year in which they occurred. Therefore, year-over-year changes in these offences should be considered with caution.",Violations,"Methamphetamines (crystal meth), importation and exportation"
35-10-0177-01,124,"Change in the rate of offences related to importation or exportation of Cannabis or other illicit drugs or controlled substances may be due in part to operational conditions and reporting of seizure cases, conducted by the Canada Border Services Agency and the Canada Post Mail Centre. These cases are forwarded for processing and investigation, and as a result of this exchange, the year in which occurrences were reported by police may not always correspond to the year in which they occurred. Therefore, year-over-year changes in these offences should be considered with caution.",Violations,"Methylenedioxyamphetamine (ecstasy), importation and exportation"
35-10-0177-01,124,"Change in the rate of offences related to importation or exportation of Cannabis or other illicit drugs or controlled substances may be due in part to operational conditions and reporting of seizure cases, conducted by the Canada Border Services Agency and the Canada Post Mail Centre. These cases are forwarded for processing and investigation, and as a result of this exchange, the year in which occurrences were reported by police may not always correspond to the year in which they occurred. Therefore, year-over-year changes in these offences should be considered with caution.",Violations,"Opioid (other than heroin), importation and exportation"
35-10-0177-01,124,"Change in the rate of offences related to importation or exportation of Cannabis or other illicit drugs or controlled substances may be due in part to operational conditions and reporting of seizure cases, conducted by the Canada Border Services Agency and the Canada Post Mail Centre. These cases are forwarded for processing and investigation, and as a result of this exchange, the year in which occurrences were reported by police may not always correspond to the year in which they occurred. Therefore, year-over-year changes in these offences should be considered with caution.",Violations,Total importation and exportation - Cannabis Act
35-10-0177-01,124,"Change in the rate of offences related to importation or exportation of Cannabis or other illicit drugs or controlled substances may be due in part to operational conditions and reporting of seizure cases, conducted by the Canada Border Services Agency and the Canada Post Mail Centre. These cases are forwarded for processing and investigation, and as a result of this exchange, the year in which occurrences were reported by police may not always correspond to the year in which they occurred. Therefore, year-over-year changes in these offences should be considered with caution.",Violations,Importation and exportation of cannabis
35-10-0177-01,125,"Data are based on police-reported incidents that are recorded in police services’ records management systems. Public safety initiatives, levels of public awareness, and changes in policies and technologies available to social media companies may influence the number of Child Sexual Abuse and Exploitation Material (CSAEM) incidents reported to and recorded by police. As awareness and reporting practices evolve, police services may record fluctuations in both recent and historical incidents, which can affect annual reporting for these criminal violations. Additionally, the Royal Canadian Mounted Police National Child Exploitation Crime Centre (NCECC) serves as the primary point of contact in Canada for investigations related to sexual exploitation of children on the Internet. The NCECC and specialized provincial Internet child exploitation policing units also work in partnership with local police services and jurisdictions. Within this partnership, cases may be forwarded to local police services for processing and investigation. As a result of this exchange, there may be delays in reporting current or historical incidents of CSAEM. This means that the year in which incidents are reported may not correspond to the year in which they occurred. It is important to note that variations between years may reflect differences in the recognition, reporting, and investigation of CSAEM incidents, and not necessarily lower or higher rates of occurrence. Additionally, police resources, policies and the investigational complexities of CSAEM in particular, and child sexual exploitation more generally, can have a considerable impact on police-reported metrics. Due to a substantial increase in the volume and complexity of CSAEM investigations (many of which involve Generative Artificial Intelligence and high volumes of text-based content), the NCECC and police services may not have the necessary resources to investigate all incidents that are identified, and may also face significant challenges once investigations are begun. The data likely reflect the number of active or closed investigations for each year rather than the total number of incidents reported to police, accounting for only a subset of suspected CSAEM incidents within Canada.",Violations,Child Sexual Abuse and Exploitation Material (Possessing or Accessing)
35-10-0177-01,125,"Data are based on police-reported incidents that are recorded in police services’ records management systems. Public safety initiatives, levels of public awareness, and changes in policies and technologies available to social media companies may influence the number of Child Sexual Abuse and Exploitation Material (CSAEM) incidents reported to and recorded by police. As awareness and reporting practices evolve, police services may record fluctuations in both recent and historical incidents, which can affect annual reporting for these criminal violations. Additionally, the Royal Canadian Mounted Police National Child Exploitation Crime Centre (NCECC) serves as the primary point of contact in Canada for investigations related to sexual exploitation of children on the Internet. The NCECC and specialized provincial Internet child exploitation policing units also work in partnership with local police services and jurisdictions. Within this partnership, cases may be forwarded to local police services for processing and investigation. As a result of this exchange, there may be delays in reporting current or historical incidents of CSAEM. This means that the year in which incidents are reported may not correspond to the year in which they occurred. It is important to note that variations between years may reflect differences in the recognition, reporting, and investigation of CSAEM incidents, and not necessarily lower or higher rates of occurrence. Additionally, police resources, policies and the investigational complexities of CSAEM in particular, and child sexual exploitation more generally, can have a considerable impact on police-reported metrics. Due to a substantial increase in the volume and complexity of CSAEM investigations (many of which involve Generative Artificial Intelligence and high volumes of text-based content), the NCECC and police services may not have the necessary resources to investigate all incidents that are identified, and may also face significant challenges once investigations are begun. The data likely reflect the number of active or closed investigations for each year rather than the total number of incidents reported to police, accounting for only a subset of suspected CSAEM incidents within Canada.",Violations,Child Sexual Abuse and Exploitation Material (Making or Distributing)
35-10-0177-01,126,"The marked increase observed in 2022 for shoplifting may in part be due to advances in technology, including increased reporting online.",Violations,"Shoplifting over $5,000"
35-10-0177-01,126,"The marked increase observed in 2022 for shoplifting may in part be due to advances in technology, including increased reporting online.",Violations,"Shoplifting $5,000 or under"
35-10-0177-01,127,"The increase observed in 2023 for making or distributing child pornography (3456) violations in British Columbia is due to an increase in the number of cases coming to the attention of local RCMP detachments in British Columbia through a partnership with the British Columbia Integrated Child Exploitation Unit (BC ICE Unit). This is a specialized unit, whose mandate is specific to Internet Child Exploitation Investigations. The increased use of the Internet and advancements in technology, for example, improvements made to algorithms used to automatically scan social media platforms for Child Sexual Abuse Material (CSAM), have improved the capacity for detecting and reporting these incidents.",Geography,British Columbia [59]
35-10-0177-01,127,"The increase observed in 2023 for making or distributing child pornography (3456) violations in British Columbia is due to an increase in the number of cases coming to the attention of local RCMP detachments in British Columbia through a partnership with the British Columbia Integrated Child Exploitation Unit (BC ICE Unit). This is a specialized unit, whose mandate is specific to Internet Child Exploitation Investigations. The increased use of the Internet and advancements in technology, for example, improvements made to algorithms used to automatically scan social media platforms for Child Sexual Abuse Material (CSAM), have improved the capacity for detecting and reporting these incidents.",Violations,Child Sexual Abuse and Exploitation Material (Making or Distributing)
35-10-0177-01,128,"The 2023 child pornography incidents for Surrey, British Columbia (59704) could be higher than what they should be because counts include a number of incidents that are known to have been reported in the province of British Columbia but may or may not have occurred in Surrey. This is because the exact location of some incidents is unknown and they have therefore been attributed to Surrey; the location of the British Columbia Integrated Child Exploitation Unit (BC ICE).",Geography,British Columbia [59]
35-10-0177-01,128,"The 2023 child pornography incidents for Surrey, British Columbia (59704) could be higher than what they should be because counts include a number of incidents that are known to have been reported in the province of British Columbia but may or may not have occurred in Surrey. This is because the exact location of some incidents is unknown and they have therefore been attributed to Surrey; the location of the British Columbia Integrated Child Exploitation Unit (BC ICE).",Violations,Child Sexual Abuse and Exploitation Material (Possessing or Accessing)
35-10-0177-01,128,"The 2023 child pornography incidents for Surrey, British Columbia (59704) could be higher than what they should be because counts include a number of incidents that are known to have been reported in the province of British Columbia but may or may not have occurred in Surrey. This is because the exact location of some incidents is unknown and they have therefore been attributed to Surrey; the location of the British Columbia Integrated Child Exploitation Unit (BC ICE).",Violations,Child Sexual Abuse and Exploitation Material (Making or Distributing)
35-10-0177-01,130,"In December 2020, the Government of Alberta implemented Bill 21, the Provincial Administrative Penalties Act, changing the way police can respond to impaired drivers with the introduction of Immediate Roadside Sanctions (IRS). Due to reporting system limitations, Calgary Police Service is not able to report their IRS incidents to the Uniform Crime Reporting (UCR) Survey. As a result, impaired driving data are under-counted and should be interpreted with caution.",Geography,Alberta [48]
35-10-0177-01,130,"In December 2020, the Government of Alberta implemented Bill 21, the Provincial Administrative Penalties Act, changing the way police can respond to impaired drivers with the introduction of Immediate Roadside Sanctions (IRS). Due to reporting system limitations, Calgary Police Service is not able to report their IRS incidents to the Uniform Crime Reporting (UCR) Survey. As a result, impaired driving data are under-counted and should be interpreted with caution.",Geography,"Calgary, Alberta [48825]"
35-10-0177-01,130,"In December 2020, the Government of Alberta implemented Bill 21, the Provincial Administrative Penalties Act, changing the way police can respond to impaired drivers with the introduction of Immediate Roadside Sanctions (IRS). Due to reporting system limitations, Calgary Police Service is not able to report their IRS incidents to the Uniform Crime Reporting (UCR) Survey. As a result, impaired driving data are under-counted and should be interpreted with caution.",Violations,Total impaired driving
35-10-0177-01,131,The increase observed in 2023 and 2024 for making or distributing child pornography (3456) violations in Edmonton is due to an increase in the number of cases - current and historical – forwarded to Edmonton Police Service (EPS) by ALERT's (Alberta Law Enforcement Response Teams) ICE (Internet Child Exploitation) teams whose mandate is specific to Internet Child Exploitation investigations for all of northern Alberta.,Geography,Alberta [48]
35-10-0177-01,131,The increase observed in 2023 and 2024 for making or distributing child pornography (3456) violations in Edmonton is due to an increase in the number of cases - current and historical – forwarded to Edmonton Police Service (EPS) by ALERT's (Alberta Law Enforcement Response Teams) ICE (Internet Child Exploitation) teams whose mandate is specific to Internet Child Exploitation investigations for all of northern Alberta.,Geography,"Edmonton, Alberta [48835]"
35-10-0177-01,131,The increase observed in 2023 and 2024 for making or distributing child pornography (3456) violations in Edmonton is due to an increase in the number of cases - current and historical – forwarded to Edmonton Police Service (EPS) by ALERT's (Alberta Law Enforcement Response Teams) ICE (Internet Child Exploitation) teams whose mandate is specific to Internet Child Exploitation investigations for all of northern Alberta.,Violations,Child Sexual Abuse and Exploitation Material (Making or Distributing)
35-10-0177-01,132,Police service Census Metropolitan Area (CMA) and respondent populations are created using the July 1 Census subdivision (CSD) population estimates prepared by the Centre for Demography at Statistics Canada. Variations might exist between the CSD estimates for Alberta used for the period from 2016 to 2020 and those produced by the Alberta Office of Statistics and Information.,Geography,Alberta [48]
35-10-0177-01,132,Police service Census Metropolitan Area (CMA) and respondent populations are created using the July 1 Census subdivision (CSD) population estimates prepared by the Centre for Demography at Statistics Canada. Variations might exist between the CSD estimates for Alberta used for the period from 2016 to 2020 and those produced by the Alberta Office of Statistics and Information.,Statistics,"Rate per 100,000 population"
35-10-0177-01,132,Police service Census Metropolitan Area (CMA) and respondent populations are created using the July 1 Census subdivision (CSD) population estimates prepared by the Centre for Demography at Statistics Canada. Variations might exist between the CSD estimates for Alberta used for the period from 2016 to 2020 and those produced by the Alberta Office of Statistics and Information.,Statistics,"Rate, total persons charged per 100,000 population aged 12 years and over"
35-10-0177-01,132,Police service Census Metropolitan Area (CMA) and respondent populations are created using the July 1 Census subdivision (CSD) population estimates prepared by the Centre for Demography at Statistics Canada. Variations might exist between the CSD estimates for Alberta used for the period from 2016 to 2020 and those produced by the Alberta Office of Statistics and Information.,Statistics,"Rate, adult charged per 100,000 population aged 18 years and over"
35-10-0177-01,132,Police service Census Metropolitan Area (CMA) and respondent populations are created using the July 1 Census subdivision (CSD) population estimates prepared by the Centre for Demography at Statistics Canada. Variations might exist between the CSD estimates for Alberta used for the period from 2016 to 2020 and those produced by the Alberta Office of Statistics and Information.,Statistics,"Rate, youth charged per 100,000 population aged 12 to 17 years"
35-10-0177-01,132,Police service Census Metropolitan Area (CMA) and respondent populations are created using the July 1 Census subdivision (CSD) population estimates prepared by the Centre for Demography at Statistics Canada. Variations might exist between the CSD estimates for Alberta used for the period from 2016 to 2020 and those produced by the Alberta Office of Statistics and Information.,Statistics,"Rate, youth not charged per 100,000 population aged 12 to 17 years"
35-10-0177-01,133,"The increase observed for possession of or accessing child pornography (3455) violations in Halifax Metropolitan Area, Nova Scotia is in part due to an increase in the number of cases forwarded to Halifax Regional Police by Nova Scotia's Royal Canadian Mounted Police (RCMP) Internet Child Exploitation (ICE) unit whose mandate is specific to Internet Child Exploitation investigations for all of Nova Scotia.",Geography,"Halifax, Nova Scotia [12205]"
35-10-0177-01,133,"The increase observed for possession of or accessing child pornography (3455) violations in Halifax Metropolitan Area, Nova Scotia is in part due to an increase in the number of cases forwarded to Halifax Regional Police by Nova Scotia's Royal Canadian Mounted Police (RCMP) Internet Child Exploitation (ICE) unit whose mandate is specific to Internet Child Exploitation investigations for all of Nova Scotia.",Violations,Child Sexual Abuse and Exploitation Material (Possessing or Accessing)
35-10-0177-01,134,"Some of the counts for Saint John Police Force (SJPF) are unverified, which may result in an underestimate of some types of violations. Data should be interpreted with caution.",Geography,"Saint John, New Brunswick [13310]"
35-10-0177-01,135,"Due to an increased need for data related to animal cruelty, the Canadian Centre for Justice and Community Safety Statistics (CCJCSS) has broken out Uniform Crime Reporting (UCR) violation code 3810 (Wilful/Forbidden acts in respect of property) in order to include more detailed violations. As a result in 2022, violation code 3810 ‘Wilful and Forbidden Acts in Respect of Certain Property (Part XI CC)’ has been expired and the following six violations have been added to the survey: 3811 ‘Other Interference with Property’, 3812 ‘Injuring or endangering Animals’, 3813 ‘Killing or injuring Law Enforcement or Military Animals’, 3814 ‘Causing unnecessary suffering to Animals’, 3815 ‘Causing damage or injury due to a failure to exercise reasonable care - animals or birds’, and 3816 ‘Arena for animal fighting’.",Violations,Wilful and forbidden acts in respect of certain property (Part XI Criminal Code)
35-10-0177-01,135,"Due to an increased need for data related to animal cruelty, the Canadian Centre for Justice and Community Safety Statistics (CCJCSS) has broken out Uniform Crime Reporting (UCR) violation code 3810 (Wilful/Forbidden acts in respect of property) in order to include more detailed violations. As a result in 2022, violation code 3810 ‘Wilful and Forbidden Acts in Respect of Certain Property (Part XI CC)’ has been expired and the following six violations have been added to the survey: 3811 ‘Other Interference with Property’, 3812 ‘Injuring or endangering Animals’, 3813 ‘Killing or injuring Law Enforcement or Military Animals’, 3814 ‘Causing unnecessary suffering to Animals’, 3815 ‘Causing damage or injury due to a failure to exercise reasonable care - animals or birds’, and 3816 ‘Arena for animal fighting’.",Violations,Total violations related to animal cruelty
35-10-0177-01,136,The census metropolitan area (CMA) of Belleville-Quinte West was formerly known as Belleville.,Geography,"Belleville-Quinte West, Ontario [35522]"
35-10-0177-01,137,"As of 2016, rates are suppressed when populations are less than 1,000. Use data prior to this year with caution.",Statistics,"Rate, total persons charged per 100,000 population aged 12 years and over"
35-10-0177-01,137,"As of 2016, rates are suppressed when populations are less than 1,000. Use data prior to this year with caution.",Statistics,"Rate, adult charged per 100,000 population aged 18 years and over"
35-10-0177-01,137,"As of 2016, rates are suppressed when populations are less than 1,000. Use data prior to this year with caution.",Statistics,"Rate, youth charged per 100,000 population aged 12 to 17 years"
35-10-0177-01,137,"As of 2016, rates are suppressed when populations are less than 1,000. Use data prior to this year with caution.",Statistics,"Rate, youth not charged per 100,000 population aged 12 to 17 years"
35-10-0177-01,138,"Youth population data are not available prior to 2004, therefore the rates shown are incorrect and should not be used.",Statistics,"Rate, youth charged per 100,000 population aged 12 to 17 years"
35-10-0177-01,138,"Youth population data are not available prior to 2004, therefore the rates shown are incorrect and should not be used.",Statistics,"Rate, youth not charged per 100,000 population aged 12 to 17 years"
35-10-0177-01,139,"As a result of the coming into force of the Cannabis Act on October 17, 2018, all prior cannabis-related legislation under the Controlled Drugs and Substances Act (CDSA) has been replaced with the Cannabis Act. Since this time, a select few historical incidents were reported under prior CDSA cannabis legislation as police services continue to implement the new Cannabis Act offence categories in their Records Management Systems. As well, statistics reflect incidents that are reported or charged in a given year and this can include incidents that occurred prior to the year in question (i.e., pre-legalization) but were reported or charged in the given year. Therefore, the sum of all Cannabis Act offences may not equal total cannabis offences in all years.",Violations,"Total cannabis, trafficking, production or distribution (pre-legalization)"
35-10-0177-01,139,"As a result of the coming into force of the Cannabis Act on October 17, 2018, all prior cannabis-related legislation under the Controlled Drugs and Substances Act (CDSA) has been replaced with the Cannabis Act. Since this time, a select few historical incidents were reported under prior CDSA cannabis legislation as police services continue to implement the new Cannabis Act offence categories in their Records Management Systems. As well, statistics reflect incidents that are reported or charged in a given year and this can include incidents that occurred prior to the year in question (i.e., pre-legalization) but were reported or charged in the given year. Therefore, the sum of all Cannabis Act offences may not equal total cannabis offences in all years.",Violations,Total Cannabis Act
35-10-0177-01,140,"In June 2024, Bill C-69, “An Act to implement certain provisions of the budget tabled in Parliament on April 16, 2024” amended the Criminal Code to include several new offences related to motor vehicle theft. At this time, the Uniform Crime Reporting (UCR) Survey was adjusted to add four new violation codes including: '1435 -Motor vehicle theft when violence used, threatened or attempted', '2136 - Motor vehicle theft for criminal organization', ' 2137 - Possession or distribution of device linked to motor vehicle theft, and '3826 - Laundering proceeds of crime for criminal organization'. It is important to note that the new violation '1435 - Motor vehicle theft when violence used, threatened or attempted' is not included in the rollup 0220 ""Total Motor Vehicle theft"" given that it is a violent violation.",Violations,Total theft of motor vehicle
35-10-0177-01,141,"Data for the months of November, December 2024 and January, February 2025 from Kingston Police may be undercounted due to a cyber-attack.",Geography,"Kingston, Ontario [35521]"
35-10-0177-01,142,"The increase in '6900 Other Federal Statutes' counts in Saskatchewan in 2023 and 2024 is due to the renewed enforcement and prosecution of Indian Act band by-laws. In 2016, Federal Prosecutions ceased prosecuting Indian Act by-law offences, requiring communities to appoint their own prosecutors. Until then, the RCMP in Saskatchewan stopped enforcing these by-laws. As of October 2023, enforcement resumed through a partnership between the Saskatchewan RCMP (F Division), the Federation of Sovereign Indigenous Nations (FSIN), and the provincial government. This reinstatement focuses on section 85.1 of the Indian Act, which allows band councils to prohibit alcohol-related activities in dry communities.",Geography,Saskatchewan [47]
35-10-0177-01,142,"The increase in '6900 Other Federal Statutes' counts in Saskatchewan in 2023 and 2024 is due to the renewed enforcement and prosecution of Indian Act band by-laws. In 2016, Federal Prosecutions ceased prosecuting Indian Act by-law offences, requiring communities to appoint their own prosecutors. Until then, the RCMP in Saskatchewan stopped enforcing these by-laws. As of October 2023, enforcement resumed through a partnership between the Saskatchewan RCMP (F Division), the Federation of Sovereign Indigenous Nations (FSIN), and the provincial government. This reinstatement focuses on section 85.1 of the Indian Act, which allows band councils to prohibit alcohol-related activities in dry communities.",Violations,Other federal statutes
35-10-0177-01,144,"The increases observed in 2023 and 2024 for 'Total Immigration and Refugee Protection Act' violations is largely due to changes made by Canada and the United States (US) to the Safe Third Country Agreement (STCA), that took effect on March 25, 2023. The STCA prohibits individuals seeking asylum at the border from claiming refugee status in Canada if they have traveled through the US and it was expanded to apply along the entire land border, including internal waterways. The changes led to the closure of the Roxham Road illegal border crossing and increased patrols at the border, increasing the number of arrests of persons (smugglers) facilitating the passage of individuals entering Canada illegally.",Violations,Total Immigration and Refugee Protection Act
35-10-0177-01,146,"Reporting seized drugs at a ferry port in Victoria, BC, that hosts travel between the USA and Canada, is new in 2024. The counts observed in the ‘Importation and exportation of cannabis’ (4941) for Victoria Police Department (59025) beginning in 2024 are largely due to the Royal Canadian Mounted Police’s (RCMP) Federal Policing No Case Seizure team (NCS) generating files for drugs seized by the Canadian Border Services Agency (CBSA) at border locations. Due to RCMP/CBSA policies and a Memorandum of Understanding between the two Departments, CBSA will hold the drugs seized for 90 days prior to the RCMP NCS Team picking up the drugs for reporting and disposal. Due to the holding period, resources, and pick-up schedule, the year in which incidents were reported by police may not always correspond to the year in which the offence occurred. Therefore, year-over-year changes in these offences and comparison will be impacted.",Geography,"Victoria, British Columbia [59935]"
35-10-0177-01,146,"Reporting seized drugs at a ferry port in Victoria, BC, that hosts travel between the USA and Canada, is new in 2024. The counts observed in the ‘Importation and exportation of cannabis’ (4941) for Victoria Police Department (59025) beginning in 2024 are largely due to the Royal Canadian Mounted Police’s (RCMP) Federal Policing No Case Seizure team (NCS) generating files for drugs seized by the Canadian Border Services Agency (CBSA) at border locations. Due to RCMP/CBSA policies and a Memorandum of Understanding between the two Departments, CBSA will hold the drugs seized for 90 days prior to the RCMP NCS Team picking up the drugs for reporting and disposal. Due to the holding period, resources, and pick-up schedule, the year in which incidents were reported by police may not always correspond to the year in which the offence occurred. Therefore, year-over-year changes in these offences and comparison will be impacted.",Violations,Importation and exportation of cannabis
35-10-0177-01,147,"The increases observed starting in 2024 for ‘luring a child via a computer’ violations (1370) in British Columbia are due to an increase in the number of cases coming to the attention of local RCMP detachments in British Columbia through a partnership with the British Columbia Integrated Child Exploitation Unit (BC ICE Unit) and the National Child Exploitation Crime Centre (NCECC). BC ICE is a specialized unit, whose mandate is to investigate and provide investigational support, subject matter expertise and education related to online child sexual exploitation offences within the province of BC.",Violations,Luring a child via a computer
35-10-0177-01,148,"The increase in counts observed for both ‘Importation and exportation of cannabis’ (4941) and ‘Other Controlled Drugs and Substances Act - importation and exportation’ (4330) violations beginning in 2024 for the Richmond, British Columbia, Royal Canadian Mounted Police, municipal detachment (59711) are due to the Royal Canadian Mounted Police’s (RCMP) Federal Policing No Case Seizure team (NCS) generating files for drugs seized by the Canadian Border Services Agency (CBSA) at border locations, including Vancouver International Airport. Previously, these seizures were managed by Federal Policing Vancouver International Airport Unit. However, resources were not readily available to process the seizures and in early 2024, the NCS team took over management of the seizures, reporting and disposal for a significant backlog of drugs. Due to RCMP/CBSA policies and a Memorandum of Understanding between the two Departments, CBSA will hold the drugs seized for 90 days prior to the RCMP NCS Team picking up the drugs for reporting and disposal. Due to the holding period, resources, and pick-up schedule, the year in which incidents were reported by police may not always correspond to the year in which the offence occurred. Therefore, year-over-year changes in these offences and comparison will be impacted.",Violations,"Other Controlled Drugs and Substances Act, importation and exportation"
35-10-0177-01,148,"The increase in counts observed for both ‘Importation and exportation of cannabis’ (4941) and ‘Other Controlled Drugs and Substances Act - importation and exportation’ (4330) violations beginning in 2024 for the Richmond, British Columbia, Royal Canadian Mounted Police, municipal detachment (59711) are due to the Royal Canadian Mounted Police’s (RCMP) Federal Policing No Case Seizure team (NCS) generating files for drugs seized by the Canadian Border Services Agency (CBSA) at border locations, including Vancouver International Airport. Previously, these seizures were managed by Federal Policing Vancouver International Airport Unit. However, resources were not readily available to process the seizures and in early 2024, the NCS team took over management of the seizures, reporting and disposal for a significant backlog of drugs. Due to RCMP/CBSA policies and a Memorandum of Understanding between the two Departments, CBSA will hold the drugs seized for 90 days prior to the RCMP NCS Team picking up the drugs for reporting and disposal. Due to the holding period, resources, and pick-up schedule, the year in which incidents were reported by police may not always correspond to the year in which the offence occurred. Therefore, year-over-year changes in these offences and comparison will be impacted.",Violations,Importation and exportation of cannabis
35-10-0177-01,149,"The number of incidents cleared each year can include incidents reported in that year as well as those reported in previous years. Therefore, this metric reflects police clearance activity in a given year, not the clearance activity in relation to incidents reported in that year. Caution should be used when interpreting this measure for violations with small counts as they may be more subject to variation in clearance status and reporting year.",Statistics,Total cleared
35-10-0177-01,150,"In 2025, Saint John Police Force (SJPF) transitioned to a new Records Management System (RMS). Some incongruencies between the legacy system and the new system may have resulted in the underreporting of counts for selected violations in 2024 and part of 2025. Data should be interpreted with caution during this RMS transition period.",Geography,"Saint John, New Brunswick [13310]"
35-10-0177-01,151,"Bill C-291 received Royal Assent on October 10, 2024, with amendments to Criminal Code sections 163.1(2–4.1) effective October 10, 2025. In response, the Canadian Centre for Justice and Community Safety Statistics (CCJCSS) adjusted the Uniform Crime Reporting (UCR) Survey by renaming violation codes 3455 and 3456 to “Child Sexual Abuse and Exploitation Material (possessing/accessing; making/distributing)”.",Violations,Child Sexual Abuse and Exploitation Material (Possessing or Accessing)
35-10-0177-01,151,"Bill C-291 received Royal Assent on October 10, 2024, with amendments to Criminal Code sections 163.1(2–4.1) effective October 10, 2025. In response, the Canadian Centre for Justice and Community Safety Statistics (CCJCSS) adjusted the Uniform Crime Reporting (UCR) Survey by renaming violation codes 3455 and 3456 to “Child Sexual Abuse and Exploitation Material (possessing/accessing; making/distributing)”.",Violations,Child Sexual Abuse and Exploitation Material (Making or Distributing)
35-10-0177-01,152,Crime data from August to December 2025 for the Canadian Forces Military Police are estimates (except for homicides) due to a Records Management System (RMS) data extraction error that remained unresolved prior to publication. Data are to be interpreted with caution.,Geography,Canadian Forces Military Police [99001]
35-10-0177-01,153,"The increase observed in 2024 for the Disturb the Peace (3430) violation for Thunder Bay, Ontario, municipal [35299] can be attributed to a correction in reporting practices. The change in reporting results in a more accurate reporting of this violation. The decrease in counts for 2025 is due to a delay in data entry. It is anticipated that corrections will be applied to the revised data for 2025 during the scheduled release in 2027. Comparisons to previous years should be made with caution.",Geography,"Thunder Bay, Ontario [35595]"
35-10-0177-01,153,"The increase observed in 2024 for the Disturb the Peace (3430) violation for Thunder Bay, Ontario, municipal [35299] can be attributed to a correction in reporting practices. The change in reporting results in a more accurate reporting of this violation. The decrease in counts for 2025 is due to a delay in data entry. It is anticipated that corrections will be applied to the revised data for 2025 during the scheduled release in 2027. Comparisons to previous years should be made with caution.",Violations,Disturb the peace
35-10-0177-01,154,"Data for 2025 are missing national security-related incidents from the Royal Canadian Mounted Police (RCMP) from May to December 2025. National security-related incidents may be undercounted, including offences such as terrorism, violent extremism, espionage and sabotage.",Geography,Canada
35-10-0177-01,155,"Beginning part way through 2008, shoplifting has been collected as a distinct violation code for statistical reporting purposes, allowing it to be analyzed separately from other thefts. The classification of an incident as shoplifting is based on information gathered by police through their investigation and reported to the Uniform Crime Reporting Survey. Shoplifting is not a separate offence under the Criminal Code and is included within the broader offence of theft. Additionally, online reporting of shoplifting may also contribute to an increase in police-reported incidents relative to other thefts.",Violations,"Shoplifting over $5,000"
35-10-0177-01,155,"Beginning part way through 2008, shoplifting has been collected as a distinct violation code for statistical reporting purposes, allowing it to be analyzed separately from other thefts. The classification of an incident as shoplifting is based on information gathered by police through their investigation and reported to the Uniform Crime Reporting Survey. Shoplifting is not a separate offence under the Criminal Code and is included within the broader offence of theft. Additionally, online reporting of shoplifting may also contribute to an increase in police-reported incidents relative to other thefts.",Violations,"Shoplifting $5,000 or under"
35-10-0177-01,156,"The increase in '6900 Other Federal Statutes' counts in Alberta in 2025 is due to the increased enforcement and prosecution of Indian Act band by-laws in Tsuut'ina police service (48004). In 2016, Federal Prosecutions ceased prosecuting Indian Act by-law offences, requiring communities to appoint their own prosecutors.",Geography,"Calgary, Alberta [48825]"
35-10-0177-01,156,"The increase in '6900 Other Federal Statutes' counts in Alberta in 2025 is due to the increased enforcement and prosecution of Indian Act band by-laws in Tsuut'ina police service (48004). In 2016, Federal Prosecutions ceased prosecuting Indian Act by-law offences, requiring communities to appoint their own prosecutors.",Violations,Other federal statutes
35-10-0180-01,1,"Incident-based Uniform Crime Reporting Survey (UCR2) data are not available for all respondents. In order to report this level of detail for police services still reporting to the Aggregate Uniform Crime Reporting Survey (UCR) over this time, a process of imputation was applied to derive counts for violations that do not exist on their own in the aggregate survey. For approximately 80% of the aggregate offence codes, there is a 1:1 mapping with a new incident-based violation code. For violations where this was not the case, such as the aggregate other Criminal Code category, it was necessary to estimate (impute) this figure using the distribution of other Criminal Code offences from existing Incident-based UCR2 respondents.",,
35-10-0180-01,2,"During the production of each year's crime statistics, data from the previous year are revised to reflect any updates or changes that have been received from the police services. For more information on the concepts, methods and quality of the data contained in this table, please contact the Canadian Centre for Justice and Community Safety Statistics at statcan.ccjcss-ccsjsc.statcan@statcan.gc.ca.",,
35-10-0180-01,3,"The violent crime category has been expanded under the Incident-based Uniform Crime Reporting Survey (UCR2) to include a number of offences not previously included in the violent crime category, including uttering threats, criminal harassment and forcible confinement. Therefore, total violent crime counts in this table will not match total violent crime counts from the Aggregate Uniform Crime Reporting Survey (UCR).",Violations,Total violent Criminal Code violations
35-10-0180-01,4,"Homicide data are extracted from the Homicide Survey database. For further information, refer to: <a href=""https://www.statcan.gc.ca/imdb-bmdi/3315-eng.htm"" rel=""external noopener noreferrer"" target=""_blank""> Homicide Survey (opens new window)</a>.",Violations,Homicide
35-10-0180-01,4,"Homicide data are extracted from the Homicide Survey database. For further information, refer to: <a href=""https://www.statcan.gc.ca/imdb-bmdi/3315-eng.htm"" rel=""external noopener noreferrer"" target=""_blank""> Homicide Survey (opens new window)</a>.",Violations,"Murder, first degree"
35-10-0180-01,4,"Homicide data are extracted from the Homicide Survey database. For further information, refer to: <a href=""https://www.statcan.gc.ca/imdb-bmdi/3315-eng.htm"" rel=""external noopener noreferrer"" target=""_blank""> Homicide Survey (opens new window)</a>.",Violations,"Murder, second degree"
35-10-0180-01,4,"Homicide data are extracted from the Homicide Survey database. For further information, refer to: <a href=""https://www.statcan.gc.ca/imdb-bmdi/3315-eng.htm"" rel=""external noopener noreferrer"" target=""_blank""> Homicide Survey (opens new window)</a>.",Violations,Manslaughter
35-10-0180-01,4,"Homicide data are extracted from the Homicide Survey database. For further information, refer to: <a href=""https://www.statcan.gc.ca/imdb-bmdi/3315-eng.htm"" rel=""external noopener noreferrer"" target=""_blank""> Homicide Survey (opens new window)</a>.",Violations,Infanticide
35-10-0180-01,5,Robbery counts have been revised for the years 1998 to 2007. This change has resulted in an increase of approximately 12% annually in the number of reported robbery incidents for this time period. Use caution when comparing these data with prior years.,Violations,Total robbery
35-10-0180-01,5,Robbery counts have been revised for the years 1998 to 2007. This change has resulted in an increase of approximately 12% annually in the number of reported robbery incidents for this time period. Use caution when comparing these data with prior years.,Violations,Robbery
35-10-0180-01,5,Robbery counts have been revised for the years 1998 to 2007. This change has resulted in an increase of approximately 12% annually in the number of reported robbery incidents for this time period. Use caution when comparing these data with prior years.,Violations,Robbery to steal a firearm
35-10-0180-01,6,Counterfeiting counts have been revised for the years 1998 to 2007. This change has resulted in a significant decrease in counterfeiting incidents over this time period. Use with caution when comparing these data with prior years.,Violations,Counterfeiting
35-10-0180-01,7,There is a break in the time series in the offensive weapons category due to different offences being assigned to the weapons offence codes in 1999. Use with caution when comparing these data with prior years.,Violations,"Offensive weapons, explosives"
35-10-0180-01,7,There is a break in the time series in the offensive weapons category due to different offences being assigned to the weapons offence codes in 1999. Use with caution when comparing these data with prior years.,Violations,"Offensive weapons, prohibited"
35-10-0180-01,7,There is a break in the time series in the offensive weapons category due to different offences being assigned to the weapons offence codes in 1999. Use with caution when comparing these data with prior years.,Violations,"Offensive weapons, restricted"
35-10-0180-01,7,There is a break in the time series in the offensive weapons category due to different offences being assigned to the weapons offence codes in 1999. Use with caution when comparing these data with prior years.,Violations,Firearm transfers or serial numbers
35-10-0180-01,7,There is a break in the time series in the offensive weapons category due to different offences being assigned to the weapons offence codes in 1999. Use with caution when comparing these data with prior years.,Violations,Other offensive weapons
35-10-0180-01,8,"Any increase in disturbing the peace violations may be, in part, attributable to a national data quality initiative undertaken by the Royal Canadian Mounted Police (RCMP) to properly account for the types of offences that are aggregated under this offence.",Violations,Disturb the peace
35-10-0180-01,9,This represents the year-over-year (current year over last year) percentage change in the rate of actual incidents.,Statistics,Percentage change in rate
35-10-0180-01,10,Total persons charged is the total of adults charged and youth charged.,Statistics,"Total, persons charged"
35-10-0180-01,11,"In general, the Uniform Crime Reporting Survey (UCR) counts any adult and youth charged for the year in which the charge was laid. The homicide totals, which come from The Homicide Survey, count any adult or youth charged with a homicide that occurred in the reference year, regardless of when the charge was laid.",Violations,Homicide
35-10-0180-01,11,"In general, the Uniform Crime Reporting Survey (UCR) counts any adult and youth charged for the year in which the charge was laid. The homicide totals, which come from The Homicide Survey, count any adult or youth charged with a homicide that occurred in the reference year, regardless of when the charge was laid.",Violations,"Murder, first degree"
35-10-0180-01,11,"In general, the Uniform Crime Reporting Survey (UCR) counts any adult and youth charged for the year in which the charge was laid. The homicide totals, which come from The Homicide Survey, count any adult or youth charged with a homicide that occurred in the reference year, regardless of when the charge was laid.",Violations,"Murder, second degree"
35-10-0180-01,11,"In general, the Uniform Crime Reporting Survey (UCR) counts any adult and youth charged for the year in which the charge was laid. The homicide totals, which come from The Homicide Survey, count any adult or youth charged with a homicide that occurred in the reference year, regardless of when the charge was laid.",Violations,Manslaughter
35-10-0180-01,11,"In general, the Uniform Crime Reporting Survey (UCR) counts any adult and youth charged for the year in which the charge was laid. The homicide totals, which come from The Homicide Survey, count any adult or youth charged with a homicide that occurred in the reference year, regardless of when the charge was laid.",Violations,Infanticide
35-10-0180-01,12,"Any reference to Police Officer has been changed to read Peace Officer, as per the Canadian Criminal Code. Peace officer refers to any person employed for the preservation and maintenance of the public peace or for the service or execution of civil process. Examples of a Peace Officer are a mayor, warden, police officer, or bailiff constable. Please see the Canadian Criminal Code for a complete list of designates.",Violations,Total assaults against a peace officer
35-10-0180-01,13,"Sexual violations against children is a new crime category with only partial data available prior to 2008. As a result, numbers and rates should not be directly compared to data from previous years.",Violations,Total sexual violations against children
35-10-0180-01,13,"Sexual violations against children is a new crime category with only partial data available prior to 2008. As a result, numbers and rates should not be directly compared to data from previous years.",Violations,Sexual interference
35-10-0180-01,13,"Sexual violations against children is a new crime category with only partial data available prior to 2008. As a result, numbers and rates should not be directly compared to data from previous years.",Violations,Invitation to sexual touching
35-10-0180-01,13,"Sexual violations against children is a new crime category with only partial data available prior to 2008. As a result, numbers and rates should not be directly compared to data from previous years.",Violations,Sexual exploitation
35-10-0180-01,13,"Sexual violations against children is a new crime category with only partial data available prior to 2008. As a result, numbers and rates should not be directly compared to data from previous years.",Violations,Luring a child via a computer
35-10-0180-01,14,"In 2002, legislative changes were made to include the use of the Internet for the purpose of committing child pornography offences. As such, the percent change in this offence is calculated from 2003 to 2009.",Violations,Child Sexual Abuse and Exploitation Material (Possessing or Accessing)
35-10-0180-01,15,"In January 2010, the Uniform Crime Reporting Survey (UCR) was modified to create new violation codes for identity fraud and identity theft. Prior to 2010, those offences would have been coded as fraud.",Violations,Fraud
35-10-0180-01,15,"In January 2010, the Uniform Crime Reporting Survey (UCR) was modified to create new violation codes for identity fraud and identity theft. Prior to 2010, those offences would have been coded as fraud.",Violations,Identity theft
35-10-0180-01,15,"In January 2010, the Uniform Crime Reporting Survey (UCR) was modified to create new violation codes for identity fraud and identity theft. Prior to 2010, those offences would have been coded as fraud.",Violations,Identity fraud
35-10-0180-01,16,"Historically police services have reported kidnapping and forcible confinement under a single combined violation code. In 2008 the Incident-based Uniform Crime Reporting Survey (UCR2) introduced separate codes for these violations which police services utilize as their Records Management Systems are updated to allow them. As a result, comparison with previous years should be done with caution.",Violations,Forcible confinement or kidnapping
35-10-0180-01,16,"Historically police services have reported kidnapping and forcible confinement under a single combined violation code. In 2008 the Incident-based Uniform Crime Reporting Survey (UCR2) introduced separate codes for these violations which police services utilize as their Records Management Systems are updated to allow them. As a result, comparison with previous years should be done with caution.",Violations,Kidnapping
35-10-0180-01,16,"Historically police services have reported kidnapping and forcible confinement under a single combined violation code. In 2008 the Incident-based Uniform Crime Reporting Survey (UCR2) introduced separate codes for these violations which police services utilize as their Records Management Systems are updated to allow them. As a result, comparison with previous years should be done with caution.",Violations,Forcible confinement
35-10-0180-01,16,"Historically police services have reported kidnapping and forcible confinement under a single combined violation code. In 2008 the Incident-based Uniform Crime Reporting Survey (UCR2) introduced separate codes for these violations which police services utilize as their Records Management Systems are updated to allow them. As a result, comparison with previous years should be done with caution.",Violations,Total forcible confinement or kidnapping
35-10-0180-01,17,"In 2009, legislation was introduced to create the offences of assault with a weapon or causing bodily harm to a peace officer (level 2) and aggravated assault to a peace officer (level 3). The introduction of these new codes into the Uniform Crime Reporting Survey (UCR) created a system anomaly which resulted in some non-peace officer assaults being coded as peace officer assaults in 2010. Comparisons to 2010 should be made with caution.",Violations,Total assaults against a peace officer
35-10-0180-01,18,"For the period from 1998 to 2007 Incident-based Uniform Crime Reporting Survey (UCR2) data on criminal harassment are not available for all respondents. In order to report this violation for police services still reporting to the aggregate Uniform Crime Reporting Survey (UCR) over this time, a process of imputation was applied to derive counts using the distribution of 'other' Criminal Code offences from existing Incident-based Uniform Crime Reporting Survey (UCR2) respondents.",Violations,Criminal harassment
35-10-0180-01,19,Data on youth charged and youth not charged may include a small number of people under the age of 12.,Statistics,"Total, youth charged"
35-10-0180-01,19,Data on youth charged and youth not charged may include a small number of people under the age of 12.,Statistics,"Total, youth not charged"
35-10-0180-01,20,"Data for youth charged and youth not charged for impaired driving are not available prior to 2007. As a result, comparisons of Total all violations and Total Criminal Code violations (including traffic) over time should be made with caution.",Statistics,"Total, youth charged"
35-10-0180-01,20,"Data for youth charged and youth not charged for impaired driving are not available prior to 2007. As a result, comparisons of Total all violations and Total Criminal Code violations (including traffic) over time should be made with caution.",Statistics,"Total, youth not charged"
35-10-0180-01,21,"In April 2011, legislation came into effect making it an offence to traffic in property obtained by crime, including possession with intent to traffic property obtained by crime. In addition to creating new Uniform Crime Reporting Survey (UCR) violation codes to capture these offences, the existing UCR violation code pertaining to possession of stolen property was modified. The UCR now separates possession of stolen property into possession of stolen property under $5,000 and possession of stolen property over $5,000 in order to be more in line with the Criminal Code of Canada. As a result of this change, a number of incidents of possession of stolen property under $5,000 are now being reported as secondary offences when they occur in conjunction with more serious offences, leading to a decrease in the number of possession of stolen property incidents reported in 2011.",Violations,Total possession of stolen property
35-10-0180-01,21,"In April 2011, legislation came into effect making it an offence to traffic in property obtained by crime, including possession with intent to traffic property obtained by crime. In addition to creating new Uniform Crime Reporting Survey (UCR) violation codes to capture these offences, the existing UCR violation code pertaining to possession of stolen property was modified. The UCR now separates possession of stolen property into possession of stolen property under $5,000 and possession of stolen property over $5,000 in order to be more in line with the Criminal Code of Canada. As a result of this change, a number of incidents of possession of stolen property under $5,000 are now being reported as secondary offences when they occur in conjunction with more serious offences, leading to a decrease in the number of possession of stolen property incidents reported in 2011.",Violations,Total trafficking in stolen property
35-10-0180-01,22,"In April 2011, legislation came into effect making it an offence to traffic in property obtained by crime, including possession with intent to traffic property obtained by crime. The Uniform Crime Reporting Survey (UCR) introduced two new violations codes to collect this information. They are Trafficking in Stolen Goods over $5,000 (including possession with intent to traffic) and Trafficking in Stolen Goods under $5,000 (including possession with intent to traffic).",Violations,Total trafficking in stolen property
35-10-0180-01,23,"In 2011, the Controlled Drugs and Substances Act was amended to make it illegal for anyone to possess, produce, sell or import anything knowing it will be used to produce or traffic in crystal meth or ecstasy. The Uniform Crime Reporting Survey (UCR) introduced a new violation code to collect this information.",Violations,"Possession, sale, etc., for use in production of or trafficking in substance"
35-10-0180-01,24,"In 2011, the Criminal Code was amended to make it illegal for anyone to alter, destroy or remove a Vehicle Identification Number (VIN). The Uniform Crime Reporting Survey (UCR) introduced a new violation code to collect this information.",Violations,"Altering, removing or destroying Vehicle Identification Number (VIN)"
35-10-0180-01,25,Detailed information of this category is available upon request.,Violations,Total possession of stolen property
35-10-0180-01,25,Detailed information of this category is available upon request.,Violations,Total theft of motor vehicle
35-10-0180-01,25,Detailed information of this category is available upon request.,Violations,Total fail to stop or remain
35-10-0180-01,25,Detailed information of this category is available upon request.,Violations,Total Immigration and Refugee Protection Act
35-10-0180-01,25,Detailed information of this category is available upon request.,Violations,Total trafficking in stolen property
35-10-0180-01,26,"During the revision of 2001 data for the province of Ontario, a discrepancy in methodology applied by the forces in the province using the Ontario Municipal and Provincial Police Automated Co-operative (OMPPAC) system was detected. These forces report approximately one-third of the total criminal incidents for the province and include the Ontario Provincial Police and about 60 small and mid-sized municipal forces. This discrepancy resulted in an over-count of less serious criminal incidents. During 2003 and 2004, the Canadian Centre for Justice Statistics (CCJS) consulted with affected police services and analyzed both historical Aggregate Uniform Crime Reporting Survey (UCR) data and more recent Incident-based Uniform Crime Reporting Survey (UCR2) microdata to determine the impact of this over-reporting. The effect at the Canada level was, on average, 1% per year from 1977 to 2000. This over-counting peaked in 1991, where it was estimated that the total crime rate for the country was over-estimated by approximately 1.8%. However, the overall historical trend changed very little. The impact in Ontario is more noticeable, but the overall trend is still very similar. On average, the effect was 2% to 3% per year, with the biggest change occurring in 1991, where the Ontario crime rate is 5% lower as a result of the adjustment. For further information, refer to the report:<a href=""https://www.statcan.gc.ca/imdb-bmdi/document/3302_D13_T9_V1-eng.pdf"" rel=""external noopener noreferrer"" target=""_blank"">Summary of Historical Adjustments to Crime Data for Ontario 1977-2000 (opens new window)</a>.",Geography,Ontario [35]
35-10-0180-01,27,"With the release of 2012 data, revised population estimates at the respondent level were applied back to and including 2004.",,
35-10-0180-01,28,"In August 2012, legislation came into effect making it an offence to make sexually explicit material available to a child for the purpose of facilitating sexual offences against children/youth. The Uniform Crime Reporting Survey (UCR) introduced a new violation code to collect this information.",Violations,Making sexually explicit material available to children
35-10-0180-01,29,"Ottawa numbers also include child pornography incidents reported by the National Child Exploitation Crime Centre of the Royal Canadian Mounted Police (RCMP) which is located in the City of Ottawa. The Centre responds to internet-facilitated sexual abuse cases nationally. Therefore, while the incidents are detected by the RCMP Centre located in Ottawa and appear in Ottawa's crime statistics, the incidents themselves or the offenders are not limited to the city of Ottawa.",Geography,"Ottawa, Ontario, municipal [35207]"
35-10-0180-01,29,"Ottawa numbers also include child pornography incidents reported by the National Child Exploitation Crime Centre of the Royal Canadian Mounted Police (RCMP) which is located in the City of Ottawa. The Centre responds to internet-facilitated sexual abuse cases nationally. Therefore, while the incidents are detected by the RCMP Centre located in Ottawa and appear in Ottawa's crime statistics, the incidents themselves or the offenders are not limited to the city of Ottawa.",Violations,Child Sexual Abuse and Exploitation Material (Possessing or Accessing)
35-10-0180-01,30,"Police reported statistics may be affected by differences in the way police services deal with minor offences. In some instances, police or municipalities might chose to deal with some minor offences using municipal by-laws or provincial provisions rather than Criminal Code provisions. Counts are based on the most serious violation in the incident.",,
35-10-0180-01,31,"Crime data for 2012 are estimates. Therefore, please use caution when comparing these data with previous years.",Geography,"South Simcoe (Innisfil), Ontario, municipal [35275]"
35-10-0180-01,32,"Due to the complexity of these incidents, the data likely reflect the number of active or closed investigations for the year rather than the total number of incidents reported to police.",Violations,Child Sexual Abuse and Exploitation Material (Possessing or Accessing)
35-10-0180-01,32,"Due to the complexity of these incidents, the data likely reflect the number of active or closed investigations for the year rather than the total number of incidents reported to police.",Violations,Child Sexual Abuse and Exploitation Material (Making or Distributing)
35-10-0180-01,33,"The crime statistics reported for this police service contain a notable proportion of incidents that occur within the local correctional facility. For further details, contact the Canadian Centre for Justice and Community Safety Statistics at statcan.ccjcss-ccsjsc.statcan@statcan.gc.ca.",Geography,"Northumberland (Brighton), Ontario, Ontario Provincial Police, municipal [35016]"
35-10-0180-01,33,"The crime statistics reported for this police service contain a notable proportion of incidents that occur within the local correctional facility. For further details, contact the Canadian Centre for Justice and Community Safety Statistics at statcan.ccjcss-ccsjsc.statcan@statcan.gc.ca.",Geography,"Lennox and Addington County (Greater Napanee), Ontario, Ontario Provincial Police, municipal [35097]"
35-10-0180-01,33,"The crime statistics reported for this police service contain a notable proportion of incidents that occur within the local correctional facility. For further details, contact the Canadian Centre for Justice and Community Safety Statistics at statcan.ccjcss-ccsjsc.statcan@statcan.gc.ca.",Geography,"Kawartha Lakes, Ontario, municipal [35157]"
35-10-0180-01,33,"The crime statistics reported for this police service contain a notable proportion of incidents that occur within the local correctional facility. For further details, contact the Canadian Centre for Justice and Community Safety Statistics at statcan.ccjcss-ccsjsc.statcan@statcan.gc.ca.",Geography,"Southern Georgian Bay (Penetanguishene), Ontario, Ontario Provincial Police, municipal [35469]"
35-10-0180-01,33,"The crime statistics reported for this police service contain a notable proportion of incidents that occur within the local correctional facility. For further details, contact the Canadian Centre for Justice and Community Safety Statistics at statcan.ccjcss-ccsjsc.statcan@statcan.gc.ca.",Geography,"Penitentiary Squad, Ontario, Ontario Provincial Police, rural [35492]"
35-10-0180-01,33,"The crime statistics reported for this police service contain a notable proportion of incidents that occur within the local correctional facility. For further details, contact the Canadian Centre for Justice and Community Safety Statistics at statcan.ccjcss-ccsjsc.statcan@statcan.gc.ca.",Geography,"South Porcupine, Ontario, Ontario Provincial Police, rural [35580]"
35-10-0180-01,34,"Previous to 2014, Greater Sudbury (35290) would record only those incidents where a search warrant was obtained and a charge related to child pornography was laid. As of 2014, reporting practices have changed to include all information of IP addresses with links to child pornography for information gathering and intelligence purposes. Therefore, comparisons with previous years should be made with caution.",Geography,"Greater Sudbury, Ontario, municipal [35290]"
35-10-0180-01,35,"Starting in 2003, populations for all police services including all rural/provincial detachments have been presented. Prior to 2003, populations for rural detachments are not available.",,
35-10-0180-01,36,"In 2014, legislation was introduced to create the offence of Mischief to war memorials (Bill C-217).  The offence of mischief in relation to cultural property was also introduced as a result of this legislation.  Police services are able to utilise these codes as their Records Management Systems are updated to allow them.  As a result, these data may be under-counted and should therefore be interpreted with caution.",Violations,Total mischief
35-10-0180-01,36,"In 2014, legislation was introduced to create the offence of Mischief to war memorials (Bill C-217).  The offence of mischief in relation to cultural property was also introduced as a result of this legislation.  Police services are able to utilise these codes as their Records Management Systems are updated to allow them.  As a result, these data may be under-counted and should therefore be interpreted with caution.",Violations,Mischief in relation to cultural property
35-10-0180-01,36,"In 2014, legislation was introduced to create the offence of Mischief to war memorials (Bill C-217).  The offence of mischief in relation to cultural property was also introduced as a result of this legislation.  Police services are able to utilise these codes as their Records Management Systems are updated to allow them.  As a result, these data may be under-counted and should therefore be interpreted with caution.",Violations,Mischief relating to war memorials
35-10-0180-01,37,"Bill C-36 came into effect in December 2014. The new legislation targets ""the exploitation that is inherent in prostitution and the risks of violence posed to those who engage in it"" (Criminal Code Chapter 25, preamble). New violations classified as ”Offences in Relation to Sexual Services” under ""violations against the person"" include: the purchasing of sexual services or communicating for that purpose, receiving a material benefit deriving from the purchase of sexual services, procuring of persons for the purpose of prostitution, and advertising sexual services offered for sale. In addition, a number of other offences related to prostitution continue to be considered non-violent offences and are classified under ""Other Criminal Code offences"". These include communicating to provide sexual services for consideration, and; offences related to impeding traffic to buy or sell sexual services. At the same time, the survey was amended to classify the violations codes of Parent or guardian procuring sexual activity, and Householder permitting prohibited sexual activity under ""violations against the person"". The following violations officially expired on December 05, 2014: bawdy house, living off the avails of prostitution of a person under 18, procuring, obtains/communicates with a person under 18 for purpose of sex, and other prostitution. Police services are able to utilize these codes as their Records Management Systems are updated to allow it. As a result, these data should be interpreted with caution.",Violations,Total prostitution
35-10-0180-01,37,"Bill C-36 came into effect in December 2014. The new legislation targets ""the exploitation that is inherent in prostitution and the risks of violence posed to those who engage in it"" (Criminal Code Chapter 25, preamble). New violations classified as ”Offences in Relation to Sexual Services” under ""violations against the person"" include: the purchasing of sexual services or communicating for that purpose, receiving a material benefit deriving from the purchase of sexual services, procuring of persons for the purpose of prostitution, and advertising sexual services offered for sale. In addition, a number of other offences related to prostitution continue to be considered non-violent offences and are classified under ""Other Criminal Code offences"". These include communicating to provide sexual services for consideration, and; offences related to impeding traffic to buy or sell sexual services. At the same time, the survey was amended to classify the violations codes of Parent or guardian procuring sexual activity, and Householder permitting prohibited sexual activity under ""violations against the person"". The following violations officially expired on December 05, 2014: bawdy house, living off the avails of prostitution of a person under 18, procuring, obtains/communicates with a person under 18 for purpose of sex, and other prostitution. Police services are able to utilize these codes as their Records Management Systems are updated to allow it. As a result, these data should be interpreted with caution.",Violations,Bawdy house
35-10-0180-01,37,"Bill C-36 came into effect in December 2014. The new legislation targets ""the exploitation that is inherent in prostitution and the risks of violence posed to those who engage in it"" (Criminal Code Chapter 25, preamble). New violations classified as ”Offences in Relation to Sexual Services” under ""violations against the person"" include: the purchasing of sexual services or communicating for that purpose, receiving a material benefit deriving from the purchase of sexual services, procuring of persons for the purpose of prostitution, and advertising sexual services offered for sale. In addition, a number of other offences related to prostitution continue to be considered non-violent offences and are classified under ""Other Criminal Code offences"". These include communicating to provide sexual services for consideration, and; offences related to impeding traffic to buy or sell sexual services. At the same time, the survey was amended to classify the violations codes of Parent or guardian procuring sexual activity, and Householder permitting prohibited sexual activity under ""violations against the person"". The following violations officially expired on December 05, 2014: bawdy house, living off the avails of prostitution of a person under 18, procuring, obtains/communicates with a person under 18 for purpose of sex, and other prostitution. Police services are able to utilize these codes as their Records Management Systems are updated to allow it. As a result, these data should be interpreted with caution.",Violations,Living off the avails of prostitution of a person under age 18
35-10-0180-01,37,"Bill C-36 came into effect in December 2014. The new legislation targets ""the exploitation that is inherent in prostitution and the risks of violence posed to those who engage in it"" (Criminal Code Chapter 25, preamble). New violations classified as ”Offences in Relation to Sexual Services” under ""violations against the person"" include: the purchasing of sexual services or communicating for that purpose, receiving a material benefit deriving from the purchase of sexual services, procuring of persons for the purpose of prostitution, and advertising sexual services offered for sale. In addition, a number of other offences related to prostitution continue to be considered non-violent offences and are classified under ""Other Criminal Code offences"". These include communicating to provide sexual services for consideration, and; offences related to impeding traffic to buy or sell sexual services. At the same time, the survey was amended to classify the violations codes of Parent or guardian procuring sexual activity, and Householder permitting prohibited sexual activity under ""violations against the person"". The following violations officially expired on December 05, 2014: bawdy house, living off the avails of prostitution of a person under 18, procuring, obtains/communicates with a person under 18 for purpose of sex, and other prostitution. Police services are able to utilize these codes as their Records Management Systems are updated to allow it. As a result, these data should be interpreted with caution.",Violations,Procuring
35-10-0180-01,37,"Bill C-36 came into effect in December 2014. The new legislation targets ""the exploitation that is inherent in prostitution and the risks of violence posed to those who engage in it"" (Criminal Code Chapter 25, preamble). New violations classified as ”Offences in Relation to Sexual Services” under ""violations against the person"" include: the purchasing of sexual services or communicating for that purpose, receiving a material benefit deriving from the purchase of sexual services, procuring of persons for the purpose of prostitution, and advertising sexual services offered for sale. In addition, a number of other offences related to prostitution continue to be considered non-violent offences and are classified under ""Other Criminal Code offences"". These include communicating to provide sexual services for consideration, and; offences related to impeding traffic to buy or sell sexual services. At the same time, the survey was amended to classify the violations codes of Parent or guardian procuring sexual activity, and Householder permitting prohibited sexual activity under ""violations against the person"". The following violations officially expired on December 05, 2014: bawdy house, living off the avails of prostitution of a person under 18, procuring, obtains/communicates with a person under 18 for purpose of sex, and other prostitution. Police services are able to utilize these codes as their Records Management Systems are updated to allow it. As a result, these data should be interpreted with caution.",Violations,Obtains or communicates with a person under age 18 for purpose of sex
35-10-0180-01,37,"Bill C-36 came into effect in December 2014. The new legislation targets ""the exploitation that is inherent in prostitution and the risks of violence posed to those who engage in it"" (Criminal Code Chapter 25, preamble). New violations classified as ”Offences in Relation to Sexual Services” under ""violations against the person"" include: the purchasing of sexual services or communicating for that purpose, receiving a material benefit deriving from the purchase of sexual services, procuring of persons for the purpose of prostitution, and advertising sexual services offered for sale. In addition, a number of other offences related to prostitution continue to be considered non-violent offences and are classified under ""Other Criminal Code offences"". These include communicating to provide sexual services for consideration, and; offences related to impeding traffic to buy or sell sexual services. At the same time, the survey was amended to classify the violations codes of Parent or guardian procuring sexual activity, and Householder permitting prohibited sexual activity under ""violations against the person"". The following violations officially expired on December 05, 2014: bawdy house, living off the avails of prostitution of a person under 18, procuring, obtains/communicates with a person under 18 for purpose of sex, and other prostitution. Police services are able to utilize these codes as their Records Management Systems are updated to allow it. As a result, these data should be interpreted with caution.",Violations,Other prostitution
35-10-0180-01,37,"Bill C-36 came into effect in December 2014. The new legislation targets ""the exploitation that is inherent in prostitution and the risks of violence posed to those who engage in it"" (Criminal Code Chapter 25, preamble). New violations classified as ”Offences in Relation to Sexual Services” under ""violations against the person"" include: the purchasing of sexual services or communicating for that purpose, receiving a material benefit deriving from the purchase of sexual services, procuring of persons for the purpose of prostitution, and advertising sexual services offered for sale. In addition, a number of other offences related to prostitution continue to be considered non-violent offences and are classified under ""Other Criminal Code offences"". These include communicating to provide sexual services for consideration, and; offences related to impeding traffic to buy or sell sexual services. At the same time, the survey was amended to classify the violations codes of Parent or guardian procuring sexual activity, and Householder permitting prohibited sexual activity under ""violations against the person"". The following violations officially expired on December 05, 2014: bawdy house, living off the avails of prostitution of a person under 18, procuring, obtains/communicates with a person under 18 for purpose of sex, and other prostitution. Police services are able to utilize these codes as their Records Management Systems are updated to allow it. As a result, these data should be interpreted with caution.",Violations,Public communication to sell sexual services
35-10-0180-01,37,"Bill C-36 came into effect in December 2014. The new legislation targets ""the exploitation that is inherent in prostitution and the risks of violence posed to those who engage in it"" (Criminal Code Chapter 25, preamble). New violations classified as ”Offences in Relation to Sexual Services” under ""violations against the person"" include: the purchasing of sexual services or communicating for that purpose, receiving a material benefit deriving from the purchase of sexual services, procuring of persons for the purpose of prostitution, and advertising sexual services offered for sale. In addition, a number of other offences related to prostitution continue to be considered non-violent offences and are classified under ""Other Criminal Code offences"". These include communicating to provide sexual services for consideration, and; offences related to impeding traffic to buy or sell sexual services. At the same time, the survey was amended to classify the violations codes of Parent or guardian procuring sexual activity, and Householder permitting prohibited sexual activity under ""violations against the person"". The following violations officially expired on December 05, 2014: bawdy house, living off the avails of prostitution of a person under 18, procuring, obtains/communicates with a person under 18 for purpose of sex, and other prostitution. Police services are able to utilize these codes as their Records Management Systems are updated to allow it. As a result, these data should be interpreted with caution.",Violations,Offences related to impeding traffic to buy or sell sexual services
35-10-0180-01,37,"Bill C-36 came into effect in December 2014. The new legislation targets ""the exploitation that is inherent in prostitution and the risks of violence posed to those who engage in it"" (Criminal Code Chapter 25, preamble). New violations classified as ”Offences in Relation to Sexual Services” under ""violations against the person"" include: the purchasing of sexual services or communicating for that purpose, receiving a material benefit deriving from the purchase of sexual services, procuring of persons for the purpose of prostitution, and advertising sexual services offered for sale. In addition, a number of other offences related to prostitution continue to be considered non-violent offences and are classified under ""Other Criminal Code offences"". These include communicating to provide sexual services for consideration, and; offences related to impeding traffic to buy or sell sexual services. At the same time, the survey was amended to classify the violations codes of Parent or guardian procuring sexual activity, and Householder permitting prohibited sexual activity under ""violations against the person"". The following violations officially expired on December 05, 2014: bawdy house, living off the avails of prostitution of a person under 18, procuring, obtains/communicates with a person under 18 for purpose of sex, and other prostitution. Police services are able to utilize these codes as their Records Management Systems are updated to allow it. As a result, these data should be interpreted with caution.",Violations,Obtaining sexual services for consideration
35-10-0180-01,37,"Bill C-36 came into effect in December 2014. The new legislation targets ""the exploitation that is inherent in prostitution and the risks of violence posed to those who engage in it"" (Criminal Code Chapter 25, preamble). New violations classified as ”Offences in Relation to Sexual Services” under ""violations against the person"" include: the purchasing of sexual services or communicating for that purpose, receiving a material benefit deriving from the purchase of sexual services, procuring of persons for the purpose of prostitution, and advertising sexual services offered for sale. In addition, a number of other offences related to prostitution continue to be considered non-violent offences and are classified under ""Other Criminal Code offences"". These include communicating to provide sexual services for consideration, and; offences related to impeding traffic to buy or sell sexual services. At the same time, the survey was amended to classify the violations codes of Parent or guardian procuring sexual activity, and Householder permitting prohibited sexual activity under ""violations against the person"". The following violations officially expired on December 05, 2014: bawdy house, living off the avails of prostitution of a person under 18, procuring, obtains/communicates with a person under 18 for purpose of sex, and other prostitution. Police services are able to utilize these codes as their Records Management Systems are updated to allow it. As a result, these data should be interpreted with caution.",Violations,Obtaining sexual services for consideration from person under the age of 18 years
35-10-0180-01,37,"Bill C-36 came into effect in December 2014. The new legislation targets ""the exploitation that is inherent in prostitution and the risks of violence posed to those who engage in it"" (Criminal Code Chapter 25, preamble). New violations classified as ”Offences in Relation to Sexual Services” under ""violations against the person"" include: the purchasing of sexual services or communicating for that purpose, receiving a material benefit deriving from the purchase of sexual services, procuring of persons for the purpose of prostitution, and advertising sexual services offered for sale. In addition, a number of other offences related to prostitution continue to be considered non-violent offences and are classified under ""Other Criminal Code offences"". These include communicating to provide sexual services for consideration, and; offences related to impeding traffic to buy or sell sexual services. At the same time, the survey was amended to classify the violations codes of Parent or guardian procuring sexual activity, and Householder permitting prohibited sexual activity under ""violations against the person"". The following violations officially expired on December 05, 2014: bawdy house, living off the avails of prostitution of a person under 18, procuring, obtains/communicates with a person under 18 for purpose of sex, and other prostitution. Police services are able to utilize these codes as their Records Management Systems are updated to allow it. As a result, these data should be interpreted with caution.",Violations,Receive material benefit from sexual services
35-10-0180-01,37,"Bill C-36 came into effect in December 2014. The new legislation targets ""the exploitation that is inherent in prostitution and the risks of violence posed to those who engage in it"" (Criminal Code Chapter 25, preamble). New violations classified as ”Offences in Relation to Sexual Services” under ""violations against the person"" include: the purchasing of sexual services or communicating for that purpose, receiving a material benefit deriving from the purchase of sexual services, procuring of persons for the purpose of prostitution, and advertising sexual services offered for sale. In addition, a number of other offences related to prostitution continue to be considered non-violent offences and are classified under ""Other Criminal Code offences"". These include communicating to provide sexual services for consideration, and; offences related to impeding traffic to buy or sell sexual services. At the same time, the survey was amended to classify the violations codes of Parent or guardian procuring sexual activity, and Householder permitting prohibited sexual activity under ""violations against the person"". The following violations officially expired on December 05, 2014: bawdy house, living off the avails of prostitution of a person under 18, procuring, obtains/communicates with a person under 18 for purpose of sex, and other prostitution. Police services are able to utilize these codes as their Records Management Systems are updated to allow it. As a result, these data should be interpreted with caution.",Violations,Receive material benefit from sexual services provided by person under the age of 18 years
35-10-0180-01,37,"Bill C-36 came into effect in December 2014. The new legislation targets ""the exploitation that is inherent in prostitution and the risks of violence posed to those who engage in it"" (Criminal Code Chapter 25, preamble). New violations classified as ”Offences in Relation to Sexual Services” under ""violations against the person"" include: the purchasing of sexual services or communicating for that purpose, receiving a material benefit deriving from the purchase of sexual services, procuring of persons for the purpose of prostitution, and advertising sexual services offered for sale. In addition, a number of other offences related to prostitution continue to be considered non-violent offences and are classified under ""Other Criminal Code offences"". These include communicating to provide sexual services for consideration, and; offences related to impeding traffic to buy or sell sexual services. At the same time, the survey was amended to classify the violations codes of Parent or guardian procuring sexual activity, and Householder permitting prohibited sexual activity under ""violations against the person"". The following violations officially expired on December 05, 2014: bawdy house, living off the avails of prostitution of a person under 18, procuring, obtains/communicates with a person under 18 for purpose of sex, and other prostitution. Police services are able to utilize these codes as their Records Management Systems are updated to allow it. As a result, these data should be interpreted with caution.",Violations,Procuring
35-10-0180-01,37,"Bill C-36 came into effect in December 2014. The new legislation targets ""the exploitation that is inherent in prostitution and the risks of violence posed to those who engage in it"" (Criminal Code Chapter 25, preamble). New violations classified as ”Offences in Relation to Sexual Services” under ""violations against the person"" include: the purchasing of sexual services or communicating for that purpose, receiving a material benefit deriving from the purchase of sexual services, procuring of persons for the purpose of prostitution, and advertising sexual services offered for sale. In addition, a number of other offences related to prostitution continue to be considered non-violent offences and are classified under ""Other Criminal Code offences"". These include communicating to provide sexual services for consideration, and; offences related to impeding traffic to buy or sell sexual services. At the same time, the survey was amended to classify the violations codes of Parent or guardian procuring sexual activity, and Householder permitting prohibited sexual activity under ""violations against the person"". The following violations officially expired on December 05, 2014: bawdy house, living off the avails of prostitution of a person under 18, procuring, obtains/communicates with a person under 18 for purpose of sex, and other prostitution. Police services are able to utilize these codes as their Records Management Systems are updated to allow it. As a result, these data should be interpreted with caution.",Violations,Procuring a person under the age of 18 years
35-10-0180-01,37,"Bill C-36 came into effect in December 2014. The new legislation targets ""the exploitation that is inherent in prostitution and the risks of violence posed to those who engage in it"" (Criminal Code Chapter 25, preamble). New violations classified as ”Offences in Relation to Sexual Services” under ""violations against the person"" include: the purchasing of sexual services or communicating for that purpose, receiving a material benefit deriving from the purchase of sexual services, procuring of persons for the purpose of prostitution, and advertising sexual services offered for sale. In addition, a number of other offences related to prostitution continue to be considered non-violent offences and are classified under ""Other Criminal Code offences"". These include communicating to provide sexual services for consideration, and; offences related to impeding traffic to buy or sell sexual services. At the same time, the survey was amended to classify the violations codes of Parent or guardian procuring sexual activity, and Householder permitting prohibited sexual activity under ""violations against the person"". The following violations officially expired on December 05, 2014: bawdy house, living off the avails of prostitution of a person under 18, procuring, obtains/communicates with a person under 18 for purpose of sex, and other prostitution. Police services are able to utilize these codes as their Records Management Systems are updated to allow it. As a result, these data should be interpreted with caution.",Violations,Advertising sexual services
35-10-0180-01,37,"Bill C-36 came into effect in December 2014. The new legislation targets ""the exploitation that is inherent in prostitution and the risks of violence posed to those who engage in it"" (Criminal Code Chapter 25, preamble). New violations classified as ”Offences in Relation to Sexual Services” under ""violations against the person"" include: the purchasing of sexual services or communicating for that purpose, receiving a material benefit deriving from the purchase of sexual services, procuring of persons for the purpose of prostitution, and advertising sexual services offered for sale. In addition, a number of other offences related to prostitution continue to be considered non-violent offences and are classified under ""Other Criminal Code offences"". These include communicating to provide sexual services for consideration, and; offences related to impeding traffic to buy or sell sexual services. At the same time, the survey was amended to classify the violations codes of Parent or guardian procuring sexual activity, and Householder permitting prohibited sexual activity under ""violations against the person"". The following violations officially expired on December 05, 2014: bawdy house, living off the avails of prostitution of a person under 18, procuring, obtains/communicates with a person under 18 for purpose of sex, and other prostitution. Police services are able to utilize these codes as their Records Management Systems are updated to allow it. As a result, these data should be interpreted with caution.",Violations,Parent or guardian procuring sexual activity
35-10-0180-01,37,"Bill C-36 came into effect in December 2014. The new legislation targets ""the exploitation that is inherent in prostitution and the risks of violence posed to those who engage in it"" (Criminal Code Chapter 25, preamble). New violations classified as ”Offences in Relation to Sexual Services” under ""violations against the person"" include: the purchasing of sexual services or communicating for that purpose, receiving a material benefit deriving from the purchase of sexual services, procuring of persons for the purpose of prostitution, and advertising sexual services offered for sale. In addition, a number of other offences related to prostitution continue to be considered non-violent offences and are classified under ""Other Criminal Code offences"". These include communicating to provide sexual services for consideration, and; offences related to impeding traffic to buy or sell sexual services. At the same time, the survey was amended to classify the violations codes of Parent or guardian procuring sexual activity, and Householder permitting prohibited sexual activity under ""violations against the person"". The following violations officially expired on December 05, 2014: bawdy house, living off the avails of prostitution of a person under 18, procuring, obtains/communicates with a person under 18 for purpose of sex, and other prostitution. Police services are able to utilize these codes as their Records Management Systems are updated to allow it. As a result, these data should be interpreted with caution.",Violations,Householder permitting prohibited sexual activity
35-10-0180-01,37,"Bill C-36 came into effect in December 2014. The new legislation targets ""the exploitation that is inherent in prostitution and the risks of violence posed to those who engage in it"" (Criminal Code Chapter 25, preamble). New violations classified as ”Offences in Relation to Sexual Services” under ""violations against the person"" include: the purchasing of sexual services or communicating for that purpose, receiving a material benefit deriving from the purchase of sexual services, procuring of persons for the purpose of prostitution, and advertising sexual services offered for sale. In addition, a number of other offences related to prostitution continue to be considered non-violent offences and are classified under ""Other Criminal Code offences"". These include communicating to provide sexual services for consideration, and; offences related to impeding traffic to buy or sell sexual services. At the same time, the survey was amended to classify the violations codes of Parent or guardian procuring sexual activity, and Householder permitting prohibited sexual activity under ""violations against the person"". The following violations officially expired on December 05, 2014: bawdy house, living off the avails of prostitution of a person under 18, procuring, obtains/communicates with a person under 18 for purpose of sex, and other prostitution. Police services are able to utilize these codes as their Records Management Systems are updated to allow it. As a result, these data should be interpreted with caution.",Violations,Total offences in relation to sexual services
35-10-0180-01,37,"Bill C-36 came into effect in December 2014. The new legislation targets ""the exploitation that is inherent in prostitution and the risks of violence posed to those who engage in it"" (Criminal Code Chapter 25, preamble). New violations classified as ”Offences in Relation to Sexual Services” under ""violations against the person"" include: the purchasing of sexual services or communicating for that purpose, receiving a material benefit deriving from the purchase of sexual services, procuring of persons for the purpose of prostitution, and advertising sexual services offered for sale. In addition, a number of other offences related to prostitution continue to be considered non-violent offences and are classified under ""Other Criminal Code offences"". These include communicating to provide sexual services for consideration, and; offences related to impeding traffic to buy or sell sexual services. At the same time, the survey was amended to classify the violations codes of Parent or guardian procuring sexual activity, and Householder permitting prohibited sexual activity under ""violations against the person"". The following violations officially expired on December 05, 2014: bawdy house, living off the avails of prostitution of a person under 18, procuring, obtains/communicates with a person under 18 for purpose of sex, and other prostitution. Police services are able to utilize these codes as their Records Management Systems are updated to allow it. As a result, these data should be interpreted with caution.",Violations,Common Bawdy House
35-10-0180-01,38,"In April of 2013, the Government of Canada introduced a new bill entitled ""An Act to amend the Criminal Code, the Canada Evidence Act and the Security of Information Act"" (Bill S-7). As a result of this new legislation, the following Uniform Crime Reporting Survey (UCR) violation codes were introduced: leave Canada to participate in activity of a terrorist group, leave Canada to facilitate terrorist activity, leave Canada to commit an offence for a terrorist group, leave Canada to commit an offence that is a terrorist activity, harbour/conceal known terrorist where terrorist activity had max = life, harbour/conceal known terrorist where terrorist activity had max not = life, harbour/conceal person likely to carry out terrorist activity. Police services are able to utilise these codes as their Records Management Systems are updated to allow them. As a result, these data may be under-counted and should therefore be interpreted with caution.",Violations,Leaving Canada to participate in activity of terrorist group
35-10-0180-01,38,"In April of 2013, the Government of Canada introduced a new bill entitled ""An Act to amend the Criminal Code, the Canada Evidence Act and the Security of Information Act"" (Bill S-7). As a result of this new legislation, the following Uniform Crime Reporting Survey (UCR) violation codes were introduced: leave Canada to participate in activity of a terrorist group, leave Canada to facilitate terrorist activity, leave Canada to commit an offence for a terrorist group, leave Canada to commit an offence that is a terrorist activity, harbour/conceal known terrorist where terrorist activity had max = life, harbour/conceal known terrorist where terrorist activity had max not = life, harbour/conceal person likely to carry out terrorist activity. Police services are able to utilise these codes as their Records Management Systems are updated to allow them. As a result, these data may be under-counted and should therefore be interpreted with caution.",Violations,Leaving Canada to facilitate terrorist activity
35-10-0180-01,38,"In April of 2013, the Government of Canada introduced a new bill entitled ""An Act to amend the Criminal Code, the Canada Evidence Act and the Security of Information Act"" (Bill S-7). As a result of this new legislation, the following Uniform Crime Reporting Survey (UCR) violation codes were introduced: leave Canada to participate in activity of a terrorist group, leave Canada to facilitate terrorist activity, leave Canada to commit an offence for a terrorist group, leave Canada to commit an offence that is a terrorist activity, harbour/conceal known terrorist where terrorist activity had max = life, harbour/conceal known terrorist where terrorist activity had max not = life, harbour/conceal person likely to carry out terrorist activity. Police services are able to utilise these codes as their Records Management Systems are updated to allow them. As a result, these data may be under-counted and should therefore be interpreted with caution.",Violations,Leaving Canada to commit offence for terrorist group
35-10-0180-01,38,"In April of 2013, the Government of Canada introduced a new bill entitled ""An Act to amend the Criminal Code, the Canada Evidence Act and the Security of Information Act"" (Bill S-7). As a result of this new legislation, the following Uniform Crime Reporting Survey (UCR) violation codes were introduced: leave Canada to participate in activity of a terrorist group, leave Canada to facilitate terrorist activity, leave Canada to commit an offence for a terrorist group, leave Canada to commit an offence that is a terrorist activity, harbour/conceal known terrorist where terrorist activity had max = life, harbour/conceal known terrorist where terrorist activity had max not = life, harbour/conceal person likely to carry out terrorist activity. Police services are able to utilise these codes as their Records Management Systems are updated to allow them. As a result, these data may be under-counted and should therefore be interpreted with caution.",Violations,Leaving Canada to commit offence that is terrorist activity
35-10-0180-01,38,"In April of 2013, the Government of Canada introduced a new bill entitled ""An Act to amend the Criminal Code, the Canada Evidence Act and the Security of Information Act"" (Bill S-7). As a result of this new legislation, the following Uniform Crime Reporting Survey (UCR) violation codes were introduced: leave Canada to participate in activity of a terrorist group, leave Canada to facilitate terrorist activity, leave Canada to commit an offence for a terrorist group, leave Canada to commit an offence that is a terrorist activity, harbour/conceal known terrorist where terrorist activity had max = life, harbour/conceal known terrorist where terrorist activity had max not = life, harbour/conceal person likely to carry out terrorist activity. Police services are able to utilise these codes as their Records Management Systems are updated to allow them. As a result, these data may be under-counted and should therefore be interpreted with caution.",Violations,Concealing person who carried out terrorist activity that is a terrorism offence for which that person is liable to imprisonment for life
35-10-0180-01,38,"In April of 2013, the Government of Canada introduced a new bill entitled ""An Act to amend the Criminal Code, the Canada Evidence Act and the Security of Information Act"" (Bill S-7). As a result of this new legislation, the following Uniform Crime Reporting Survey (UCR) violation codes were introduced: leave Canada to participate in activity of a terrorist group, leave Canada to facilitate terrorist activity, leave Canada to commit an offence for a terrorist group, leave Canada to commit an offence that is a terrorist activity, harbour/conceal known terrorist where terrorist activity had max = life, harbour/conceal known terrorist where terrorist activity had max not = life, harbour/conceal person likely to carry out terrorist activity. Police services are able to utilise these codes as their Records Management Systems are updated to allow them. As a result, these data may be under-counted and should therefore be interpreted with caution.",Violations,Concealing person who carried out terrorist activity that is a terrorism offence for which that person is liable to any punishment other than life
35-10-0180-01,38,"In April of 2013, the Government of Canada introduced a new bill entitled ""An Act to amend the Criminal Code, the Canada Evidence Act and the Security of Information Act"" (Bill S-7). As a result of this new legislation, the following Uniform Crime Reporting Survey (UCR) violation codes were introduced: leave Canada to participate in activity of a terrorist group, leave Canada to facilitate terrorist activity, leave Canada to commit an offence for a terrorist group, leave Canada to commit an offence that is a terrorist activity, harbour/conceal known terrorist where terrorist activity had max = life, harbour/conceal known terrorist where terrorist activity had max not = life, harbour/conceal person likely to carry out terrorist activity. Police services are able to utilise these codes as their Records Management Systems are updated to allow them. As a result, these data may be under-counted and should therefore be interpreted with caution.",Violations,Concealing person who is likely to carry out terrorist activity
35-10-0180-01,39,"On June 19, 2014, the Canadian Government granted royal assent to Bill C-394 ""An Act to amend the Criminal Code and the National Defence Act (criminal organization recruitment)"". The Come into Force date for this Act was June 19, 2014. As a result, the following violation was introduced: recruitment of members by a criminal organization. Police services are able to utilise this code as their Records Management Systems are updated to allow it. As a result, these data should be interpreted with caution.",Violations,Recruitment of members by a criminal organization
35-10-0180-01,40,"Ontario numbers also include child pornography incidents reported by the Canadian Police Centre for Missing and Exploited Children of the RCMP which is located in the City of Ottawa. The Centre responds to Internet-facilitated sexual abuse cases nationally. Therefore, while the incidents are detected by the RCMP Centre located in Ontario, the incidents themselves or the offenders are not limited to the province of Ontario.",Geography,Ontario [35]
35-10-0180-01,41,"Prior to 2013, all incidents of child pornography recorded by the Royal Canadian Mounted Police Service's Canadian Police Centre for Missing and Exploited Children (CPCMEC), located in Ottawa, were reported under the Ottawa Police Service. In 2014, Statistics Canada began reporting CPCMEC data separately and revised data for 2013 to account for this change. As a result of revisions to the 2013 data, some incidents identified by the CPCMEC and referred to the Ottawa Police Service for investigation may have been transferred to the CPCMEC. As such, the revised number of incidents for Ottawa Police Service for 2013 may be underrepresented and should not be compared to other years.",Geography,"Ottawa, Ontario, municipal [35010]"
35-10-0180-01,42,"Historically, police service reported all child pornography offences under a single combined violation code, of which the majority of the offences were possessing child pornography. In early 2016, the Uniform Crime Reporting Survey (UCR) was modified to allow police to report making and distributing child pornography from other child pornography offences (i.e., possession and accessing child pornography). Since police services are able to utilize these codes as their Records Management Systems are updated to allow them, a few were reported in 2015. As a result, these data should therefore be interpreted with caution.",Violations,Child Sexual Abuse and Exploitation Material (Possessing or Accessing)
35-10-0180-01,42,"Historically, police service reported all child pornography offences under a single combined violation code, of which the majority of the offences were possessing child pornography. In early 2016, the Uniform Crime Reporting Survey (UCR) was modified to allow police to report making and distributing child pornography from other child pornography offences (i.e., possession and accessing child pornography). Since police services are able to utilize these codes as their Records Management Systems are updated to allow them, a few were reported in 2015. As a result, these data should therefore be interpreted with caution.",Violations,Child Sexual Abuse and Exploitation Material (Making or Distributing)
35-10-0180-01,43,"Coming into effect on July 17th, 2015, Bill C-26 increased the maximum penalties for certain sexual offences against children, including failure to comply with orders and probation conditions relating to sexual offences against children. In the Uniform Crime Reporting Survey (UCR), the most serious violation is partially determined by the maximum penalty. As such, changes in maximum penalty may affect the most serious violation in an incident reported by police. Police services are able to utilize these amendments as their Records Management Systems are updated to allow them.",Violations,Total sexual violations against children
35-10-0180-01,43,"Coming into effect on July 17th, 2015, Bill C-26 increased the maximum penalties for certain sexual offences against children, including failure to comply with orders and probation conditions relating to sexual offences against children. In the Uniform Crime Reporting Survey (UCR), the most serious violation is partially determined by the maximum penalty. As such, changes in maximum penalty may affect the most serious violation in an incident reported by police. Police services are able to utilize these amendments as their Records Management Systems are updated to allow them.",Violations,Sexual interference
35-10-0180-01,43,"Coming into effect on July 17th, 2015, Bill C-26 increased the maximum penalties for certain sexual offences against children, including failure to comply with orders and probation conditions relating to sexual offences against children. In the Uniform Crime Reporting Survey (UCR), the most serious violation is partially determined by the maximum penalty. As such, changes in maximum penalty may affect the most serious violation in an incident reported by police. Police services are able to utilize these amendments as their Records Management Systems are updated to allow them.",Violations,Invitation to sexual touching
35-10-0180-01,43,"Coming into effect on July 17th, 2015, Bill C-26 increased the maximum penalties for certain sexual offences against children, including failure to comply with orders and probation conditions relating to sexual offences against children. In the Uniform Crime Reporting Survey (UCR), the most serious violation is partially determined by the maximum penalty. As such, changes in maximum penalty may affect the most serious violation in an incident reported by police. Police services are able to utilize these amendments as their Records Management Systems are updated to allow them.",Violations,Sexual exploitation
35-10-0180-01,43,"Coming into effect on July 17th, 2015, Bill C-26 increased the maximum penalties for certain sexual offences against children, including failure to comply with orders and probation conditions relating to sexual offences against children. In the Uniform Crime Reporting Survey (UCR), the most serious violation is partially determined by the maximum penalty. As such, changes in maximum penalty may affect the most serious violation in an incident reported by police. Police services are able to utilize these amendments as their Records Management Systems are updated to allow them.",Violations,Luring a child via a computer
35-10-0180-01,43,"Coming into effect on July 17th, 2015, Bill C-26 increased the maximum penalties for certain sexual offences against children, including failure to comply with orders and probation conditions relating to sexual offences against children. In the Uniform Crime Reporting Survey (UCR), the most serious violation is partially determined by the maximum penalty. As such, changes in maximum penalty may affect the most serious violation in an incident reported by police. Police services are able to utilize these amendments as their Records Management Systems are updated to allow them.",Violations,Child Sexual Abuse and Exploitation Material (Possessing or Accessing)
35-10-0180-01,43,"Coming into effect on July 17th, 2015, Bill C-26 increased the maximum penalties for certain sexual offences against children, including failure to comply with orders and probation conditions relating to sexual offences against children. In the Uniform Crime Reporting Survey (UCR), the most serious violation is partially determined by the maximum penalty. As such, changes in maximum penalty may affect the most serious violation in an incident reported by police. Police services are able to utilize these amendments as their Records Management Systems are updated to allow them.",Violations,Fail to comply with order
35-10-0180-01,43,"Coming into effect on July 17th, 2015, Bill C-26 increased the maximum penalties for certain sexual offences against children, including failure to comply with orders and probation conditions relating to sexual offences against children. In the Uniform Crime Reporting Survey (UCR), the most serious violation is partially determined by the maximum penalty. As such, changes in maximum penalty may affect the most serious violation in an incident reported by police. Police services are able to utilize these amendments as their Records Management Systems are updated to allow them.",Violations,Breach of probation
35-10-0180-01,43,"Coming into effect on July 17th, 2015, Bill C-26 increased the maximum penalties for certain sexual offences against children, including failure to comply with orders and probation conditions relating to sexual offences against children. In the Uniform Crime Reporting Survey (UCR), the most serious violation is partially determined by the maximum penalty. As such, changes in maximum penalty may affect the most serious violation in an incident reported by police. Police services are able to utilize these amendments as their Records Management Systems are updated to allow them.",Violations,Making sexually explicit material available to children
35-10-0180-01,43,"Coming into effect on July 17th, 2015, Bill C-26 increased the maximum penalties for certain sexual offences against children, including failure to comply with orders and probation conditions relating to sexual offences against children. In the Uniform Crime Reporting Survey (UCR), the most serious violation is partially determined by the maximum penalty. As such, changes in maximum penalty may affect the most serious violation in an incident reported by police. Police services are able to utilize these amendments as their Records Management Systems are updated to allow them.",Violations,Parent or guardian procuring sexual activity
35-10-0180-01,43,"Coming into effect on July 17th, 2015, Bill C-26 increased the maximum penalties for certain sexual offences against children, including failure to comply with orders and probation conditions relating to sexual offences against children. In the Uniform Crime Reporting Survey (UCR), the most serious violation is partially determined by the maximum penalty. As such, changes in maximum penalty may affect the most serious violation in an incident reported by police. Police services are able to utilize these amendments as their Records Management Systems are updated to allow them.",Violations,Householder permitting prohibited sexual activity
35-10-0180-01,43,"Coming into effect on July 17th, 2015, Bill C-26 increased the maximum penalties for certain sexual offences against children, including failure to comply with orders and probation conditions relating to sexual offences against children. In the Uniform Crime Reporting Survey (UCR), the most serious violation is partially determined by the maximum penalty. As such, changes in maximum penalty may affect the most serious violation in an incident reported by police. Police services are able to utilize these amendments as their Records Management Systems are updated to allow them.",Violations,Child Sexual Abuse and Exploitation Material (Making or Distributing)
35-10-0180-01,44,"On April 10, 2015, Bill C-10 Tackling Contraband Tobacco Act came into effect. As a result, this law created the Criminal Code offence of trafficking in contraband tobacco which is counted under the violation ""Offences against the administration of law and justice"". Prior to April 2015, the offence was counted under ""Excise Act"". As such, comparisons of these two violations to previous years should be made with caution.",Violations,Other violations against the administration of law and justice (Part IV Criminal Code)
35-10-0180-01,45,"Effective December 2014, Bill C-36 amended the definition of the term ""common bawdy house"" in the Criminal Code to remove reference to prostitution. As a result of this amendment, the Uniform Crime Reporting Survey (UCR) violation of ""Bawdy house"" was terminated, and the new violation of ""Common bawdy house"" was introduced. Police services are able to utilise this amendment as their Records Management Systems are updated to allow it. As a result, these data should be interpreted with caution.",Violations,Bawdy house
35-10-0180-01,45,"Effective December 2014, Bill C-36 amended the definition of the term ""common bawdy house"" in the Criminal Code to remove reference to prostitution. As a result of this amendment, the Uniform Crime Reporting Survey (UCR) violation of ""Bawdy house"" was terminated, and the new violation of ""Common bawdy house"" was introduced. Police services are able to utilise this amendment as their Records Management Systems are updated to allow it. As a result, these data should be interpreted with caution.",Violations,Common Bawdy House
35-10-0180-01,46,"Includes Criminal Code violations that specifically concern offences involving child and youth victims. These include sexual interference, invitation to sexual touching, sexual exploitation, making sexually explicit material available to children for the purpose of facilitating sexual offences against children/youth, luring a child via a computer, parent or guardian procuring sexual activity, householder permitting prohibited sexual activity, agreement or arrangement and bestiality in presence of, or incites, a child. Incidents of child pornography are not included in the category of sexual violations against children. Excludes incidents of sexual assault levels 1, 2 and 3 against children and youth which are counted within those three violation categories. Other sexual offences not involving assault or sexual violations against children are included with ""other violent offences"".",Violations,Total sexual violations against children
35-10-0180-01,47,"Due to the length of time for investigations to confirm whether or not the incident is founded, annual counts of terrorism offences are subject to revisions downwards when revised data are released one year after the initial release. Therefore, changes between the current year of data and the previous year should be interpreted with caution.",Violations,Property or service for terrorist activity
35-10-0180-01,47,"Due to the length of time for investigations to confirm whether or not the incident is founded, annual counts of terrorism offences are subject to revisions downwards when revised data are released one year after the initial release. Therefore, changes between the current year of data and the previous year should be interpreted with caution.",Violations,"Freezing of property, disclosure or audit"
35-10-0180-01,47,"Due to the length of time for investigations to confirm whether or not the incident is founded, annual counts of terrorism offences are subject to revisions downwards when revised data are released one year after the initial release. Therefore, changes between the current year of data and the previous year should be interpreted with caution.",Violations,Participate in activity of terrorist group
35-10-0180-01,47,"Due to the length of time for investigations to confirm whether or not the incident is founded, annual counts of terrorism offences are subject to revisions downwards when revised data are released one year after the initial release. Therefore, changes between the current year of data and the previous year should be interpreted with caution.",Violations,Facilitate terrorist activity
35-10-0180-01,47,"Due to the length of time for investigations to confirm whether or not the incident is founded, annual counts of terrorism offences are subject to revisions downwards when revised data are released one year after the initial release. Therefore, changes between the current year of data and the previous year should be interpreted with caution.",Violations,Commission or instructing to carry out terrorist activity
35-10-0180-01,47,"Due to the length of time for investigations to confirm whether or not the incident is founded, annual counts of terrorism offences are subject to revisions downwards when revised data are released one year after the initial release. Therefore, changes between the current year of data and the previous year should be interpreted with caution.",Violations,Harbour or conceal terrorist
35-10-0180-01,47,"Due to the length of time for investigations to confirm whether or not the incident is founded, annual counts of terrorism offences are subject to revisions downwards when revised data are released one year after the initial release. Therefore, changes between the current year of data and the previous year should be interpreted with caution.",Violations,Hoax terrorism
35-10-0180-01,47,"Due to the length of time for investigations to confirm whether or not the incident is founded, annual counts of terrorism offences are subject to revisions downwards when revised data are released one year after the initial release. Therefore, changes between the current year of data and the previous year should be interpreted with caution.",Violations,Leaving Canada to participate in activity of terrorist group
35-10-0180-01,47,"Due to the length of time for investigations to confirm whether or not the incident is founded, annual counts of terrorism offences are subject to revisions downwards when revised data are released one year after the initial release. Therefore, changes between the current year of data and the previous year should be interpreted with caution.",Violations,Leaving Canada to facilitate terrorist activity
35-10-0180-01,47,"Due to the length of time for investigations to confirm whether or not the incident is founded, annual counts of terrorism offences are subject to revisions downwards when revised data are released one year after the initial release. Therefore, changes between the current year of data and the previous year should be interpreted with caution.",Violations,Leaving Canada to commit offence for terrorist group
35-10-0180-01,47,"Due to the length of time for investigations to confirm whether or not the incident is founded, annual counts of terrorism offences are subject to revisions downwards when revised data are released one year after the initial release. Therefore, changes between the current year of data and the previous year should be interpreted with caution.",Violations,Leaving Canada to commit offence that is terrorist activity
35-10-0180-01,47,"Due to the length of time for investigations to confirm whether or not the incident is founded, annual counts of terrorism offences are subject to revisions downwards when revised data are released one year after the initial release. Therefore, changes between the current year of data and the previous year should be interpreted with caution.",Violations,Concealing person who carried out terrorist activity that is a terrorism offence for which that person is liable to imprisonment for life
35-10-0180-01,47,"Due to the length of time for investigations to confirm whether or not the incident is founded, annual counts of terrorism offences are subject to revisions downwards when revised data are released one year after the initial release. Therefore, changes between the current year of data and the previous year should be interpreted with caution.",Violations,Concealing person who carried out terrorist activity that is a terrorism offence for which that person is liable to any punishment other than life
35-10-0180-01,47,"Due to the length of time for investigations to confirm whether or not the incident is founded, annual counts of terrorism offences are subject to revisions downwards when revised data are released one year after the initial release. Therefore, changes between the current year of data and the previous year should be interpreted with caution.",Violations,Concealing person who is likely to carry out terrorist activity
35-10-0180-01,47,"Due to the length of time for investigations to confirm whether or not the incident is founded, annual counts of terrorism offences are subject to revisions downwards when revised data are released one year after the initial release. Therefore, changes between the current year of data and the previous year should be interpreted with caution.",Violations,Advocating/Promoting terrorism offence
35-10-0180-01,48,"On March 9, 2015, Bill C-13 Protecting Canadians from Online Crime Act came into effect. As a result, the law created a new criminal offence of non-consensual distribution of intimate images. It also clarified that Criminal Code offences of harassing / indecent communications can be committed by any means of telecommunication. Police services are able to utilize these amendments as their Records Management Systems are updated to allow them.",Violations,Indecent/Harassing communications
35-10-0180-01,48,"On March 9, 2015, Bill C-13 Protecting Canadians from Online Crime Act came into effect. As a result, the law created a new criminal offence of non-consensual distribution of intimate images. It also clarified that Criminal Code offences of harassing / indecent communications can be committed by any means of telecommunication. Police services are able to utilize these amendments as their Records Management Systems are updated to allow them.",Violations,Non-consensual distribution of intimate images
35-10-0180-01,50,"On June 17, 2016, Bill C-14 ""An Act to amend the Criminal Code to make related amendments to other Acts (medical assistance in dying)"" came in effect. As a result, the law created new offences around for failing to comply with the safeguards which must be respected before medical assistance in dying may be provided to a person, for forging or destroying documents related to medical assistance in dying, for failing to provide the required information for the purpose of permitting the monitoring of medical assistance in dying and for contravening the regulations made by the Minister of Health respecting that information. Three new UCR2 violation codes were introduced in response to these amendments to the Criminal Code. Police services are able to utilize the survey revision as their Records Management Systems are updated to allow them.",Violations,Failure to comply with mandatory safeguards in relation to medical assistance in dying
35-10-0180-01,50,"On June 17, 2016, Bill C-14 ""An Act to amend the Criminal Code to make related amendments to other Acts (medical assistance in dying)"" came in effect. As a result, the law created new offences around for failing to comply with the safeguards which must be respected before medical assistance in dying may be provided to a person, for forging or destroying documents related to medical assistance in dying, for failing to provide the required information for the purpose of permitting the monitoring of medical assistance in dying and for contravening the regulations made by the Minister of Health respecting that information. Three new UCR2 violation codes were introduced in response to these amendments to the Criminal Code. Police services are able to utilize the survey revision as their Records Management Systems are updated to allow them.",Violations,Forging or destroying documents related to assistance requests with criminal intent
35-10-0180-01,51,"Prior to 2016, all incidents of a Criminal Code violation which occurred within the Central East Correctional Centre (CECC) located in Lindsay, Ontario were reported under the Kawartha Lakes Police Service (35157). The majority of these offences were physical assault, breach of probation and prison unlawfully at large. In 2016, Statistics Canada began reporting the CECC data separately. As a result, comparison with previous years should be done with caution.",Geography,"Kawartha Lakes, Ontario, municipal [35157]"
35-10-0180-01,51,"Prior to 2016, all incidents of a Criminal Code violation which occurred within the Central East Correctional Centre (CECC) located in Lindsay, Ontario were reported under the Kawartha Lakes Police Service (35157). The majority of these offences were physical assault, breach of probation and prison unlawfully at large. In 2016, Statistics Canada began reporting the CECC data separately. As a result, comparison with previous years should be done with caution.",Geography,"Central East Correctional Centre, Ontario, municipal [35230]"
35-10-0180-01,52,"In 2016, The Cobourg Police Service underwent a number of changes in police reporting practices. Therefore, comparisons with data previous to 2016 should be made with caution.",Geography,"Cobourg, Ontario, municipal [35071]"
35-10-0180-01,53,"In 2015, the Ontario Provincial Police underwent an internal realignment of detachments. As a result of this realignment, an error occurred during CCJS data production. As such, data for Temiskaming (Temiskaming Shores) 35241 is missing for the years 2015 and 2016. For further details, contact the Canadian Centre for Justice and Community Safety Statistics at statcan.ccjcss-ccsjsc.statcan@statcan.gc.ca.",Geography,"Temiskaming, Ontario, Ontario Provincial Police, municipal [35241]"
35-10-0180-01,53,"In 2015, the Ontario Provincial Police underwent an internal realignment of detachments. As a result of this realignment, an error occurred during CCJS data production. As such, data for Temiskaming (Temiskaming Shores) 35241 is missing for the years 2015 and 2016. For further details, contact the Canadian Centre for Justice and Community Safety Statistics at statcan.ccjcss-ccsjsc.statcan@statcan.gc.ca.",Violations,"Total cannabis, trafficking, production or distribution (pre-legalization)"
35-10-0180-01,53,"In 2015, the Ontario Provincial Police underwent an internal realignment of detachments. As a result of this realignment, an error occurred during CCJS data production. As such, data for Temiskaming (Temiskaming Shores) 35241 is missing for the years 2015 and 2016. For further details, contact the Canadian Centre for Justice and Community Safety Statistics at statcan.ccjcss-ccsjsc.statcan@statcan.gc.ca.",Violations,"Cannabis, trafficking (pre-legalization)"
35-10-0180-01,53,"In 2015, the Ontario Provincial Police underwent an internal realignment of detachments. As a result of this realignment, an error occurred during CCJS data production. As such, data for Temiskaming (Temiskaming Shores) 35241 is missing for the years 2015 and 2016. For further details, contact the Canadian Centre for Justice and Community Safety Statistics at statcan.ccjcss-ccsjsc.statcan@statcan.gc.ca.",Violations,"Cannabis, importation and exportation (pre-legalization)"
35-10-0180-01,56,"Historically, police services reported bestiality offences under a single violation code. In June 2015, the Uniform Crime Reporting Survey (UCR) was modified to allow police to report in Bestiality in Presence of, or Incites, a Child (1381) separately from Bestiality – Commits, Compels Another Person (1380). Since police services are able to utilize these codes as their Records Management Systems are updated to allow them, 2015 data should be interpreted with caution.",Violations,"Bestiality in presence of, or incites, a child"
35-10-0180-01,57,"Historically, police service reported Agreement or Arrangement - Sexual Offences Against Child (1371) under the same violation code as Luring a Child via a Computer (1370). In June 2015, the Uniform Crime Reporting Survey (UCR) was modified to allow police to report these violations separately. Since police services are able to utilize these codes as their Records Management Systems are updated to allow them, 2015 data should be interpreted with caution.",Violations,Agreement or Arrangement - sexual offence against child
35-10-0180-01,58,"On May 18, 2017, Bill C-37 ""An Act to amend the Controlled Drugs and Substances Act and to make related amendments to other Acts"" came into effect. As a result, the offence of possessing, producing, selling or importing anything knowing it will be used to produce or traffic in crystal meth or ecstasy was expanded to include all substances listed in Schedule I, II , III, IV or V of the Controlled Drugs and Substances Act.",Violations,"Possession, sale, etc., for use in production of or trafficking in substance"
35-10-0180-01,59,"On November 22, 2017, new opioid (other than heroin) violation codes (4170, 4270, 4370, 4470) were added to the Uniform Crime reporting Survey. The addition of these codes is in response to the need expressed by police services to capture the prevalence of opioids using violation codes specific to this type of drug. Previously, offences related to the possession, trafficking, importation and exportation and production of opioids (other than heroin) were included under ‘other controlled drugs and substances’ (4130, 4230, 4330, 4430). Since police services are able to utilize these codes as their Records Management Systems are updated to allow them, 2017 data should be interpreted with caution.",Violations,"Opioid (other than heroin), possession"
35-10-0180-01,59,"On November 22, 2017, new opioid (other than heroin) violation codes (4170, 4270, 4370, 4470) were added to the Uniform Crime reporting Survey. The addition of these codes is in response to the need expressed by police services to capture the prevalence of opioids using violation codes specific to this type of drug. Previously, offences related to the possession, trafficking, importation and exportation and production of opioids (other than heroin) were included under ‘other controlled drugs and substances’ (4130, 4230, 4330, 4430). Since police services are able to utilize these codes as their Records Management Systems are updated to allow them, 2017 data should be interpreted with caution.",Violations,"Opioid (other than heroin), trafficking"
35-10-0180-01,59,"On November 22, 2017, new opioid (other than heroin) violation codes (4170, 4270, 4370, 4470) were added to the Uniform Crime reporting Survey. The addition of these codes is in response to the need expressed by police services to capture the prevalence of opioids using violation codes specific to this type of drug. Previously, offences related to the possession, trafficking, importation and exportation and production of opioids (other than heroin) were included under ‘other controlled drugs and substances’ (4130, 4230, 4330, 4430). Since police services are able to utilize these codes as their Records Management Systems are updated to allow them, 2017 data should be interpreted with caution.",Violations,"Opioid (other than heroin), importation and exportation"
35-10-0180-01,59,"On November 22, 2017, new opioid (other than heroin) violation codes (4170, 4270, 4370, 4470) were added to the Uniform Crime reporting Survey. The addition of these codes is in response to the need expressed by police services to capture the prevalence of opioids using violation codes specific to this type of drug. Previously, offences related to the possession, trafficking, importation and exportation and production of opioids (other than heroin) were included under ‘other controlled drugs and substances’ (4130, 4230, 4330, 4430). Since police services are able to utilize these codes as their Records Management Systems are updated to allow them, 2017 data should be interpreted with caution.",Violations,"Opioid (other than heroin), production"
35-10-0180-01,60,"Data for unfounded incidents are available for 2017 and subsequent years in order to resume collection that had been halted in 2006 due to inconsistent reporting. To improve comparability, the definition of founded and unfounded criminal incidents was revised in 2017 and any prescribed changes relating to the classification of incidents will be phased in over time starting with the reporting of 2019 data. As such, it is understood that inconsistencies in reporting may still exist in 2017 and 2018. Data may therefore be incomparable across police services.",Statistics,Unfounded incidents
35-10-0180-01,60,"Data for unfounded incidents are available for 2017 and subsequent years in order to resume collection that had been halted in 2006 due to inconsistent reporting. To improve comparability, the definition of founded and unfounded criminal incidents was revised in 2017 and any prescribed changes relating to the classification of incidents will be phased in over time starting with the reporting of 2019 data. As such, it is understood that inconsistencies in reporting may still exist in 2017 and 2018. Data may therefore be incomparable across police services.",Statistics,Percent unfounded
35-10-0180-01,61,"On December 12, 2017, Bill C-305 “An Act to ament the Criminal Code (mischief)” came into effect. This enactment amended the offence of mischief to property primarily used for worship to include mischief in relation to property that is used by an identifiable group (2176) for educational purposes, administrative, social, cultural or sports activities or events or as residence for seniors.",Violations,Hate-motivated mischief relating to property used by identifiable group
35-10-0180-01,62,Data for unfounded incidents of terrorism are not available for 2017 due to data quality concerns.,Violations,Property or service for terrorist activity
35-10-0180-01,62,Data for unfounded incidents of terrorism are not available for 2017 due to data quality concerns.,Violations,"Freezing of property, disclosure or audit"
35-10-0180-01,62,Data for unfounded incidents of terrorism are not available for 2017 due to data quality concerns.,Violations,Participate in activity of terrorist group
35-10-0180-01,62,Data for unfounded incidents of terrorism are not available for 2017 due to data quality concerns.,Violations,Facilitate terrorist activity
35-10-0180-01,62,Data for unfounded incidents of terrorism are not available for 2017 due to data quality concerns.,Violations,Commission or instructing to carry out terrorist activity
35-10-0180-01,62,Data for unfounded incidents of terrorism are not available for 2017 due to data quality concerns.,Violations,Harbour or conceal terrorist
35-10-0180-01,62,Data for unfounded incidents of terrorism are not available for 2017 due to data quality concerns.,Violations,Hoax terrorism
35-10-0180-01,62,Data for unfounded incidents of terrorism are not available for 2017 due to data quality concerns.,Violations,Leaving Canada to participate in activity of terrorist group
35-10-0180-01,62,Data for unfounded incidents of terrorism are not available for 2017 due to data quality concerns.,Violations,Leaving Canada to facilitate terrorist activity
35-10-0180-01,62,Data for unfounded incidents of terrorism are not available for 2017 due to data quality concerns.,Violations,Leaving Canada to commit offence for terrorist group
35-10-0180-01,62,Data for unfounded incidents of terrorism are not available for 2017 due to data quality concerns.,Violations,Leaving Canada to commit offence that is terrorist activity
35-10-0180-01,62,Data for unfounded incidents of terrorism are not available for 2017 due to data quality concerns.,Violations,Concealing person who carried out terrorist activity that is a terrorism offence for which that person is liable to imprisonment for life
35-10-0180-01,62,Data for unfounded incidents of terrorism are not available for 2017 due to data quality concerns.,Violations,Concealing person who carried out terrorist activity that is a terrorism offence for which that person is liable to any punishment other than life
35-10-0180-01,62,Data for unfounded incidents of terrorism are not available for 2017 due to data quality concerns.,Violations,Concealing person who is likely to carry out terrorist activity
35-10-0180-01,62,Data for unfounded incidents of terrorism are not available for 2017 due to data quality concerns.,Violations,Advocating/Promoting terrorism offence
35-10-0180-01,63,"On October 17, 2018, Bill C-45 “An Act respecting cannabis and to amend the Controlled Drugs and Substances Act, the Criminal Code and other Acts” came into effect. As a result, all prior pre-legalization cannabis-related legislation under the Controlled Drugs and Substances Act (CDSA) has been expired and replaced with 22 new violation codes under the Cannabis Act.",Violations,"Possession, cannabis (pre-legalization)"
35-10-0180-01,63,"On October 17, 2018, Bill C-45 “An Act respecting cannabis and to amend the Controlled Drugs and Substances Act, the Criminal Code and other Acts” came into effect. As a result, all prior pre-legalization cannabis-related legislation under the Controlled Drugs and Substances Act (CDSA) has been expired and replaced with 22 new violation codes under the Cannabis Act.",Violations,"Total cannabis, trafficking, production or distribution (pre-legalization)"
35-10-0180-01,63,"On October 17, 2018, Bill C-45 “An Act respecting cannabis and to amend the Controlled Drugs and Substances Act, the Criminal Code and other Acts” came into effect. As a result, all prior pre-legalization cannabis-related legislation under the Controlled Drugs and Substances Act (CDSA) has been expired and replaced with 22 new violation codes under the Cannabis Act.",Violations,"Cannabis, trafficking (pre-legalization)"
35-10-0180-01,63,"On October 17, 2018, Bill C-45 “An Act respecting cannabis and to amend the Controlled Drugs and Substances Act, the Criminal Code and other Acts” came into effect. As a result, all prior pre-legalization cannabis-related legislation under the Controlled Drugs and Substances Act (CDSA) has been expired and replaced with 22 new violation codes under the Cannabis Act.",Violations,"Cannabis, importation and exportation (pre-legalization)"
35-10-0180-01,63,"On October 17, 2018, Bill C-45 “An Act respecting cannabis and to amend the Controlled Drugs and Substances Act, the Criminal Code and other Acts” came into effect. As a result, all prior pre-legalization cannabis-related legislation under the Controlled Drugs and Substances Act (CDSA) has been expired and replaced with 22 new violation codes under the Cannabis Act.",Violations,"Cannabis, production (pre-legalization)"
35-10-0180-01,63,"On October 17, 2018, Bill C-45 “An Act respecting cannabis and to amend the Controlled Drugs and Substances Act, the Criminal Code and other Acts” came into effect. As a result, all prior pre-legalization cannabis-related legislation under the Controlled Drugs and Substances Act (CDSA) has been expired and replaced with 22 new violation codes under the Cannabis Act.",Violations,Total Cannabis Act
35-10-0180-01,63,"On October 17, 2018, Bill C-45 “An Act respecting cannabis and to amend the Controlled Drugs and Substances Act, the Criminal Code and other Acts” came into effect. As a result, all prior pre-legalization cannabis-related legislation under the Controlled Drugs and Substances Act (CDSA) has been expired and replaced with 22 new violation codes under the Cannabis Act.",Violations,Total possession - Cannabis Act
35-10-0180-01,63,"On October 17, 2018, Bill C-45 “An Act respecting cannabis and to amend the Controlled Drugs and Substances Act, the Criminal Code and other Acts” came into effect. As a result, all prior pre-legalization cannabis-related legislation under the Controlled Drugs and Substances Act (CDSA) has been expired and replaced with 22 new violation codes under the Cannabis Act.",Violations,Possession of illicit or over 30g dried cannabis (or equivalent) by adult
35-10-0180-01,63,"On October 17, 2018, Bill C-45 “An Act respecting cannabis and to amend the Controlled Drugs and Substances Act, the Criminal Code and other Acts” came into effect. As a result, all prior pre-legalization cannabis-related legislation under the Controlled Drugs and Substances Act (CDSA) has been expired and replaced with 22 new violation codes under the Cannabis Act.",Violations,Possession of over 5g dried cannabis (or equivalent) by youth
35-10-0180-01,63,"On October 17, 2018, Bill C-45 “An Act respecting cannabis and to amend the Controlled Drugs and Substances Act, the Criminal Code and other Acts” came into effect. As a result, all prior pre-legalization cannabis-related legislation under the Controlled Drugs and Substances Act (CDSA) has been expired and replaced with 22 new violation codes under the Cannabis Act.",Violations,"Possession of budding or flowering plants, or more than four cannabis plants"
35-10-0180-01,63,"On October 17, 2018, Bill C-45 “An Act respecting cannabis and to amend the Controlled Drugs and Substances Act, the Criminal Code and other Acts” came into effect. As a result, all prior pre-legalization cannabis-related legislation under the Controlled Drugs and Substances Act (CDSA) has been expired and replaced with 22 new violation codes under the Cannabis Act.",Violations,Possession of cannabis by organization
35-10-0180-01,63,"On October 17, 2018, Bill C-45 “An Act respecting cannabis and to amend the Controlled Drugs and Substances Act, the Criminal Code and other Acts” came into effect. As a result, all prior pre-legalization cannabis-related legislation under the Controlled Drugs and Substances Act (CDSA) has been expired and replaced with 22 new violation codes under the Cannabis Act.",Violations,Total distribution - Cannabis Act
35-10-0180-01,63,"On October 17, 2018, Bill C-45 “An Act respecting cannabis and to amend the Controlled Drugs and Substances Act, the Criminal Code and other Acts” came into effect. As a result, all prior pre-legalization cannabis-related legislation under the Controlled Drugs and Substances Act (CDSA) has been expired and replaced with 22 new violation codes under the Cannabis Act.",Violations,"Distribution to an organization, illicit or over 30g dried cannabis (or equivalent) by adult"
35-10-0180-01,63,"On October 17, 2018, Bill C-45 “An Act respecting cannabis and to amend the Controlled Drugs and Substances Act, the Criminal Code and other Acts” came into effect. As a result, all prior pre-legalization cannabis-related legislation under the Controlled Drugs and Substances Act (CDSA) has been expired and replaced with 22 new violation codes under the Cannabis Act.",Violations,Distribution of cannabis to youth by adult
35-10-0180-01,63,"On October 17, 2018, Bill C-45 “An Act respecting cannabis and to amend the Controlled Drugs and Substances Act, the Criminal Code and other Acts” came into effect. As a result, all prior pre-legalization cannabis-related legislation under the Controlled Drugs and Substances Act (CDSA) has been expired and replaced with 22 new violation codes under the Cannabis Act.",Violations,Distribution to an organization or over 5g dried cannabis (or equivalent) by youth
35-10-0180-01,63,"On October 17, 2018, Bill C-45 “An Act respecting cannabis and to amend the Controlled Drugs and Substances Act, the Criminal Code and other Acts” came into effect. As a result, all prior pre-legalization cannabis-related legislation under the Controlled Drugs and Substances Act (CDSA) has been expired and replaced with 22 new violation codes under the Cannabis Act.",Violations,"Distribution of budding or flowering plants, or more than four cannabis plants"
35-10-0180-01,63,"On October 17, 2018, Bill C-45 “An Act respecting cannabis and to amend the Controlled Drugs and Substances Act, the Criminal Code and other Acts” came into effect. As a result, all prior pre-legalization cannabis-related legislation under the Controlled Drugs and Substances Act (CDSA) has been expired and replaced with 22 new violation codes under the Cannabis Act.",Violations,Distribution of cannabis by organization
35-10-0180-01,63,"On October 17, 2018, Bill C-45 “An Act respecting cannabis and to amend the Controlled Drugs and Substances Act, the Criminal Code and other Acts” came into effect. As a result, all prior pre-legalization cannabis-related legislation under the Controlled Drugs and Substances Act (CDSA) has been expired and replaced with 22 new violation codes under the Cannabis Act.",Violations,Possession of cannabis for purpose of distributing
35-10-0180-01,63,"On October 17, 2018, Bill C-45 “An Act respecting cannabis and to amend the Controlled Drugs and Substances Act, the Criminal Code and other Acts” came into effect. As a result, all prior pre-legalization cannabis-related legislation under the Controlled Drugs and Substances Act (CDSA) has been expired and replaced with 22 new violation codes under the Cannabis Act.",Violations,Total sale - Cannabis Act
35-10-0180-01,63,"On October 17, 2018, Bill C-45 “An Act respecting cannabis and to amend the Controlled Drugs and Substances Act, the Criminal Code and other Acts” came into effect. As a result, all prior pre-legalization cannabis-related legislation under the Controlled Drugs and Substances Act (CDSA) has been expired and replaced with 22 new violation codes under the Cannabis Act.",Violations,Sale of cannabis to adult
35-10-0180-01,63,"On October 17, 2018, Bill C-45 “An Act respecting cannabis and to amend the Controlled Drugs and Substances Act, the Criminal Code and other Acts” came into effect. As a result, all prior pre-legalization cannabis-related legislation under the Controlled Drugs and Substances Act (CDSA) has been expired and replaced with 22 new violation codes under the Cannabis Act.",Violations,Sale of cannabis to youth
35-10-0180-01,63,"On October 17, 2018, Bill C-45 “An Act respecting cannabis and to amend the Controlled Drugs and Substances Act, the Criminal Code and other Acts” came into effect. As a result, all prior pre-legalization cannabis-related legislation under the Controlled Drugs and Substances Act (CDSA) has been expired and replaced with 22 new violation codes under the Cannabis Act.",Violations,Sale of cannabis to an organization
35-10-0180-01,63,"On October 17, 2018, Bill C-45 “An Act respecting cannabis and to amend the Controlled Drugs and Substances Act, the Criminal Code and other Acts” came into effect. As a result, all prior pre-legalization cannabis-related legislation under the Controlled Drugs and Substances Act (CDSA) has been expired and replaced with 22 new violation codes under the Cannabis Act.",Violations,Possession of cannabis for purpose of selling
35-10-0180-01,63,"On October 17, 2018, Bill C-45 “An Act respecting cannabis and to amend the Controlled Drugs and Substances Act, the Criminal Code and other Acts” came into effect. As a result, all prior pre-legalization cannabis-related legislation under the Controlled Drugs and Substances Act (CDSA) has been expired and replaced with 22 new violation codes under the Cannabis Act.",Violations,Total importation and exportation - Cannabis Act
35-10-0180-01,63,"On October 17, 2018, Bill C-45 “An Act respecting cannabis and to amend the Controlled Drugs and Substances Act, the Criminal Code and other Acts” came into effect. As a result, all prior pre-legalization cannabis-related legislation under the Controlled Drugs and Substances Act (CDSA) has been expired and replaced with 22 new violation codes under the Cannabis Act.",Violations,Importation and exportation of cannabis
35-10-0180-01,63,"On October 17, 2018, Bill C-45 “An Act respecting cannabis and to amend the Controlled Drugs and Substances Act, the Criminal Code and other Acts” came into effect. As a result, all prior pre-legalization cannabis-related legislation under the Controlled Drugs and Substances Act (CDSA) has been expired and replaced with 22 new violation codes under the Cannabis Act.",Violations,Possession of cannabis for purpose of exportation
35-10-0180-01,63,"On October 17, 2018, Bill C-45 “An Act respecting cannabis and to amend the Controlled Drugs and Substances Act, the Criminal Code and other Acts” came into effect. As a result, all prior pre-legalization cannabis-related legislation under the Controlled Drugs and Substances Act (CDSA) has been expired and replaced with 22 new violation codes under the Cannabis Act.",Violations,Total production - Cannabis Act
35-10-0180-01,63,"On October 17, 2018, Bill C-45 “An Act respecting cannabis and to amend the Controlled Drugs and Substances Act, the Criminal Code and other Acts” came into effect. As a result, all prior pre-legalization cannabis-related legislation under the Controlled Drugs and Substances Act (CDSA) has been expired and replaced with 22 new violation codes under the Cannabis Act.",Violations,"Obtain, offer to obtain, alter or offer to alter cannabis"
35-10-0180-01,63,"On October 17, 2018, Bill C-45 “An Act respecting cannabis and to amend the Controlled Drugs and Substances Act, the Criminal Code and other Acts” came into effect. As a result, all prior pre-legalization cannabis-related legislation under the Controlled Drugs and Substances Act (CDSA) has been expired and replaced with 22 new violation codes under the Cannabis Act.",Violations,"Cultivate, propagate or harvest cannabis by adult"
35-10-0180-01,63,"On October 17, 2018, Bill C-45 “An Act respecting cannabis and to amend the Controlled Drugs and Substances Act, the Criminal Code and other Acts” came into effect. As a result, all prior pre-legalization cannabis-related legislation under the Controlled Drugs and Substances Act (CDSA) has been expired and replaced with 22 new violation codes under the Cannabis Act.",Violations,"Cultivate, propagate or harvest cannabis by youth or organization"
35-10-0180-01,63,"On October 17, 2018, Bill C-45 “An Act respecting cannabis and to amend the Controlled Drugs and Substances Act, the Criminal Code and other Acts” came into effect. As a result, all prior pre-legalization cannabis-related legislation under the Controlled Drugs and Substances Act (CDSA) has been expired and replaced with 22 new violation codes under the Cannabis Act.",Violations,"Possess, produce, sell, distribute or import anything for use in production or distribution of illicit cannabis"
35-10-0180-01,63,"On October 17, 2018, Bill C-45 “An Act respecting cannabis and to amend the Controlled Drugs and Substances Act, the Criminal Code and other Acts” came into effect. As a result, all prior pre-legalization cannabis-related legislation under the Controlled Drugs and Substances Act (CDSA) has been expired and replaced with 22 new violation codes under the Cannabis Act.",Violations,Use of young person in the commission of a cannabis offence
35-10-0180-01,63,"On October 17, 2018, Bill C-45 “An Act respecting cannabis and to amend the Controlled Drugs and Substances Act, the Criminal Code and other Acts” came into effect. As a result, all prior pre-legalization cannabis-related legislation under the Controlled Drugs and Substances Act (CDSA) has been expired and replaced with 22 new violation codes under the Cannabis Act.",Violations,Other Cannabis Act
35-10-0180-01,64,"On June 21, 2018, Part 1 of Bill C-46 “An Act to amend the Criminal Code (relating to conveyances) and to make consequential amendments to other Acts” came into effect. Part 2 of this legislation came into effect on December 18, 2018. As a result of this legislation, the Uniform Crime Reporting (UCR) Survey created 19 new violation codes and expired 15 existing traffic-specific violation codes.",Violations,Total Criminal Code traffic violations
35-10-0180-01,64,"On June 21, 2018, Part 1 of Bill C-46 “An Act to amend the Criminal Code (relating to conveyances) and to make consequential amendments to other Acts” came into effect. Part 2 of this legislation came into effect on December 18, 2018. As a result of this legislation, the Uniform Crime Reporting (UCR) Survey created 19 new violation codes and expired 15 existing traffic-specific violation codes.",Violations,Total impaired driving
35-10-0180-01,64,"On June 21, 2018, Part 1 of Bill C-46 “An Act to amend the Criminal Code (relating to conveyances) and to make consequential amendments to other Acts” came into effect. Part 2 of this legislation came into effect on December 18, 2018. As a result of this legislation, the Uniform Crime Reporting (UCR) Survey created 19 new violation codes and expired 15 existing traffic-specific violation codes.",Violations,Operation while impaired causing death (alcohol)
35-10-0180-01,64,"On June 21, 2018, Part 1 of Bill C-46 “An Act to amend the Criminal Code (relating to conveyances) and to make consequential amendments to other Acts” came into effect. Part 2 of this legislation came into effect on December 18, 2018. As a result of this legislation, the Uniform Crime Reporting (UCR) Survey created 19 new violation codes and expired 15 existing traffic-specific violation codes.",Violations,Operation while impaired causing death (drugs)
35-10-0180-01,64,"On June 21, 2018, Part 1 of Bill C-46 “An Act to amend the Criminal Code (relating to conveyances) and to make consequential amendments to other Acts” came into effect. Part 2 of this legislation came into effect on December 18, 2018. As a result of this legislation, the Uniform Crime Reporting (UCR) Survey created 19 new violation codes and expired 15 existing traffic-specific violation codes.",Violations,Operation while impaired causing bodily harm (alcohol)
35-10-0180-01,64,"On June 21, 2018, Part 1 of Bill C-46 “An Act to amend the Criminal Code (relating to conveyances) and to make consequential amendments to other Acts” came into effect. Part 2 of this legislation came into effect on December 18, 2018. As a result of this legislation, the Uniform Crime Reporting (UCR) Survey created 19 new violation codes and expired 15 existing traffic-specific violation codes.",Violations,Operation while impaired causing bodily harm (drugs)
35-10-0180-01,64,"On June 21, 2018, Part 1 of Bill C-46 “An Act to amend the Criminal Code (relating to conveyances) and to make consequential amendments to other Acts” came into effect. Part 2 of this legislation came into effect on December 18, 2018. As a result of this legislation, the Uniform Crime Reporting (UCR) Survey created 19 new violation codes and expired 15 existing traffic-specific violation codes.",Violations,Operation while impaired (alcohol)
35-10-0180-01,64,"On June 21, 2018, Part 1 of Bill C-46 “An Act to amend the Criminal Code (relating to conveyances) and to make consequential amendments to other Acts” came into effect. Part 2 of this legislation came into effect on December 18, 2018. As a result of this legislation, the Uniform Crime Reporting (UCR) Survey created 19 new violation codes and expired 15 existing traffic-specific violation codes.",Violations,Operation while impaired (drugs)
35-10-0180-01,64,"On June 21, 2018, Part 1 of Bill C-46 “An Act to amend the Criminal Code (relating to conveyances) and to make consequential amendments to other Acts” came into effect. Part 2 of this legislation came into effect on December 18, 2018. As a result of this legislation, the Uniform Crime Reporting (UCR) Survey created 19 new violation codes and expired 15 existing traffic-specific violation codes.",Violations,"Impaired operation, failure to provide breath sample"
35-10-0180-01,64,"On June 21, 2018, Part 1 of Bill C-46 “An Act to amend the Criminal Code (relating to conveyances) and to make consequential amendments to other Acts” came into effect. Part 2 of this legislation came into effect on December 18, 2018. As a result of this legislation, the Uniform Crime Reporting (UCR) Survey created 19 new violation codes and expired 15 existing traffic-specific violation codes.",Violations,Failure to comply or refusal (drugs)
35-10-0180-01,64,"On June 21, 2018, Part 1 of Bill C-46 “An Act to amend the Criminal Code (relating to conveyances) and to make consequential amendments to other Acts” came into effect. Part 2 of this legislation came into effect on December 18, 2018. As a result of this legislation, the Uniform Crime Reporting (UCR) Survey created 19 new violation codes and expired 15 existing traffic-specific violation codes.",Violations,"Impaired operation, failure to provide blood sample"
35-10-0180-01,64,"On June 21, 2018, Part 1 of Bill C-46 “An Act to amend the Criminal Code (relating to conveyances) and to make consequential amendments to other Acts” came into effect. Part 2 of this legislation came into effect on December 18, 2018. As a result of this legislation, the Uniform Crime Reporting (UCR) Survey created 19 new violation codes and expired 15 existing traffic-specific violation codes.",Violations,Failure to provide blood sample (drugs)
35-10-0180-01,64,"On June 21, 2018, Part 1 of Bill C-46 “An Act to amend the Criminal Code (relating to conveyances) and to make consequential amendments to other Acts” came into effect. Part 2 of this legislation came into effect on December 18, 2018. As a result of this legislation, the Uniform Crime Reporting (UCR) Survey created 19 new violation codes and expired 15 existing traffic-specific violation codes.",Violations,Total other Criminal Code traffic violations
35-10-0180-01,64,"On June 21, 2018, Part 1 of Bill C-46 “An Act to amend the Criminal Code (relating to conveyances) and to make consequential amendments to other Acts” came into effect. Part 2 of this legislation came into effect on December 18, 2018. As a result of this legislation, the Uniform Crime Reporting (UCR) Survey created 19 new violation codes and expired 15 existing traffic-specific violation codes.",Violations,"Dangerous operation, causing death"
35-10-0180-01,64,"On June 21, 2018, Part 1 of Bill C-46 “An Act to amend the Criminal Code (relating to conveyances) and to make consequential amendments to other Acts” came into effect. Part 2 of this legislation came into effect on December 18, 2018. As a result of this legislation, the Uniform Crime Reporting (UCR) Survey created 19 new violation codes and expired 15 existing traffic-specific violation codes.",Violations,"Dangerous operation, causing bodily harm"
35-10-0180-01,64,"On June 21, 2018, Part 1 of Bill C-46 “An Act to amend the Criminal Code (relating to conveyances) and to make consequential amendments to other Acts” came into effect. Part 2 of this legislation came into effect on December 18, 2018. As a result of this legislation, the Uniform Crime Reporting (UCR) Survey created 19 new violation codes and expired 15 existing traffic-specific violation codes.",Violations,"Dangerous operation of motor vehicle, vessel or aircraft"
35-10-0180-01,64,"On June 21, 2018, Part 1 of Bill C-46 “An Act to amend the Criminal Code (relating to conveyances) and to make consequential amendments to other Acts” came into effect. Part 2 of this legislation came into effect on December 18, 2018. As a result of this legislation, the Uniform Crime Reporting (UCR) Survey created 19 new violation codes and expired 15 existing traffic-specific violation codes.",Violations,"Dangerous operation evading police, causing death"
35-10-0180-01,64,"On June 21, 2018, Part 1 of Bill C-46 “An Act to amend the Criminal Code (relating to conveyances) and to make consequential amendments to other Acts” came into effect. Part 2 of this legislation came into effect on December 18, 2018. As a result of this legislation, the Uniform Crime Reporting (UCR) Survey created 19 new violation codes and expired 15 existing traffic-specific violation codes.",Violations,"Dangerous operation evading police, causing bodily harm"
35-10-0180-01,64,"On June 21, 2018, Part 1 of Bill C-46 “An Act to amend the Criminal Code (relating to conveyances) and to make consequential amendments to other Acts” came into effect. Part 2 of this legislation came into effect on December 18, 2018. As a result of this legislation, the Uniform Crime Reporting (UCR) Survey created 19 new violation codes and expired 15 existing traffic-specific violation codes.",Violations,Dangerous operation of motor vehicle evading police
35-10-0180-01,64,"On June 21, 2018, Part 1 of Bill C-46 “An Act to amend the Criminal Code (relating to conveyances) and to make consequential amendments to other Acts” came into effect. Part 2 of this legislation came into effect on December 18, 2018. As a result of this legislation, the Uniform Crime Reporting (UCR) Survey created 19 new violation codes and expired 15 existing traffic-specific violation codes.",Violations,Total fail to stop or remain
35-10-0180-01,64,"On June 21, 2018, Part 1 of Bill C-46 “An Act to amend the Criminal Code (relating to conveyances) and to make consequential amendments to other Acts” came into effect. Part 2 of this legislation came into effect on December 18, 2018. As a result of this legislation, the Uniform Crime Reporting (UCR) Survey created 19 new violation codes and expired 15 existing traffic-specific violation codes.",Violations,Driving while prohibited
35-10-0180-01,64,"On June 21, 2018, Part 1 of Bill C-46 “An Act to amend the Criminal Code (relating to conveyances) and to make consequential amendments to other Acts” came into effect. Part 2 of this legislation came into effect on December 18, 2018. As a result of this legislation, the Uniform Crime Reporting (UCR) Survey created 19 new violation codes and expired 15 existing traffic-specific violation codes.",Violations,Other Criminal Code traffic violations
35-10-0180-01,64,"On June 21, 2018, Part 1 of Bill C-46 “An Act to amend the Criminal Code (relating to conveyances) and to make consequential amendments to other Acts” came into effect. Part 2 of this legislation came into effect on December 18, 2018. As a result of this legislation, the Uniform Crime Reporting (UCR) Survey created 19 new violation codes and expired 15 existing traffic-specific violation codes.",Violations,Causing death by criminal negligence while street racing
35-10-0180-01,64,"On June 21, 2018, Part 1 of Bill C-46 “An Act to amend the Criminal Code (relating to conveyances) and to make consequential amendments to other Acts” came into effect. Part 2 of this legislation came into effect on December 18, 2018. As a result of this legislation, the Uniform Crime Reporting (UCR) Survey created 19 new violation codes and expired 15 existing traffic-specific violation codes.",Violations,Causing bodily harm by criminal negligence while street racing
35-10-0180-01,64,"On June 21, 2018, Part 1 of Bill C-46 “An Act to amend the Criminal Code (relating to conveyances) and to make consequential amendments to other Acts” came into effect. Part 2 of this legislation came into effect on December 18, 2018. As a result of this legislation, the Uniform Crime Reporting (UCR) Survey created 19 new violation codes and expired 15 existing traffic-specific violation codes.",Violations,Dangerous operation causing death while street racing
35-10-0180-01,64,"On June 21, 2018, Part 1 of Bill C-46 “An Act to amend the Criminal Code (relating to conveyances) and to make consequential amendments to other Acts” came into effect. Part 2 of this legislation came into effect on December 18, 2018. As a result of this legislation, the Uniform Crime Reporting (UCR) Survey created 19 new violation codes and expired 15 existing traffic-specific violation codes.",Violations,Dangerous operation causing bodily harm while street racing
35-10-0180-01,64,"On June 21, 2018, Part 1 of Bill C-46 “An Act to amend the Criminal Code (relating to conveyances) and to make consequential amendments to other Acts” came into effect. Part 2 of this legislation came into effect on December 18, 2018. As a result of this legislation, the Uniform Crime Reporting (UCR) Survey created 19 new violation codes and expired 15 existing traffic-specific violation codes.",Violations,Dangerous operation of motor vehicle while street racing
35-10-0180-01,64,"On June 21, 2018, Part 1 of Bill C-46 “An Act to amend the Criminal Code (relating to conveyances) and to make consequential amendments to other Acts” came into effect. Part 2 of this legislation came into effect on December 18, 2018. As a result of this legislation, the Uniform Crime Reporting (UCR) Survey created 19 new violation codes and expired 15 existing traffic-specific violation codes.",Violations,Operation - low blood drug concentration
35-10-0180-01,64,"On June 21, 2018, Part 1 of Bill C-46 “An Act to amend the Criminal Code (relating to conveyances) and to make consequential amendments to other Acts” came into effect. Part 2 of this legislation came into effect on December 18, 2018. As a result of this legislation, the Uniform Crime Reporting (UCR) Survey created 19 new violation codes and expired 15 existing traffic-specific violation codes.",Violations,Operation while impaired causing death (alcohol and drugs)
35-10-0180-01,64,"On June 21, 2018, Part 1 of Bill C-46 “An Act to amend the Criminal Code (relating to conveyances) and to make consequential amendments to other Acts” came into effect. Part 2 of this legislation came into effect on December 18, 2018. As a result of this legislation, the Uniform Crime Reporting (UCR) Survey created 19 new violation codes and expired 15 existing traffic-specific violation codes.",Violations,Operation while impaired causing death (unspecified)
35-10-0180-01,64,"On June 21, 2018, Part 1 of Bill C-46 “An Act to amend the Criminal Code (relating to conveyances) and to make consequential amendments to other Acts” came into effect. Part 2 of this legislation came into effect on December 18, 2018. As a result of this legislation, the Uniform Crime Reporting (UCR) Survey created 19 new violation codes and expired 15 existing traffic-specific violation codes.",Violations,Operation while impaired causing bodily harm (alcohol and drugs)
35-10-0180-01,64,"On June 21, 2018, Part 1 of Bill C-46 “An Act to amend the Criminal Code (relating to conveyances) and to make consequential amendments to other Acts” came into effect. Part 2 of this legislation came into effect on December 18, 2018. As a result of this legislation, the Uniform Crime Reporting (UCR) Survey created 19 new violation codes and expired 15 existing traffic-specific violation codes.",Violations,Operation while impaired causing bodily harm (unspecified)
35-10-0180-01,64,"On June 21, 2018, Part 1 of Bill C-46 “An Act to amend the Criminal Code (relating to conveyances) and to make consequential amendments to other Acts” came into effect. Part 2 of this legislation came into effect on December 18, 2018. As a result of this legislation, the Uniform Crime Reporting (UCR) Survey created 19 new violation codes and expired 15 existing traffic-specific violation codes.",Violations,Operation while impaired (alcohol and drugs)
35-10-0180-01,64,"On June 21, 2018, Part 1 of Bill C-46 “An Act to amend the Criminal Code (relating to conveyances) and to make consequential amendments to other Acts” came into effect. Part 2 of this legislation came into effect on December 18, 2018. As a result of this legislation, the Uniform Crime Reporting (UCR) Survey created 19 new violation codes and expired 15 existing traffic-specific violation codes.",Violations,Operation while impaired (unspecified)
35-10-0180-01,64,"On June 21, 2018, Part 1 of Bill C-46 “An Act to amend the Criminal Code (relating to conveyances) and to make consequential amendments to other Acts” came into effect. Part 2 of this legislation came into effect on December 18, 2018. As a result of this legislation, the Uniform Crime Reporting (UCR) Survey created 19 new violation codes and expired 15 existing traffic-specific violation codes.",Violations,Failure or refusal to comply with demand (alcohol)
35-10-0180-01,64,"On June 21, 2018, Part 1 of Bill C-46 “An Act to amend the Criminal Code (relating to conveyances) and to make consequential amendments to other Acts” came into effect. Part 2 of this legislation came into effect on December 18, 2018. As a result of this legislation, the Uniform Crime Reporting (UCR) Survey created 19 new violation codes and expired 15 existing traffic-specific violation codes.",Violations,Failure or refusal to comply with demand (alcohol and drugs)
35-10-0180-01,64,"On June 21, 2018, Part 1 of Bill C-46 “An Act to amend the Criminal Code (relating to conveyances) and to make consequential amendments to other Acts” came into effect. Part 2 of this legislation came into effect on December 18, 2018. As a result of this legislation, the Uniform Crime Reporting (UCR) Survey created 19 new violation codes and expired 15 existing traffic-specific violation codes.",Violations,Failure or refusal to comply with demand (drugs)
35-10-0180-01,64,"On June 21, 2018, Part 1 of Bill C-46 “An Act to amend the Criminal Code (relating to conveyances) and to make consequential amendments to other Acts” came into effect. Part 2 of this legislation came into effect on December 18, 2018. As a result of this legislation, the Uniform Crime Reporting (UCR) Survey created 19 new violation codes and expired 15 existing traffic-specific violation codes.",Violations,Failure or refusal to comply with demand (unspecified)
35-10-0180-01,64,"On June 21, 2018, Part 1 of Bill C-46 “An Act to amend the Criminal Code (relating to conveyances) and to make consequential amendments to other Acts” came into effect. Part 2 of this legislation came into effect on December 18, 2018. As a result of this legislation, the Uniform Crime Reporting (UCR) Survey created 19 new violation codes and expired 15 existing traffic-specific violation codes.",Violations,"Failure or refusal to comply with demand, accident resulting in bodily harm (alcohol)"
35-10-0180-01,64,"On June 21, 2018, Part 1 of Bill C-46 “An Act to amend the Criminal Code (relating to conveyances) and to make consequential amendments to other Acts” came into effect. Part 2 of this legislation came into effect on December 18, 2018. As a result of this legislation, the Uniform Crime Reporting (UCR) Survey created 19 new violation codes and expired 15 existing traffic-specific violation codes.",Violations,"Failure or refusal to comply with demand, accident resulting in bodily harm (alcohol and drugs)"
35-10-0180-01,64,"On June 21, 2018, Part 1 of Bill C-46 “An Act to amend the Criminal Code (relating to conveyances) and to make consequential amendments to other Acts” came into effect. Part 2 of this legislation came into effect on December 18, 2018. As a result of this legislation, the Uniform Crime Reporting (UCR) Survey created 19 new violation codes and expired 15 existing traffic-specific violation codes.",Violations,"Failure or refusal to comply with demand, accident resulting in bodily harm (drugs)"
35-10-0180-01,64,"On June 21, 2018, Part 1 of Bill C-46 “An Act to amend the Criminal Code (relating to conveyances) and to make consequential amendments to other Acts” came into effect. Part 2 of this legislation came into effect on December 18, 2018. As a result of this legislation, the Uniform Crime Reporting (UCR) Survey created 19 new violation codes and expired 15 existing traffic-specific violation codes.",Violations,"Failure or refusal to comply with demand, accident resulting in bodily harm (unspecified)"
35-10-0180-01,64,"On June 21, 2018, Part 1 of Bill C-46 “An Act to amend the Criminal Code (relating to conveyances) and to make consequential amendments to other Acts” came into effect. Part 2 of this legislation came into effect on December 18, 2018. As a result of this legislation, the Uniform Crime Reporting (UCR) Survey created 19 new violation codes and expired 15 existing traffic-specific violation codes.",Violations,"Failure or refusal to comply with demand, accident resulting in death (alcohol)"
35-10-0180-01,64,"On June 21, 2018, Part 1 of Bill C-46 “An Act to amend the Criminal Code (relating to conveyances) and to make consequential amendments to other Acts” came into effect. Part 2 of this legislation came into effect on December 18, 2018. As a result of this legislation, the Uniform Crime Reporting (UCR) Survey created 19 new violation codes and expired 15 existing traffic-specific violation codes.",Violations,"Failure or refusal to comply with demand, accident resulting in death (alcohol and drugs)"
35-10-0180-01,64,"On June 21, 2018, Part 1 of Bill C-46 “An Act to amend the Criminal Code (relating to conveyances) and to make consequential amendments to other Acts” came into effect. Part 2 of this legislation came into effect on December 18, 2018. As a result of this legislation, the Uniform Crime Reporting (UCR) Survey created 19 new violation codes and expired 15 existing traffic-specific violation codes.",Violations,"Failure or refusal to comply with demand, accident resulting in death (drugs)"
35-10-0180-01,64,"On June 21, 2018, Part 1 of Bill C-46 “An Act to amend the Criminal Code (relating to conveyances) and to make consequential amendments to other Acts” came into effect. Part 2 of this legislation came into effect on December 18, 2018. As a result of this legislation, the Uniform Crime Reporting (UCR) Survey created 19 new violation codes and expired 15 existing traffic-specific violation codes.",Violations,"Failure or refusal to comply with demand, accident resulting in death (unspecified)"
35-10-0180-01,65,"In 2018, the Royal Canadian Mounted Police (RCMP) reporting practices for drug seizures reported by Canadian Border Services Agency (CBSA) to the RCMP in Niagara were amended to better align with the Uniform Crime Reporting (UCR) survey in an effort to report consistent and accurate data. Due to this amendment in reporting practices, the RCMP detachment provided an estimate of the actual number of incidents for violations in 2017. Data should therefore be used with caution.",Geography,"Niagara Region (St. Catharines), Ontario, municipal [35196]"
35-10-0180-01,67,"In 2019, the increase in unfounded incidents of Shoplifting $5,000 or under (2143) for Halton Police Service can be attributed to a change in reporting. Previous to 2019, incidences where gas was reported stolen but deemed to be accidental was handled under municipal legislation and not collected by Statistics Canada. Use caution when comparing these data with prior years.",Geography,"Halton Region (Oakville/Burlington), Ontario, municipal [35048]"
35-10-0180-01,68,"In 2019, the Uniform Crime Reporting Survey (UCR) added a new violation code (1300) to collect information on “sexual offences which occurred prior to January 4, 1983”. While most violations are not typically reported years after their occurrence, it is not uncommon for sexual violations to be reported by a victim long after the incident took place due to a variety of reasons. On January 4, 1983, Canadian legislation surrounding sexual offences changed considerably. In order to reflect these changes, the UCR added the new violation code to help record these historical offences separately from those reported under an existing violation code that does not reflect the state of Canadian legislation at the time of the offence. Data for 2018 was updated to include this new violation code.",Violations,"Sexual offence which occurred prior to January 4, 1983"
35-10-0180-01,69,"In January 2018, the Uniform Crime Reporting Survey (UCR) definitions of “founded” and “unfounded” criminal incidents were updated to reflect a more victim-centred approach for recording crimes that consider the complexities of certain offences such as sexual assault, family violence and intimate partner violence. Under the new reporting standards, specific offences may be more likely reported by police as founded rather than unfounded (or unsubstantiated), which would exclude them from police-reported crime rates and crime severity indices. Data for 2019 represent the first complete year of UCR data collected under the new reporting standards.  As a result, for selected violations and police services, the actual proportion of incidents in 2019 that were classified as “not cleared” has increased. Use caution when comparing these data with prior years.",,
35-10-0180-01,70,"A high crime rate or Crime Severity Index (CSI) may indicate that a municipality is a geographical area that provides commercial business, human or public services, or entertainment for many people who reside outside, as well as inside, the municipality. As a result, these municipalities may have large part-time or temporary populations which are excluded from both their population bases and their crime rate and CSI calculations.",,
35-10-0180-01,71,"Population figures reflect only the permanent or resident population of a jurisdiction. Where a jurisdiction serves as the centre for commercial businesses, human or public services, or entertainment, it may have substantial “part-time” populations, e.g., tourists, cabin owners, commuters, students, and seasonal staff. These temporary populations, whose permanent residence is within another jurisdiction, are excluded from a jurisdiction’s population figures. This may be a factor to consider when examining the crime rate and Crime Severity Index for some municipalities.",Statistics,"Rate per 100,000 population"
35-10-0180-01,71,"Population figures reflect only the permanent or resident population of a jurisdiction. Where a jurisdiction serves as the centre for commercial businesses, human or public services, or entertainment, it may have substantial “part-time” populations, e.g., tourists, cabin owners, commuters, students, and seasonal staff. These temporary populations, whose permanent residence is within another jurisdiction, are excluded from a jurisdiction’s population figures. This may be a factor to consider when examining the crime rate and Crime Severity Index for some municipalities.",Statistics,"Rate, total persons charged per 100,000 population aged 12 years and over"
35-10-0180-01,71,"Population figures reflect only the permanent or resident population of a jurisdiction. Where a jurisdiction serves as the centre for commercial businesses, human or public services, or entertainment, it may have substantial “part-time” populations, e.g., tourists, cabin owners, commuters, students, and seasonal staff. These temporary populations, whose permanent residence is within another jurisdiction, are excluded from a jurisdiction’s population figures. This may be a factor to consider when examining the crime rate and Crime Severity Index for some municipalities.",Statistics,"Rate, adult charged per 100,000 population aged 18 years and over"
35-10-0180-01,71,"Population figures reflect only the permanent or resident population of a jurisdiction. Where a jurisdiction serves as the centre for commercial businesses, human or public services, or entertainment, it may have substantial “part-time” populations, e.g., tourists, cabin owners, commuters, students, and seasonal staff. These temporary populations, whose permanent residence is within another jurisdiction, are excluded from a jurisdiction’s population figures. This may be a factor to consider when examining the crime rate and Crime Severity Index for some municipalities.",Statistics,"Rate, youth charged per 100,000 population aged 12 to 17 years"
35-10-0180-01,71,"Population figures reflect only the permanent or resident population of a jurisdiction. Where a jurisdiction serves as the centre for commercial businesses, human or public services, or entertainment, it may have substantial “part-time” populations, e.g., tourists, cabin owners, commuters, students, and seasonal staff. These temporary populations, whose permanent residence is within another jurisdiction, are excluded from a jurisdiction’s population figures. This may be a factor to consider when examining the crime rate and Crime Severity Index for some municipalities.",Statistics,"Rate, youth not charged per 100,000 population aged 12 to 17 years"
35-10-0180-01,72,"In 2020, additional information about the types of offences that come to the attention of the Canadian National Railway Police allowed for a revision of the data classification method for the detailed federal statute offence types including the Youth Criminal Justice Act, Bankruptcy Act, among others. Revisions were applied to the 2019 figures, onward.",Geography,"Canadian National Railway Police, Ontario [35990]"
35-10-0180-01,72,"In 2020, additional information about the types of offences that come to the attention of the Canadian National Railway Police allowed for a revision of the data classification method for the detailed federal statute offence types including the Youth Criminal Justice Act, Bankruptcy Act, among others. Revisions were applied to the 2019 figures, onward.",Violations,Youth Criminal Justice Act
35-10-0180-01,72,"In 2020, additional information about the types of offences that come to the attention of the Canadian National Railway Police allowed for a revision of the data classification method for the detailed federal statute offence types including the Youth Criminal Justice Act, Bankruptcy Act, among others. Revisions were applied to the 2019 figures, onward.",Violations,Total other Federal Statutes
35-10-0180-01,73,"In 2018, Bill C-46 amended the Criminal Code and other Acts and introduced new legislation for impaired driving violations. At this time, the Uniform Crime Reporting (UCR) Survey was adjusted to add or expire some violation codes and ensure the previous UCR impaired driving codes align with the new legislation. These UCR changes may result in different reporting practices among the police services across Canada for impaired driving violations reported to the survey.",Violations,Total impaired driving
35-10-0180-01,74,"With the Government of Canada's March 2020 announcement of restrictions on persons arriving in or departing from Canada, pursuant to its powers under the Quarantine Act, the Uniform Crime Reporting (UCR) Survey was adjusted to add a specific Quarantine Act violation code (6600). As police services adopt this new code and adjust to the new reporting requirements, there may be data revisions made to correct any misreporting of these incidents.",Violations,Quarantine Act
35-10-0180-01,75,Trafficking in persons incidents reported to the Uniform Crime Reporting (UCR) Survey may be undercounted due to differences in police reporting practices for this violation.,Violations,Trafficking in persons
35-10-0180-01,76,"The marked declines observed in drug possession incidents may be due to changes in police charging practices in response to: 1) the August 2020 guidelines issued by the Public Prosecution Service of Canada’s (PPSC) directing prosecutors to avoid prosecutions for simple possession offences under the Controlled Drugs and Substances Act (CDSA), and 2) the introduction of Health Canada's exemption from the CDSA for the province of British Columbia for the personal possession of small amounts of certain illegal drugs, that came into effect on January 31, 2023.",Violations,"Possession, cocaine"
35-10-0180-01,76,"The marked declines observed in drug possession incidents may be due to changes in police charging practices in response to: 1) the August 2020 guidelines issued by the Public Prosecution Service of Canada’s (PPSC) directing prosecutors to avoid prosecutions for simple possession offences under the Controlled Drugs and Substances Act (CDSA), and 2) the introduction of Health Canada's exemption from the CDSA for the province of British Columbia for the personal possession of small amounts of certain illegal drugs, that came into effect on January 31, 2023.",Violations,"Total, possession, other Controlled Drugs and Substances Act drugs"
35-10-0180-01,76,"The marked declines observed in drug possession incidents may be due to changes in police charging practices in response to: 1) the August 2020 guidelines issued by the Public Prosecution Service of Canada’s (PPSC) directing prosecutors to avoid prosecutions for simple possession offences under the Controlled Drugs and Substances Act (CDSA), and 2) the introduction of Health Canada's exemption from the CDSA for the province of British Columbia for the personal possession of small amounts of certain illegal drugs, that came into effect on January 31, 2023.",Violations,"Heroin, possession"
35-10-0180-01,76,"The marked declines observed in drug possession incidents may be due to changes in police charging practices in response to: 1) the August 2020 guidelines issued by the Public Prosecution Service of Canada’s (PPSC) directing prosecutors to avoid prosecutions for simple possession offences under the Controlled Drugs and Substances Act (CDSA), and 2) the introduction of Health Canada's exemption from the CDSA for the province of British Columbia for the personal possession of small amounts of certain illegal drugs, that came into effect on January 31, 2023.",Violations,"Other Controlled Drugs and Substances Act, possession"
35-10-0180-01,76,"The marked declines observed in drug possession incidents may be due to changes in police charging practices in response to: 1) the August 2020 guidelines issued by the Public Prosecution Service of Canada’s (PPSC) directing prosecutors to avoid prosecutions for simple possession offences under the Controlled Drugs and Substances Act (CDSA), and 2) the introduction of Health Canada's exemption from the CDSA for the province of British Columbia for the personal possession of small amounts of certain illegal drugs, that came into effect on January 31, 2023.",Violations,"Methamphetamines (crystal meth), possession"
35-10-0180-01,76,"The marked declines observed in drug possession incidents may be due to changes in police charging practices in response to: 1) the August 2020 guidelines issued by the Public Prosecution Service of Canada’s (PPSC) directing prosecutors to avoid prosecutions for simple possession offences under the Controlled Drugs and Substances Act (CDSA), and 2) the introduction of Health Canada's exemption from the CDSA for the province of British Columbia for the personal possession of small amounts of certain illegal drugs, that came into effect on January 31, 2023.",Violations,"Methylenedioxyamphetamine (ecstasy), possession"
35-10-0180-01,76,"The marked declines observed in drug possession incidents may be due to changes in police charging practices in response to: 1) the August 2020 guidelines issued by the Public Prosecution Service of Canada’s (PPSC) directing prosecutors to avoid prosecutions for simple possession offences under the Controlled Drugs and Substances Act (CDSA), and 2) the introduction of Health Canada's exemption from the CDSA for the province of British Columbia for the personal possession of small amounts of certain illegal drugs, that came into effect on January 31, 2023.",Violations,"Opioid (other than heroin), possession"
35-10-0180-01,76,"The marked declines observed in drug possession incidents may be due to changes in police charging practices in response to: 1) the August 2020 guidelines issued by the Public Prosecution Service of Canada’s (PPSC) directing prosecutors to avoid prosecutions for simple possession offences under the Controlled Drugs and Substances Act (CDSA), and 2) the introduction of Health Canada's exemption from the CDSA for the province of British Columbia for the personal possession of small amounts of certain illegal drugs, that came into effect on January 31, 2023.",Violations,Total possession - Cannabis Act
35-10-0180-01,76,"The marked declines observed in drug possession incidents may be due to changes in police charging practices in response to: 1) the August 2020 guidelines issued by the Public Prosecution Service of Canada’s (PPSC) directing prosecutors to avoid prosecutions for simple possession offences under the Controlled Drugs and Substances Act (CDSA), and 2) the introduction of Health Canada's exemption from the CDSA for the province of British Columbia for the personal possession of small amounts of certain illegal drugs, that came into effect on January 31, 2023.",Violations,Possession of illicit or over 30g dried cannabis (or equivalent) by adult
35-10-0180-01,76,"The marked declines observed in drug possession incidents may be due to changes in police charging practices in response to: 1) the August 2020 guidelines issued by the Public Prosecution Service of Canada’s (PPSC) directing prosecutors to avoid prosecutions for simple possession offences under the Controlled Drugs and Substances Act (CDSA), and 2) the introduction of Health Canada's exemption from the CDSA for the province of British Columbia for the personal possession of small amounts of certain illegal drugs, that came into effect on January 31, 2023.",Violations,Possession of over 5g dried cannabis (or equivalent) by youth
35-10-0180-01,76,"The marked declines observed in drug possession incidents may be due to changes in police charging practices in response to: 1) the August 2020 guidelines issued by the Public Prosecution Service of Canada’s (PPSC) directing prosecutors to avoid prosecutions for simple possession offences under the Controlled Drugs and Substances Act (CDSA), and 2) the introduction of Health Canada's exemption from the CDSA for the province of British Columbia for the personal possession of small amounts of certain illegal drugs, that came into effect on January 31, 2023.",Violations,"Possession of budding or flowering plants, or more than four cannabis plants"
35-10-0180-01,76,"The marked declines observed in drug possession incidents may be due to changes in police charging practices in response to: 1) the August 2020 guidelines issued by the Public Prosecution Service of Canada’s (PPSC) directing prosecutors to avoid prosecutions for simple possession offences under the Controlled Drugs and Substances Act (CDSA), and 2) the introduction of Health Canada's exemption from the CDSA for the province of British Columbia for the personal possession of small amounts of certain illegal drugs, that came into effect on January 31, 2023.",Violations,Possession of cannabis by organization
35-10-0180-01,77,"The 2022 and 2021 'Other Federal Statutes' incidents reported to the Uniform Crime Reporting Survey by the Canadian Pacific Railway Police may be an undercount due to inaccurate survey coding guidelines. As a result, these data should be interpreted with caution.",Geography,"Canadian Pacific Railway Police, Ontario [35991]"
35-10-0180-01,77,"The 2022 and 2021 'Other Federal Statutes' incidents reported to the Uniform Crime Reporting Survey by the Canadian Pacific Railway Police may be an undercount due to inaccurate survey coding guidelines. As a result, these data should be interpreted with caution.",Violations,Other federal statutes
35-10-0180-01,78,"As of 2022, new violation codes were added to the Uniform Crime Reporting (UCR) Survey. The ""Total other violent violations"" category now includes the following new violations: 1633 'Causing or Providing Conversion Therapy', 1634 'Material Benefit from Conversion Therapy', 1635 'Intimidation of a person to impede them from obtaining health services', 1636 'Intimidation of a health professional to impede their duties', 1637 'Intimidation of a person assisting  in the performance of the health services to impede in those functions', 1638 'Obstruction or interference with access to health services', 1639 'Failure to Provide Necessaries', 1640 'Impeding Attempt to Save Life' and 1641 'Trafficking in Human Organs', which are not presented in detail for confidentiality reasons. As of 2024, a new violation was added to the Uniform Crime Reporting (UCR) Survey; 1435 “Motor vehicle theft when violence used, threatened or attempted” and which is not presented in detail for confidentiality reasons.",Violations,Total other violent violations
35-10-0180-01,79,"As of 2022, new violation codes related to animal cruelty were added to the Uniform Crime Reporting (UCR) Survey. The category ""Total violations related to Animal Cruelty"" was created and includes the following UCR violations: 3812 ‘Injuring or endangering Animals’, 3813 ‘Killing or injuring Law Enforcement or Military Animals’, 3814 ‘Causing unnecessary suffering to Animals’, 3815 ‘Causing damage or injury due to a failure to exercise reasonable care - animals or birds’, and 3816 ‘Arena for animal fighting’ which are not presented in detail for confidentiality reasons.",Violations,Total violations related to animal cruelty
35-10-0180-01,80,"The ""Total other violations"" category includes the following UCR violations: 3570 'Promoting or Advertising Conversion Therapy', 3700 'Unauthorized Recording of a Movie/Purpose of Sale, Rental, Commercial Distribution', and 3771 'Failure to comply with the regulations/obligations for medical assistance in dying', which are not presented in detail for confidentiality reasons.",Violations,Total other violations
35-10-0180-01,81,"Change in the rate of offences related to importation or exportation of Cannabis or other illicit drugs or controlled substances may be due in part to operational conditions and reporting of seizure cases, conducted by the Canada Border Services Agency and the Canada Post Mail Centre. These cases are forwarded for processing and investigation, and as a result of this exchange, the year in which occurrences were reported by police may not always correspond to the year in which they occurred. Therefore, year-over-year changes in these offences should be considered with caution.",Violations,"Cocaine, importation and exportation"
35-10-0180-01,81,"Change in the rate of offences related to importation or exportation of Cannabis or other illicit drugs or controlled substances may be due in part to operational conditions and reporting of seizure cases, conducted by the Canada Border Services Agency and the Canada Post Mail Centre. These cases are forwarded for processing and investigation, and as a result of this exchange, the year in which occurrences were reported by police may not always correspond to the year in which they occurred. Therefore, year-over-year changes in these offences should be considered with caution.",Violations,"Heroin, importation and exportation"
35-10-0180-01,81,"Change in the rate of offences related to importation or exportation of Cannabis or other illicit drugs or controlled substances may be due in part to operational conditions and reporting of seizure cases, conducted by the Canada Border Services Agency and the Canada Post Mail Centre. These cases are forwarded for processing and investigation, and as a result of this exchange, the year in which occurrences were reported by police may not always correspond to the year in which they occurred. Therefore, year-over-year changes in these offences should be considered with caution.",Violations,"Other Controlled Drugs and Substances Act, importation and exportation"
35-10-0180-01,81,"Change in the rate of offences related to importation or exportation of Cannabis or other illicit drugs or controlled substances may be due in part to operational conditions and reporting of seizure cases, conducted by the Canada Border Services Agency and the Canada Post Mail Centre. These cases are forwarded for processing and investigation, and as a result of this exchange, the year in which occurrences were reported by police may not always correspond to the year in which they occurred. Therefore, year-over-year changes in these offences should be considered with caution.",Violations,"Methamphetamines (crystal meth), importation and exportation"
35-10-0180-01,81,"Change in the rate of offences related to importation or exportation of Cannabis or other illicit drugs or controlled substances may be due in part to operational conditions and reporting of seizure cases, conducted by the Canada Border Services Agency and the Canada Post Mail Centre. These cases are forwarded for processing and investigation, and as a result of this exchange, the year in which occurrences were reported by police may not always correspond to the year in which they occurred. Therefore, year-over-year changes in these offences should be considered with caution.",Violations,"Methylenedioxyamphetamine (ecstasy), importation and exportation"
35-10-0180-01,81,"Change in the rate of offences related to importation or exportation of Cannabis or other illicit drugs or controlled substances may be due in part to operational conditions and reporting of seizure cases, conducted by the Canada Border Services Agency and the Canada Post Mail Centre. These cases are forwarded for processing and investigation, and as a result of this exchange, the year in which occurrences were reported by police may not always correspond to the year in which they occurred. Therefore, year-over-year changes in these offences should be considered with caution.",Violations,"Opioid (other than heroin), importation and exportation"
35-10-0180-01,81,"Change in the rate of offences related to importation or exportation of Cannabis or other illicit drugs or controlled substances may be due in part to operational conditions and reporting of seizure cases, conducted by the Canada Border Services Agency and the Canada Post Mail Centre. These cases are forwarded for processing and investigation, and as a result of this exchange, the year in which occurrences were reported by police may not always correspond to the year in which they occurred. Therefore, year-over-year changes in these offences should be considered with caution.",Violations,Total importation and exportation - Cannabis Act
35-10-0180-01,81,"Change in the rate of offences related to importation or exportation of Cannabis or other illicit drugs or controlled substances may be due in part to operational conditions and reporting of seizure cases, conducted by the Canada Border Services Agency and the Canada Post Mail Centre. These cases are forwarded for processing and investigation, and as a result of this exchange, the year in which occurrences were reported by police may not always correspond to the year in which they occurred. Therefore, year-over-year changes in these offences should be considered with caution.",Violations,Importation and exportation of cannabis
35-10-0180-01,82,"Data are based on police-reported incidents that are recorded in police services’ records management systems. Public safety initiatives, levels of public awareness, and changes in policies and technologies available to social media companies may influence the number of Child Sexual Abuse and Exploitation Material (CSAEM) incidents reported to and recorded by police. As awareness and reporting practices evolve, police services may record fluctuations in both recent and historical incidents, which can affect annual reporting for these criminal violations. Additionally, the Royal Canadian Mounted Police National Child Exploitation Crime Centre (NCECC) serves as the primary point of contact in Canada for investigations related to sexual exploitation of children on the Internet. The NCECC and specialized provincial Internet child exploitation policing units also work in partnership with local police services and jurisdictions. Within this partnership, cases may be forwarded to local police services for processing and investigation. As a result of this exchange, there may be delays in reporting current or historical incidents of CSAEM. This means that the year in which incidents are reported may not correspond to the year in which they occurred. It is important to note that variations between years may reflect differences in the recognition, reporting, and investigation of CSAEM incidents, and not necessarily lower or higher rates of occurrence. Additionally, police resources, policies and the investigational complexities of CSAEM in particular, and child sexual exploitation more generally, can have a considerable impact on police-reported metrics. Due to a substantial increase in the volume and complexity of CSAEM investigations (many of which involve Generative Artificial Intelligence and high volumes of text-based content), the NCECC and police services may not have the necessary resources to investigate all incidents that are identified, and may also face significant challenges once investigations are begun. The data likely reflect the number of active or closed investigations for each year rather than the total number of incidents reported to police, accounting for only a subset of suspected CSAEM incidents within Canada.",Violations,Child Sexual Abuse and Exploitation Material (Possessing or Accessing)
35-10-0180-01,82,"Data are based on police-reported incidents that are recorded in police services’ records management systems. Public safety initiatives, levels of public awareness, and changes in policies and technologies available to social media companies may influence the number of Child Sexual Abuse and Exploitation Material (CSAEM) incidents reported to and recorded by police. As awareness and reporting practices evolve, police services may record fluctuations in both recent and historical incidents, which can affect annual reporting for these criminal violations. Additionally, the Royal Canadian Mounted Police National Child Exploitation Crime Centre (NCECC) serves as the primary point of contact in Canada for investigations related to sexual exploitation of children on the Internet. The NCECC and specialized provincial Internet child exploitation policing units also work in partnership with local police services and jurisdictions. Within this partnership, cases may be forwarded to local police services for processing and investigation. As a result of this exchange, there may be delays in reporting current or historical incidents of CSAEM. This means that the year in which incidents are reported may not correspond to the year in which they occurred. It is important to note that variations between years may reflect differences in the recognition, reporting, and investigation of CSAEM incidents, and not necessarily lower or higher rates of occurrence. Additionally, police resources, policies and the investigational complexities of CSAEM in particular, and child sexual exploitation more generally, can have a considerable impact on police-reported metrics. Due to a substantial increase in the volume and complexity of CSAEM investigations (many of which involve Generative Artificial Intelligence and high volumes of text-based content), the NCECC and police services may not have the necessary resources to investigate all incidents that are identified, and may also face significant challenges once investigations are begun. The data likely reflect the number of active or closed investigations for each year rather than the total number of incidents reported to police, accounting for only a subset of suspected CSAEM incidents within Canada.",Violations,Child Sexual Abuse and Exploitation Material (Making or Distributing)
35-10-0180-01,83,"The marked increase observed in 2022 for shoplifting may in part be due to advances in technology, including increased reporting online.",Violations,"Shoplifting over $5,000"
35-10-0180-01,83,"The marked increase observed in 2022 for shoplifting may in part be due to advances in technology, including increased reporting online.",Violations,"Shoplifting $5,000 or under"
35-10-0180-01,84,"Due to an increased need for data related to animal cruelty, the Canadian Centre for Justice and Community Safety Statistics (CCJCSS) has broken out Uniform Crime Reporting (UCR) violation code 3810 (Wilful/Forbidden acts in respect of property) in order to include more detailed violations. As a result in 2022, violation code 3810 ‘Wilful and Forbidden Acts in Respect of Certain Property (Part XI CC)’ has been expired and the following six violations have been added to the survey: 3811 ‘Other Interference with Property’, 3812 ‘Injuring or endangering Animals’, 3813 ‘Killing or injuring Law Enforcement or Military Animals’, 3814 ‘Causing unnecessary suffering to Animals’, 3815 ‘Causing damage or injury due to a failure to exercise reasonable care - animals or birds’, and 3816 ‘Arena for animal fighting’.",Violations,Wilful and forbidden acts in respect of certain property (Part XI Criminal Code)
35-10-0180-01,84,"Due to an increased need for data related to animal cruelty, the Canadian Centre for Justice and Community Safety Statistics (CCJCSS) has broken out Uniform Crime Reporting (UCR) violation code 3810 (Wilful/Forbidden acts in respect of property) in order to include more detailed violations. As a result in 2022, violation code 3810 ‘Wilful and Forbidden Acts in Respect of Certain Property (Part XI CC)’ has been expired and the following six violations have been added to the survey: 3811 ‘Other Interference with Property’, 3812 ‘Injuring or endangering Animals’, 3813 ‘Killing or injuring Law Enforcement or Military Animals’, 3814 ‘Causing unnecessary suffering to Animals’, 3815 ‘Causing damage or injury due to a failure to exercise reasonable care - animals or birds’, and 3816 ‘Arena for animal fighting’.",Violations,Total violations related to animal cruelty
35-10-0180-01,85,"As of 2016, rates are suppressed when populations are less than 1,000. Use data prior to this year with caution.",Statistics,"Rate, total persons charged per 100,000 population aged 12 years and over"
35-10-0180-01,85,"As of 2016, rates are suppressed when populations are less than 1,000. Use data prior to this year with caution.",Statistics,"Rate, adult charged per 100,000 population aged 18 years and over"
35-10-0180-01,85,"As of 2016, rates are suppressed when populations are less than 1,000. Use data prior to this year with caution.",Statistics,"Rate, youth charged per 100,000 population aged 12 to 17 years"
35-10-0180-01,85,"As of 2016, rates are suppressed when populations are less than 1,000. Use data prior to this year with caution.",Statistics,"Rate, youth not charged per 100,000 population aged 12 to 17 years"
35-10-0180-01,86,"Youth population data are not available prior to 2004, therefore the rates shown are incorrect and should not be used.",Statistics,"Rate, youth charged per 100,000 population aged 12 to 17 years"
35-10-0180-01,86,"Youth population data are not available prior to 2004, therefore the rates shown are incorrect and should not be used.",Statistics,"Rate, youth not charged per 100,000 population aged 12 to 17 years"
35-10-0180-01,87,"As a result of the coming into force of the Cannabis Act on October 17, 2018, all prior cannabis-related legislation under the Controlled Drugs and Substances Act (CDSA) has been replaced with the Cannabis Act. Since this time, a select few historical incidents were reported under prior CDSA cannabis legislation as police services continue to implement the new Cannabis Act offence categories in their Records Management Systems. As well, statistics reflect incidents that are reported or charged in a given year and this can include incidents that occurred prior to the year in question (i.e., pre-legalization) but were reported or charged in the given year. Therefore, the sum of all Cannabis Act offences may not equal total cannabis offences in all years.",Violations,"Total cannabis, trafficking, production or distribution (pre-legalization)"
35-10-0180-01,87,"As a result of the coming into force of the Cannabis Act on October 17, 2018, all prior cannabis-related legislation under the Controlled Drugs and Substances Act (CDSA) has been replaced with the Cannabis Act. Since this time, a select few historical incidents were reported under prior CDSA cannabis legislation as police services continue to implement the new Cannabis Act offence categories in their Records Management Systems. As well, statistics reflect incidents that are reported or charged in a given year and this can include incidents that occurred prior to the year in question (i.e., pre-legalization) but were reported or charged in the given year. Therefore, the sum of all Cannabis Act offences may not equal total cannabis offences in all years.",Violations,Total Cannabis Act
35-10-0180-01,88,"In June 2024, Bill C-69, “An Act to implement certain provisions of the budget tabled in Parliament on April 16, 2024” amended the Criminal Code to include several new offences related to motor vehicle theft. At this time, the Uniform Crime Reporting (UCR) Survey was adjusted to add four new violation codes including: '1435 -Motor vehicle theft when violence used, threatened or attempted', '2136 - Motor vehicle theft for criminal organization', ' 2137 - Possession or distribution of device linked to motor vehicle theft, and '3826 - Laundering proceeds of crime for criminal organization'. It is important to note that the new violation '1435 - Motor vehicle theft when violence used, threatened or attempted' is not included in the rollup 0220 ""Total Motor Vehicle theft"" given that it is a violent violation.",Violations,Total theft of motor vehicle
35-10-0180-01,89,"Data for the months of November, December 2024 and January, February 2025 from Kingston Police may be undercounted due to a cyber-attack.",Geography,"Kingston, Ontario, municipal [35151]"
35-10-0180-01,91,"The number of incidents cleared each year can include incidents reported in that year as well as those reported in previous years. Therefore, this metric reflects police clearance activity in a given year, not the clearance activity in relation to incidents reported in that year. Caution should be used when interpreting this measure for violations with small counts as they may be more subject to variation in clearance status and reporting year.",Statistics,Total cleared
35-10-0180-01,92,Increases observed for Thunder Bay Police Service (35299) in the 2025 counts for Shoplifting $5000 or under (2143) and Fraud (2160) may be attributed to the introduction of online reporting for these violations.,Geography,"Thunder Bay, Ontario, municipal [35299]"
35-10-0180-01,92,Increases observed for Thunder Bay Police Service (35299) in the 2025 counts for Shoplifting $5000 or under (2143) and Fraud (2160) may be attributed to the introduction of online reporting for these violations.,Violations,"Shoplifting $5,000 or under"
35-10-0180-01,92,Increases observed for Thunder Bay Police Service (35299) in the 2025 counts for Shoplifting $5000 or under (2143) and Fraud (2160) may be attributed to the introduction of online reporting for these violations.,Violations,Fraud
35-10-0180-01,93,"Bill C-291 received Royal Assent on October 10, 2024, with amendments to Criminal Code sections 163.1(2–4.1) effective October 10, 2025. In response, the Canadian Centre for Justice and Community Safety Statistics (CCJCSS) adjusted the Uniform Crime Reporting (UCR) Survey by renaming violation codes 3455 and 3456 to “Child Sexual Abuse and Exploitation Material (possessing/accessing; making/distributing)”.",Violations,Child Sexual Abuse and Exploitation Material (Possessing or Accessing)
35-10-0180-01,93,"Bill C-291 received Royal Assent on October 10, 2024, with amendments to Criminal Code sections 163.1(2–4.1) effective October 10, 2025. In response, the Canadian Centre for Justice and Community Safety Statistics (CCJCSS) adjusted the Uniform Crime Reporting (UCR) Survey by renaming violation codes 3455 and 3456 to “Child Sexual Abuse and Exploitation Material (possessing/accessing; making/distributing)”.",Violations,Child Sexual Abuse and Exploitation Material (Making or Distributing)
35-10-0180-01,94,"The increase observed in 2024 for the Disturb the Peace (3430) violation for Thunder Bay, Ontario, municipal [35299] can be attributed to a correction in reporting practices. The change in reporting results in a more accurate reporting of this violation. The decrease in counts for 2025 is due to a delay in data entry. It is anticipated that corrections will be applied to the revised data for 2025 during the scheduled release in 2027. Comparisons to previous years should be made with caution.",Geography,"Thunder Bay, Ontario, municipal [35299]"
35-10-0180-01,94,"The increase observed in 2024 for the Disturb the Peace (3430) violation for Thunder Bay, Ontario, municipal [35299] can be attributed to a correction in reporting practices. The change in reporting results in a more accurate reporting of this violation. The decrease in counts for 2025 is due to a delay in data entry. It is anticipated that corrections will be applied to the revised data for 2025 during the scheduled release in 2027. Comparisons to previous years should be made with caution.",Violations,Disturb the peace
35-10-0180-01,95,"Beginning part way through 2008, shoplifting has been collected as a distinct violation code for statistical reporting purposes, allowing it to be analyzed separately from other thefts. The classification of an incident as shoplifting is based on information gathered by police through their investigation and reported to the Uniform Crime Reporting Survey. Shoplifting is not a separate offence under the Criminal Code and is included within the broader offence of theft. Additionally, online reporting of shoplifting may also contribute to an increase in police-reported incidents relative to other thefts.",Violations,"Shoplifting over $5,000"
35-10-0180-01,95,"Beginning part way through 2008, shoplifting has been collected as a distinct violation code for statistical reporting purposes, allowing it to be analyzed separately from other thefts. The classification of an incident as shoplifting is based on information gathered by police through their investigation and reported to the Uniform Crime Reporting Survey. Shoplifting is not a separate offence under the Criminal Code and is included within the broader offence of theft. Additionally, online reporting of shoplifting may also contribute to an increase in police-reported incidents relative to other thefts.",Violations,"Shoplifting $5,000 or under"
35-10-0026-01,1,"The crime severity index is calculated using Incident-based Uniform Crime Reporting Survey (UCR2) data. Incident-based UCR2 data are not available for all respondents. In order to report this level of detail for police services still reporting to the Aggregate Uniform Crime Reporting Survey (UCR) over this time, a process of imputation was applied to derive counts for violations that do not exist on their own in the aggregate survey. For approximately 80% of the aggregate offence codes, there is a 1:1 mapping with a new incident-based violation code. For violations where this was not the case, such as the aggregate other Criminal Code category, it was necessary to estimate (impute) this figure using the distribution of other Criminal Code offences from existing Incident-based UCR2 respondents.",,
35-10-0026-01,2,"During the production of each year's crime statistics, data from the previous year are revised to reflect any updates or changes that have been received from the police services.",,
35-10-0026-01,3,"The methodology for calculating census metropolitan area (CMA) populations was modified in 2003. Starting in 1996, the populations for CMAs have been adjusted to reflect the actual policing boundaries within the CMA and do not reflect the official Statistics Canada population for these CMAs. CMA data are included within province-level data.",,
35-10-0026-01,3,"The methodology for calculating census metropolitan area (CMA) populations was modified in 2003. Starting in 1996, the populations for CMAs have been adjusted to reflect the actual policing boundaries within the CMA and do not reflect the official Statistics Canada population for these CMAs. CMA data are included within province-level data.",,
35-10-0026-01,4,"Part of the 2007 increase in crime in St. John's, Newfoundland and Labrador and Saint John, New Brunswick can be attributed to changes in police reporting practices rather than actual increases in criminal activity.",Geography,"St. John's, Newfoundland and Labrador [10001]"
35-10-0026-01,4,"Part of the 2007 increase in crime in St. John's, Newfoundland and Labrador and Saint John, New Brunswick can be attributed to changes in police reporting practices rather than actual increases in criminal activity.",Geography,"Saint John, New Brunswick [13310]"
35-10-0026-01,5,The census metropolitan area (CMA) of Saguenay was formerly known as Chicoutimi-Jonquière.,Geography,"Saguenay, Quebec [24408]"
35-10-0026-01,6,The census metropolitan area (CMA) of Ottawa-Gatineau was formerly known as Ottawa-Hull.,Geography,"Ottawa-Gatineau, Quebec part [24505]"
35-10-0026-01,6,The census metropolitan area (CMA) of Ottawa-Gatineau was formerly known as Ottawa-Hull.,Geography,"Ottawa-Gatineau, Ontario/Quebec [24505/35505]"
35-10-0026-01,6,The census metropolitan area (CMA) of Ottawa-Gatineau was formerly known as Ottawa-Hull.,Geography,"Ottawa-Gatineau, Ontario part [35505]"
35-10-0026-01,7,"During the revision of 2001 data for the province of Ontario, a discrepancy in methodology applied by the forces in the province using the Ontario Municipal and Provincial Police Automated Co-operative (OMPPAC) system was detected. These forces report approximately one-third of the total criminal incidents for the province and include the Ontario Provincial Police and about 60 small and mid-sized municipal forces. This discrepancy resulted in an over-count of less serious criminal incidents. During 2003 and 2004, the Canadian Centre for Justice Statistics (CCJS) consulted with affected police services and analyzed both historical Aggregate Uniform Crime Reporting Survey (UCR) data and more recent Incident-based Uniform Crime Reporting Survey (UCR2) microdata to determine the impact of this over-reporting. The effect at the Canada level was, on average, 1% per year from 1977 to 2000. This over-counting peaked in 1991, where it was estimated that the total crime rate for the country was over-estimated by approximately 1.8%. However, the overall historical trend changed very little. The impact in Ontario is more noticeable, but the overall trend is still very similar. On average, the effect was 2% to 3% per year, with the biggest change occurring in 1991, where the Ontario crime rate is 5% lower as a result of the adjustment. For further information, refer to the report: <a href=""http://www.statcan.gc.ca/imdb-bmdi/document/3302_D13_T9_V1-eng.pdf"">Summary of Historical Adjustments to Crime Data for Ontario 1977-2000</a>.",Geography,Ontario [35]
35-10-0026-01,8,"Abbotsford-Mission, British Columbia and Kingston, Ontario became new census metropolitan areas (CMAs) as of the 2001 Census. Moncton, New Brunswick, Peterborough, Ontario, Brantford, Ontario, Guelph, Ontario, Barrie, Ontario, and Kelowna, British Columbia became new CMAs as of the 2006 Census. Lethbridge, Alberta and Belleville, Ontario became new CMAs as of the 2016 Census. Fredericton, New Brunswick; Drummondville, Quebec; Red Deer, Alberta; Kamloops, British Columbia; Chilliwack, British Columbia and Nanaimo, British Columbia became new CMAs as of the 2021 Census.",Geography,"Kingston, Ontario [35521]"
35-10-0026-01,8,"Abbotsford-Mission, British Columbia and Kingston, Ontario became new census metropolitan areas (CMAs) as of the 2001 Census. Moncton, New Brunswick, Peterborough, Ontario, Brantford, Ontario, Guelph, Ontario, Barrie, Ontario, and Kelowna, British Columbia became new CMAs as of the 2006 Census. Lethbridge, Alberta and Belleville, Ontario became new CMAs as of the 2016 Census. Fredericton, New Brunswick; Drummondville, Quebec; Red Deer, Alberta; Kamloops, British Columbia; Chilliwack, British Columbia and Nanaimo, British Columbia became new CMAs as of the 2021 Census.",Geography,"Abbotsford-Mission, British Columbia [59932]"
35-10-0026-01,8,"Abbotsford-Mission, British Columbia and Kingston, Ontario became new census metropolitan areas (CMAs) as of the 2001 Census. Moncton, New Brunswick, Peterborough, Ontario, Brantford, Ontario, Guelph, Ontario, Barrie, Ontario, and Kelowna, British Columbia became new CMAs as of the 2006 Census. Lethbridge, Alberta and Belleville, Ontario became new CMAs as of the 2016 Census. Fredericton, New Brunswick; Drummondville, Quebec; Red Deer, Alberta; Kamloops, British Columbia; Chilliwack, British Columbia and Nanaimo, British Columbia became new CMAs as of the 2021 Census.",Geography,"Moncton, New Brunswick [13305]"
35-10-0026-01,8,"Abbotsford-Mission, British Columbia and Kingston, Ontario became new census metropolitan areas (CMAs) as of the 2001 Census. Moncton, New Brunswick, Peterborough, Ontario, Brantford, Ontario, Guelph, Ontario, Barrie, Ontario, and Kelowna, British Columbia became new CMAs as of the 2006 Census. Lethbridge, Alberta and Belleville, Ontario became new CMAs as of the 2016 Census. Fredericton, New Brunswick; Drummondville, Quebec; Red Deer, Alberta; Kamloops, British Columbia; Chilliwack, British Columbia and Nanaimo, British Columbia became new CMAs as of the 2021 Census.",Geography,"Peterborough, Ontario [35529]"
35-10-0026-01,8,"Abbotsford-Mission, British Columbia and Kingston, Ontario became new census metropolitan areas (CMAs) as of the 2001 Census. Moncton, New Brunswick, Peterborough, Ontario, Brantford, Ontario, Guelph, Ontario, Barrie, Ontario, and Kelowna, British Columbia became new CMAs as of the 2006 Census. Lethbridge, Alberta and Belleville, Ontario became new CMAs as of the 2016 Census. Fredericton, New Brunswick; Drummondville, Quebec; Red Deer, Alberta; Kamloops, British Columbia; Chilliwack, British Columbia and Nanaimo, British Columbia became new CMAs as of the 2021 Census.",Geography,"Brantford, Ontario [35543]"
35-10-0026-01,8,"Abbotsford-Mission, British Columbia and Kingston, Ontario became new census metropolitan areas (CMAs) as of the 2001 Census. Moncton, New Brunswick, Peterborough, Ontario, Brantford, Ontario, Guelph, Ontario, Barrie, Ontario, and Kelowna, British Columbia became new CMAs as of the 2006 Census. Lethbridge, Alberta and Belleville, Ontario became new CMAs as of the 2016 Census. Fredericton, New Brunswick; Drummondville, Quebec; Red Deer, Alberta; Kamloops, British Columbia; Chilliwack, British Columbia and Nanaimo, British Columbia became new CMAs as of the 2021 Census.",Geography,"Guelph, Ontario [35550]"
35-10-0026-01,8,"Abbotsford-Mission, British Columbia and Kingston, Ontario became new census metropolitan areas (CMAs) as of the 2001 Census. Moncton, New Brunswick, Peterborough, Ontario, Brantford, Ontario, Guelph, Ontario, Barrie, Ontario, and Kelowna, British Columbia became new CMAs as of the 2006 Census. Lethbridge, Alberta and Belleville, Ontario became new CMAs as of the 2016 Census. Fredericton, New Brunswick; Drummondville, Quebec; Red Deer, Alberta; Kamloops, British Columbia; Chilliwack, British Columbia and Nanaimo, British Columbia became new CMAs as of the 2021 Census.",Geography,"Barrie, Ontario [35568]"
35-10-0026-01,8,"Abbotsford-Mission, British Columbia and Kingston, Ontario became new census metropolitan areas (CMAs) as of the 2001 Census. Moncton, New Brunswick, Peterborough, Ontario, Brantford, Ontario, Guelph, Ontario, Barrie, Ontario, and Kelowna, British Columbia became new CMAs as of the 2006 Census. Lethbridge, Alberta and Belleville, Ontario became new CMAs as of the 2016 Census. Fredericton, New Brunswick; Drummondville, Quebec; Red Deer, Alberta; Kamloops, British Columbia; Chilliwack, British Columbia and Nanaimo, British Columbia became new CMAs as of the 2021 Census.",Geography,"Kelowna, British Columbia [59915]"
35-10-0026-01,8,"Abbotsford-Mission, British Columbia and Kingston, Ontario became new census metropolitan areas (CMAs) as of the 2001 Census. Moncton, New Brunswick, Peterborough, Ontario, Brantford, Ontario, Guelph, Ontario, Barrie, Ontario, and Kelowna, British Columbia became new CMAs as of the 2006 Census. Lethbridge, Alberta and Belleville, Ontario became new CMAs as of the 2016 Census. Fredericton, New Brunswick; Drummondville, Quebec; Red Deer, Alberta; Kamloops, British Columbia; Chilliwack, British Columbia and Nanaimo, British Columbia became new CMAs as of the 2021 Census.",Geography,"Belleville-Quinte West, Ontario [35522]"
35-10-0026-01,8,"Abbotsford-Mission, British Columbia and Kingston, Ontario became new census metropolitan areas (CMAs) as of the 2001 Census. Moncton, New Brunswick, Peterborough, Ontario, Brantford, Ontario, Guelph, Ontario, Barrie, Ontario, and Kelowna, British Columbia became new CMAs as of the 2006 Census. Lethbridge, Alberta and Belleville, Ontario became new CMAs as of the 2016 Census. Fredericton, New Brunswick; Drummondville, Quebec; Red Deer, Alberta; Kamloops, British Columbia; Chilliwack, British Columbia and Nanaimo, British Columbia became new CMAs as of the 2021 Census.",Geography,"Lethbridge, Alberta [48810]"
35-10-0026-01,8,"Abbotsford-Mission, British Columbia and Kingston, Ontario became new census metropolitan areas (CMAs) as of the 2001 Census. Moncton, New Brunswick, Peterborough, Ontario, Brantford, Ontario, Guelph, Ontario, Barrie, Ontario, and Kelowna, British Columbia became new CMAs as of the 2006 Census. Lethbridge, Alberta and Belleville, Ontario became new CMAs as of the 2016 Census. Fredericton, New Brunswick; Drummondville, Quebec; Red Deer, Alberta; Kamloops, British Columbia; Chilliwack, British Columbia and Nanaimo, British Columbia became new CMAs as of the 2021 Census.",Geography,"Fredericton, New Brunswick [13320]"
35-10-0026-01,8,"Abbotsford-Mission, British Columbia and Kingston, Ontario became new census metropolitan areas (CMAs) as of the 2001 Census. Moncton, New Brunswick, Peterborough, Ontario, Brantford, Ontario, Guelph, Ontario, Barrie, Ontario, and Kelowna, British Columbia became new CMAs as of the 2006 Census. Lethbridge, Alberta and Belleville, Ontario became new CMAs as of the 2016 Census. Fredericton, New Brunswick; Drummondville, Quebec; Red Deer, Alberta; Kamloops, British Columbia; Chilliwack, British Columbia and Nanaimo, British Columbia became new CMAs as of the 2021 Census.",Geography,"Drummondville, Quebec [24447]"
35-10-0026-01,8,"Abbotsford-Mission, British Columbia and Kingston, Ontario became new census metropolitan areas (CMAs) as of the 2001 Census. Moncton, New Brunswick, Peterborough, Ontario, Brantford, Ontario, Guelph, Ontario, Barrie, Ontario, and Kelowna, British Columbia became new CMAs as of the 2006 Census. Lethbridge, Alberta and Belleville, Ontario became new CMAs as of the 2016 Census. Fredericton, New Brunswick; Drummondville, Quebec; Red Deer, Alberta; Kamloops, British Columbia; Chilliwack, British Columbia and Nanaimo, British Columbia became new CMAs as of the 2021 Census.",Geography,"Red Deer, Alberta [48830]"
35-10-0026-01,8,"Abbotsford-Mission, British Columbia and Kingston, Ontario became new census metropolitan areas (CMAs) as of the 2001 Census. Moncton, New Brunswick, Peterborough, Ontario, Brantford, Ontario, Guelph, Ontario, Barrie, Ontario, and Kelowna, British Columbia became new CMAs as of the 2006 Census. Lethbridge, Alberta and Belleville, Ontario became new CMAs as of the 2016 Census. Fredericton, New Brunswick; Drummondville, Quebec; Red Deer, Alberta; Kamloops, British Columbia; Chilliwack, British Columbia and Nanaimo, British Columbia became new CMAs as of the 2021 Census.",Geography,"Kamloops, British Columbia [59925]"
35-10-0026-01,8,"Abbotsford-Mission, British Columbia and Kingston, Ontario became new census metropolitan areas (CMAs) as of the 2001 Census. Moncton, New Brunswick, Peterborough, Ontario, Brantford, Ontario, Guelph, Ontario, Barrie, Ontario, and Kelowna, British Columbia became new CMAs as of the 2006 Census. Lethbridge, Alberta and Belleville, Ontario became new CMAs as of the 2016 Census. Fredericton, New Brunswick; Drummondville, Quebec; Red Deer, Alberta; Kamloops, British Columbia; Chilliwack, British Columbia and Nanaimo, British Columbia became new CMAs as of the 2021 Census.",Geography,"Chilliwack, British Columbia [59930]"
35-10-0026-01,8,"Abbotsford-Mission, British Columbia and Kingston, Ontario became new census metropolitan areas (CMAs) as of the 2001 Census. Moncton, New Brunswick, Peterborough, Ontario, Brantford, Ontario, Guelph, Ontario, Barrie, Ontario, and Kelowna, British Columbia became new CMAs as of the 2006 Census. Lethbridge, Alberta and Belleville, Ontario became new CMAs as of the 2016 Census. Fredericton, New Brunswick; Drummondville, Quebec; Red Deer, Alberta; Kamloops, British Columbia; Chilliwack, British Columbia and Nanaimo, British Columbia became new CMAs as of the 2021 Census.",Geography,"Nanaimo, British Columbia [59938]"
35-10-0026-01,9,Crime data from April to December 2004 for Winnipeg are estimates (except for homicide and motor vehicle theft) due to the implementation of a new records management system. Use with caution when comparing these data with prior years.,Geography,"Winnipeg, Manitoba [46602]"
35-10-0026-01,10,"Approximately half of the vehicle thefts in Winnipeg in 2007 were attempts, higher than the national average of about 15%. Both the decrease in the number of completed vehicle thefts in Winnipeg, as well as the increase in attempted thefts, may be attributed to the new provincial requirement for specific high-risk vehicles to be equipped with immobilizers, rendering these vehicles much more difficult to steal.",Geography,"Winnipeg, Manitoba [46602]"
35-10-0026-01,11,"Prior to 1999, a number of Royal Canadian Mounted Police (RCMP) detachments in Saskatchewan were double counting the number of actual offences of impaired driving. This over-counting was corrected in 1999, therefore, comparisons with previous years should be made with caution. It is recommended that the analysis of impaired driving be based on persons charged data rather than actual offences.",Geography,Saskatchewan [47]
35-10-0026-01,12,"Data for 2001 include estimates for 3 months for the Vancouver police service and 2 months for the Port Moody police service, covering the phase-in period required for a new records management system. In addition, from September 2000 to September 2001, as a result of labour action, there were decreases in the number of crimes reported to the Vancouver police service for certain offences. As a result, the number of Criminal Code offences reported by Vancouver were affected during this period.",Geography,"Vancouver, British Columbia [59933]"
35-10-0026-01,13,"As a result of ongoing investigations in Port Coquitlam, British Columbia, there were 5 homicides reported in the Vancouver census metropolitan area (CMA) total for 2007, 5 reported in 2004, 7 reported in 2003 and 15 included in 2002 that occurred in previous years. Homicides are counted according to the year in which police file the report.",Geography,"Vancouver, British Columbia [59933]"
35-10-0026-01,14,"In 2004, Vancouver police service changed their scoring procedures for reporting impaired driving incidents to include all incidents of impaired driving, not just those resulting in a charge being laid, meaning that incidents cleared by other means, (for example, roadside suspension) are now included. This resulted in almost 1,900 additional incidents being reported in 2004 compared to 2003. Use with caution when comparing these data with prior years.",Geography,"Vancouver, British Columbia [59933]"
35-10-0026-01,15,"1998 data in this table for Northwest Territories also includes Nunavut. In 1999, Nunavut, which comprises the eastern part of the old Northwest Territories, officially became a Canadian territory. Starting in 1999, data are displayed separately for the Northwest Territories and Nunavut.",Geography,Northwest Territories [61]
35-10-0026-01,15,"1998 data in this table for Northwest Territories also includes Nunavut. In 1999, Nunavut, which comprises the eastern part of the old Northwest Territories, officially became a Canadian territory. Starting in 1999, data are displayed separately for the Northwest Territories and Nunavut.",Geography,Nunavut [62]
35-10-0026-01,16,"The crime severity index includes all Criminal Code violations including traffic, as well as drug violations and all Federal Statutes.",Statistics,Crime severity index
35-10-0026-01,17,This represents the year-over-year (current year over last year) percentage change.,Statistics,Percent change in crime severity index
35-10-0026-01,17,This represents the year-over-year (current year over last year) percentage change.,Statistics,Percent change in violent crime severity index
35-10-0026-01,17,This represents the year-over-year (current year over last year) percentage change.,Statistics,Percent change in non-violent crime severity index
35-10-0026-01,18,The violent crime severity index includes all Incident-based Uniform Crime Reporting Survey (UCR2) violent violations.,Statistics,Violent crime severity index
35-10-0026-01,19,"The non-violent crime severity index includes all non-violent Criminal Code violations including traffic, as well as drug violations and all Federal Statutes.",Statistics,Non-violent crime severity index
35-10-0026-01,20,"The Crime Severity Index (CSI) measures changes in the level of severity of crime in Canada from year to year. In the index, all crimes are assigned a weight based on their seriousness. The level of seriousness is based on actual sentences handed down by the courts in all provinces and territories. More serious crimes are assigned higher weights, less serious offences lower weights. As a result, more serious offences have a greater impact on changes in the index. The PRCSI is standardized to 100 in base year 2006. CSI weights are updated using data from the Integrated Criminal Courts Survey (ICCS) every 5 years. 2022 marks the third update to the CSI weights since 1998. 2021 revised and 2022 CSI data are presented here using the updated weights and may have a marginal impact on the CSI data itself.",Statistics,Crime severity index
35-10-0026-01,21,"The Crime Severity Index is not available for police services or detachments with populations less than 1,000. Data for police services or detachments with populations less than 5,000 should be used with caution.",Statistics,Crime severity index
35-10-0026-01,22,"The weighted clearance rate is based on the same principles as the Police Reported Crime Severity Index, whereby more serious offences are assigned a higher ""weight"" than less serious offences. For example, the clearing of a homicide, would represent a greater contribution to the overall weighted clearance rate value than the clearing of a minor theft. The clearance counts used in the weighted clearance rates are based on the number of incidents cleared each year which includes incidents reported in that year, as well as those reported in previous years.  As a result, the weighted clearance rate should not be interpreted as the proportion of incidents reported in the reference year that were cleared. Rather, it reflects police clearance activity in a given year relative to the volume and seriousness of crime reported in that year.",Statistics,Weighted clearance rate
35-10-0026-01,23,"The Youth Crime Severity Index is based on the same principles as the Overall Crime Severity Index, which reflects the relative seriousness of different offences, but uses the number of youths accused instead of an incident count.",Statistics,Youth crime severity index
35-10-0026-01,24,The 2009 Sherbrooke clearance rate is exceptionally high because of dedicated efforts throughout the year to update the database before a major conversion in informatics.,Geography,"Sherbrooke, Quebec [24433]"
35-10-0026-01,25,"In 2009, slight changes were made to the respondent-to-CMA mapping for this census metropolitan area (CMA) which have resulted in minor revisions to previously published data.",Geography,"Toronto, Ontario [35535]"
35-10-0026-01,25,"In 2009, slight changes were made to the respondent-to-CMA mapping for this census metropolitan area (CMA) which have resulted in minor revisions to previously published data.",Geography,"Hamilton, Ontario [35537]"
35-10-0026-01,26,There is no youth crime severity index data available for census metropolitan areas (CMAs).,Statistics,Youth crime severity index
35-10-0026-01,27,"Data for Sherbrooke were not available in 2010, and therefore have been copied over from 2009 at the request of the police service.",Geography,"Sherbrooke, Quebec [24433]"
35-10-0026-01,28,"Clearance data for Montreal were not available in 2010, and therefore have been estimated based on clearance information from previous years.",Geography,"Montréal, Quebec [24462]"
35-10-0026-01,29,This represents the year-over-year (current year over last year) percentage change.,Statistics,Percent change in youth crime severity index
35-10-0026-01,29,This represents the year-over-year (current year over last year) percentage change.,Statistics,Percent change in youth violent crime severity index
35-10-0026-01,29,This represents the year-over-year (current year over last year) percentage change.,Statistics,Percent change in youth non-violent crime severity index
35-10-0026-01,29,This represents the year-over-year (current year over last year) percentage change.,Statistics,Percent change in weighted clearance rate
35-10-0026-01,29,This represents the year-over-year (current year over last year) percentage change.,Statistics,Percent change in violent weighted clearance rate
35-10-0026-01,29,This represents the year-over-year (current year over last year) percentage change.,Statistics,Percent change in non-violent weighted clearance rate
35-10-0026-01,30,"The youth violent crime severity index includes all Incident-based Uniform Crime Reporting Survey (UCR2) violent violations, some of which were not previously included in the aggregate violent crime category, including uttering threats, criminal harassment and forcible confinement.",Statistics,Youth violent crime severity index
35-10-0026-01,31,"The youth non-violent crime severity index includes all non-violent Criminal Code violations including traffic, as well as drug violations and all Federal Statutes.",Statistics,Youth non-violent crime severity index
35-10-0026-01,32,"Youth crime in British Columbia may be somewhat undercounted due to the Crown charge-approval system in place whereby, even for minor offences, there must be approval by the Crown before charges are laid after police have made an arrest. This approval is based on the substantial likelihood of conviction.",Geography,British Columbia [59]
35-10-0026-01,33,"With the release of 2012 data, revised population estimates at the respondent level were applied back to and including 2004. This resulted in boundary changes for the census metropolitan area (CMA) of Saint John for 2005 to 2011 and for Winnipeg for 2011. Crime data for these years for these respondents have therefore been revised.",,
35-10-0026-01,33,"With the release of 2012 data, revised population estimates at the respondent level were applied back to and including 2004. This resulted in boundary changes for the census metropolitan area (CMA) of Saint John for 2005 to 2011 and for Winnipeg for 2011. Crime data for these years for these respondents have therefore been revised.",Geography,"Saint John, New Brunswick [13310]"
35-10-0026-01,33,"With the release of 2012 data, revised population estimates at the respondent level were applied back to and including 2004. This resulted in boundary changes for the census metropolitan area (CMA) of Saint John for 2005 to 2011 and for Winnipeg for 2011. Crime data for these years for these respondents have therefore been revised.",Geography,"Winnipeg, Manitoba [46602]"
35-10-0026-01,34,"In 2012, it was discovered that the Montreal Police Service had been incorrectly applying the agreed upon definition for reporting child pornography incidents to the Uniform Crime Reporting Survey (UCR2). As such, the number of violations has been revised for the years 2008 to 2011.",Geography,Canada
35-10-0026-01,34,"In 2012, it was discovered that the Montreal Police Service had been incorrectly applying the agreed upon definition for reporting child pornography incidents to the Uniform Crime Reporting Survey (UCR2). As such, the number of violations has been revised for the years 2008 to 2011.",Geography,Quebec [24]
35-10-0026-01,34,"In 2012, it was discovered that the Montreal Police Service had been incorrectly applying the agreed upon definition for reporting child pornography incidents to the Uniform Crime Reporting Survey (UCR2). As such, the number of violations has been revised for the years 2008 to 2011.",Geography,"Montréal, Quebec [24462]"
35-10-0026-01,35,"Police reported statistics may be affected by differences in the way police services deal with minor offences. In some instances, police or municipalities might chose to deal with some minor offences using municipal by-laws or provincial provisions rather than Criminal Code provisions. Counts are based on the most serious violation in the incident.",,
35-10-0026-01,36,"With the release of 2013 data, revised population estimates at the respondent level were applied back to and including 2011. This resulted in boundary changes for the census metropolitan area (CMA) of Saguenay. Crime data for these years for this respondent have therefore been revised.",Geography,"Saguenay, Quebec [24408]"
35-10-0026-01,37,"Part way through 2013, the Royal Canadian Mounted Police revised policing boundaries for rural detachments in New Brunswick. This resulted in a change in the census metropolitan area (CMA) boundaries that are determined for the purpose of reporting crime statistics. As such, 2013 data for the New Brunswick CMAs of Saint John and Moncton are not comparable to previous or future years. Further, data from 2014 onward are not comparable to years prior to 2014.",Geography,"Saint John, New Brunswick [13310]"
35-10-0026-01,37,"Part way through 2013, the Royal Canadian Mounted Police revised policing boundaries for rural detachments in New Brunswick. This resulted in a change in the census metropolitan area (CMA) boundaries that are determined for the purpose of reporting crime statistics. As such, 2013 data for the New Brunswick CMAs of Saint John and Moncton are not comparable to previous or future years. Further, data from 2014 onward are not comparable to years prior to 2014.",Geography,"Moncton, New Brunswick [13305]"
35-10-0026-01,38,"Between April 1 and September 30 2014, the British Columbia Integrated Child Exploitation Unit (BC ICE) undertook a proactive project to record Internet Protocol (IP) addresses in possession of, and possibly sharing child pornography. This resulted in an increase in reported child pornography violations that year and all incidents detected by the BC ICE unit were recorded in the records management system used by Surrey Police Service. Therefore, while the incidents were reported through Surrey and appear in crime statistics for Surrey (and the Vancouver census metropolitan area [CMA] as Surrey is within this CMA's boundaries), neither the incidents themselves nor the offenders are limited to Surrey.",Geography,"Vancouver, British Columbia [59933]"
35-10-0026-01,39,"The increase in incidents of child pornography between 2014 and 2015 can be in part attributed to a proactive project initiated by the British Columbia Integrated Child Exploitation Unit which recorded Internet Protocol (IP) addresses that were in possession of, and possibly sharing child pornography. As the initiative focused on Victoria in 2015, notable increases in these offences were reported by this jurisdiction.",Geography,"Victoria, British Columbia [59935]"
35-10-0026-01,40,"The increase in incidents of child pornography between 2015 and 2016 in Vancouver can be in part attributed to a proactive project initiated by the British Columbia Integrated Child Exploitation Unit which recorded Internet Protocol (IP) addresses that were in possession of, and possibly sharing child pornography. As the initiative focused on Vancouver in 2016, notable increases in these offences were reported by this jurisdiction. As a result, comparison with previous years should be done with caution.",Geography,"Vancouver, British Columbia [59933]"
35-10-0026-01,41,"In 2016, the Royal Canadian Mounted Police (RCMP) detachment in Montréal underwent an exercise in making corrective measures to address under-counting of incidents importation/exportation and trafficking of drug offences. In response, Statistics Canada applied estimates to the 2015 revised data. As a result, numbers and rates from 2015 onwards should not be compared to data prior to 2015.",Geography,Quebec [24]
35-10-0026-01,41,"In 2016, the Royal Canadian Mounted Police (RCMP) detachment in Montréal underwent an exercise in making corrective measures to address under-counting of incidents importation/exportation and trafficking of drug offences. In response, Statistics Canada applied estimates to the 2015 revised data. As a result, numbers and rates from 2015 onwards should not be compared to data prior to 2015.",Geography,"Montréal, Quebec [24462]"
35-10-0026-01,42,"In 2018, Saint John Municipal Police Service identified a data processing issue that affected certain violations including: sexual assault (1310, 1320, 1330), assault with a weapon or causing bodily harm (1420), failure to appear (3510), failure to comply with order (3410) and breach of probation (3520). As such, estimations were applied for 2016 and 2017. Data should therefore be used with caution.",Geography,"Saint John, New Brunswick [13310]"
35-10-0026-01,43,"The decrease in the Crime Severity Index (CSI) in Saskatchewan is partly attributable to a change in the classification of some incidents involving alcohol consumption on a dry reserve. These incidents were previously reported by some police services as violations under the Indian Act and included in “other federal statues” (6900). In 2017, due to information from the Federal Prosecutors Indigenous community by-law infractions will no longer be prosecuted under the Indian Act, these detachments began reporting these types of offences as mischief (2170) or disturbing the peace (3430) under the Criminal Code, which have a lower weight in the CSI than federal statute offences.",Geography,Saskatchewan [47]
35-10-0026-01,44,"In January 2018, the Uniform Crime Reporting Survey (UCR) definitions of “founded” and “unfounded” criminal incidents were updated to reflect a more victim-centred approach for recording crimes that consider the complexities of certain offences such as sexual assault, family violence and intimate partner violence. Under the new reporting standards, specific offences may be more likely reported by police as founded rather than unfounded (or unsubstantiated), which would exclude them from police-reported crime rates and crime severity indices. Data for 2019 represent the first complete year of UCR data collected under the new reporting standards.  As a result, for selected violations and police services, the actual proportion of incidents in 2019 that were classified as “not cleared” has increased. Use caution when comparing these data with prior years.",,
35-10-0026-01,45,"Part of the overall increase in police-reported crime in British Columbia and some of its census metropolitan areas in 2019 may be attributed to the implementation of new reporting standards for classifying incidents. More specifically, in January 2018, the Uniform Crime Reporting Survey (UCR) definitions of “founded” and “unfounded” criminal incidents were updated to reflect a more victim-centred approach for recording crimes. While the effective date for the change was January 2018 and many police services adopted the new standards that year, some police services, including all of the RCMP detachments across Canada and the municipal police services in British Columbia, transitioned to the new standards on January 1, 2019. Additionally, police services in British Columbia undertook a uniform training strategy to further standardize reporting throughout the province. The new reporting standards were expected to result in an increase in crime rates over time.",Geography,British Columbia [59]
35-10-0026-01,46,"In Kelowna in 2019, a national Royal Canadian Mounted Police (RCMP) Sexual Assault Review Team undertook a review of current and historical sexual assault cases in the RCMP detachment in Kelowna to ensure appropriate use of the reporting standards for classifying incidents as founded or unfounded. As a result, Kelowna’s 2018 statistics for sexual assault have been revised from the original counts released in July 2019. As well, the file review and adoption of the new incident clearance codes have likely contributed to a notably higher number of sexual assault incidents when compared to previous years.",Geography,"Kelowna, British Columbia [59915]"
35-10-0026-01,47,"A high crime rate or Crime Severity Index (CSI) may indicate that a municipality is a geographical area that provides commercial business, human or public services, or entertainment for many people who reside outside, as well as inside, the municipality. As a result, these municipalities may have large part-time or temporary populations which are excluded from both their population bases and their crime rate and CSI calculations.",,
35-10-0026-01,48,"Population figures reflect only the permanent or resident population of a jurisdiction. Where a jurisdiction serves as the centre for commercial businesses, human or public services, or entertainment, it may have substantial “part-time” populations, e.g., tourists, cabin owners, commuters, students, and seasonal staff. These temporary populations, whose permanent residence is within another jurisdiction, are excluded from a jurisdiction’s population figures. This may be a factor to consider when examining the crime rate and Crime Severity Index for some municipalities.",Statistics,Crime severity index
35-10-0026-01,48,"Population figures reflect only the permanent or resident population of a jurisdiction. Where a jurisdiction serves as the centre for commercial businesses, human or public services, or entertainment, it may have substantial “part-time” populations, e.g., tourists, cabin owners, commuters, students, and seasonal staff. These temporary populations, whose permanent residence is within another jurisdiction, are excluded from a jurisdiction’s population figures. This may be a factor to consider when examining the crime rate and Crime Severity Index for some municipalities.",Statistics,Violent crime severity index
35-10-0026-01,48,"Population figures reflect only the permanent or resident population of a jurisdiction. Where a jurisdiction serves as the centre for commercial businesses, human or public services, or entertainment, it may have substantial “part-time” populations, e.g., tourists, cabin owners, commuters, students, and seasonal staff. These temporary populations, whose permanent residence is within another jurisdiction, are excluded from a jurisdiction’s population figures. This may be a factor to consider when examining the crime rate and Crime Severity Index for some municipalities.",Statistics,Non-violent crime severity index
35-10-0026-01,48,"Population figures reflect only the permanent or resident population of a jurisdiction. Where a jurisdiction serves as the centre for commercial businesses, human or public services, or entertainment, it may have substantial “part-time” populations, e.g., tourists, cabin owners, commuters, students, and seasonal staff. These temporary populations, whose permanent residence is within another jurisdiction, are excluded from a jurisdiction’s population figures. This may be a factor to consider when examining the crime rate and Crime Severity Index for some municipalities.",Statistics,Youth crime severity index
35-10-0026-01,48,"Population figures reflect only the permanent or resident population of a jurisdiction. Where a jurisdiction serves as the centre for commercial businesses, human or public services, or entertainment, it may have substantial “part-time” populations, e.g., tourists, cabin owners, commuters, students, and seasonal staff. These temporary populations, whose permanent residence is within another jurisdiction, are excluded from a jurisdiction’s population figures. This may be a factor to consider when examining the crime rate and Crime Severity Index for some municipalities.",Statistics,Youth violent crime severity index
35-10-0026-01,48,"Population figures reflect only the permanent or resident population of a jurisdiction. Where a jurisdiction serves as the centre for commercial businesses, human or public services, or entertainment, it may have substantial “part-time” populations, e.g., tourists, cabin owners, commuters, students, and seasonal staff. These temporary populations, whose permanent residence is within another jurisdiction, are excluded from a jurisdiction’s population figures. This may be a factor to consider when examining the crime rate and Crime Severity Index for some municipalities.",Statistics,Youth non-violent crime severity index
35-10-0026-01,49,"Due to unforeseen circumstances, Saint John Police Service was unable to submit Uniform Crime Reporting (UCR) Survey data for November and December 2020 and as such estimates at the violation level were produced. Estimates were created using available data for Saint John in 2019 along with their 2020 data submissions from April to October to take into account any differences related to the COVID-19 pandemic.",Geography,"Saint John, New Brunswick [13310]"
35-10-0026-01,50,"In 2020, the Vancouver census metropolitan area (CMA) in British Columbia accounted for 56% of all importation or exportation offences reported under the Cannabis Act (4,194 of the 7,552 offences reported nationally). The high proportion of offences was due in part to seizure cases, conducted by the Canada Border Services Agency and the Canada Post Mail Centre in the Vancouver CMA, being forwarded for processing and investigation to the Royal Canadian Mounted Police (RCMP). As a result of this exchange, the year in which occurrences were reported by the RCMP may not always correspond to the year in which they occurred.",Geography,"Vancouver, British Columbia [59933]"
35-10-0026-01,51,"In 2020, the Montréal census metropolitan area (CMA) in Quebec accounted for the majority of the national decrease in importation or exportation offences reported under the Cannabis Act, decreasing 72% (4,180 fewer incidents) from 2019 to 2020. The large decrease in offences year-over-year was due in part to fewer postal seizures and seizures conducted by the Canada Border Services Agency in Montréal since the beginning of the COVID-19 pandemic.",Geography,"Montréal, Quebec [24462]"
35-10-0026-01,52,"It is important to note that while official police-reported data on crime from the Uniform Crime Reporting (UCR) Survey use Statistics Canada's standard Census Metropolitan Area (CMA) names, the boundaries for the policing-based CMAs do not always fully align with the standard CMA geographic units used for disseminating information about the Census of Population.",,
35-10-0026-01,52,"It is important to note that while official police-reported data on crime from the Uniform Crime Reporting (UCR) Survey use Statistics Canada's standard Census Metropolitan Area (CMA) names, the boundaries for the policing-based CMAs do not always fully align with the standard CMA geographic units used for disseminating information about the Census of Population.",Geography,Canada
35-10-0026-01,54,Police service Census Metropolitan Area (CMA) and respondent populations are created using the July 1 Census subdivision (CSD) population estimates prepared by the Centre for Demography at Statistics Canada. Variations might exist between the CSD estimates for Alberta used for the period from 2016 to 2020 and those produced by the Alberta Office of Statistics and Information.,,
35-10-0026-01,54,Police service Census Metropolitan Area (CMA) and respondent populations are created using the July 1 Census subdivision (CSD) population estimates prepared by the Centre for Demography at Statistics Canada. Variations might exist between the CSD estimates for Alberta used for the period from 2016 to 2020 and those produced by the Alberta Office of Statistics and Information.,Geography,Alberta [48]
35-10-0026-01,55,"The Crime Severity Index (CSI) is an area-based measure that summarizes police-reported crime in an area as an index value. The CSI was developed to complement the conventional crime rate and other indicators by considering both the number and severity of crimes in a given area. The CSI is not an indicator of overall safety and should be interpreted in the broader community context. For more information, see “Understanding and using the Crime Severity Index” on Statistics Canada’s Crime and Justice subject hub.",,
35-10-0026-01,56,The census metropolitan area (CMA) of Belleville-Quinte West was formerly known as Belleville.,Geography,"Belleville-Quinte West, Ontario [35522]"
35-10-0026-01,57,"Data for the months of November, December 2024 and January, February 2025 from Kingston Police may be undercounted due to a cyber-attack.",Geography,"Kingston, Ontario [35521]"
35-10-0026-01,58,Crime data from September to December 2024 for Brantford are estimates (except for homicides) due to delays in recording and validating incidents in their records management system. Use with caution when comparing these data with prior years.,Geography,"Brantford, Ontario [35543]"
35-10-0026-01,59,"In 2025, Saint John Police Force (SJPF) transitioned to a new Records Management System (RMS). Some incongruencies between the legacy system and the new system may have resulted in the underreporting of counts for selected violations in 2024 and part of 2025. Data should be interpreted with caution during this RMS transition period.",Geography,"Saint John, New Brunswick [13310]"
35-10-0026-01,60,"Data for 2025 are missing national security-related incidents from the Royal Canadian Mounted Police (RCMP) from May to December 2025. National security-related incidents may be undercounted, including offences such as terrorism, violent extremism, espionage and sabotage.",Geography,Canada
35-10-0188-01,1,"The crime severity index is calculated using Incident-based Uniform Crime Reporting Survey (UCR2) data. Incident-based UCR2 data are not available for all respondents. In order to report this level of detail for police services still reporting to the Aggregate Uniform Crime Reporting Survey (UCR) over this time, a process of imputation was applied to derive counts for violations that do not exist on their own in the aggregate survey. For approximately 80% of the aggregate offence codes, there is a 1:1 mapping with a new incident-based violation code. For violations where this was not the case, such as the aggregate other Criminal Code category, it was necessary to estimate (impute) this figure using the distribution of other Criminal Code offences from existing Incident-based UCR2 respondents.",,
35-10-0188-01,2,"During the production of each year's crime statistics, data from the previous year are revised to reflect any updates or changes that have been received from the police services. For more information on the concepts, methods and quality of the data contained in this table, please contact the Canadian Centre for Justice and Community Safety Statistics at statcan.ccjcss-ccsjsc.statcan@statcan.gc.ca.",,
35-10-0188-01,3,"The crime severity index includes all Criminal Code violations including traffic, as well as drug violations and all Federal Statutes.",Statistics,Crime severity index
35-10-0188-01,4,This represents the year-over-year (current year over last year) percentage change.,Statistics,Percent change in crime severity index
35-10-0188-01,4,This represents the year-over-year (current year over last year) percentage change.,Statistics,Percent change in violent crime severity index
35-10-0188-01,4,This represents the year-over-year (current year over last year) percentage change.,Statistics,Percent change in non-violent crime severity index
35-10-0188-01,4,This represents the year-over-year (current year over last year) percentage change.,Statistics,Percent change in youth crime severity index
35-10-0188-01,4,This represents the year-over-year (current year over last year) percentage change.,Statistics,Percent change in youth violent crime severity index
35-10-0188-01,4,This represents the year-over-year (current year over last year) percentage change.,Statistics,Percent change in youth non-violent crime severity index
35-10-0188-01,4,This represents the year-over-year (current year over last year) percentage change.,Statistics,Percent change in weighted clearance rate
35-10-0188-01,4,This represents the year-over-year (current year over last year) percentage change.,Statistics,Percent change in violent weighted clearance rate
35-10-0188-01,4,This represents the year-over-year (current year over last year) percentage change.,Statistics,Percent change in non-violent weighted clearance rate
35-10-0188-01,5,The violent crime severity index includes all Incident-based Uniform Crime Reporting Survey (UCR2) violent violations.,Statistics,Violent crime severity index
35-10-0188-01,5,The violent crime severity index includes all Incident-based Uniform Crime Reporting Survey (UCR2) violent violations.,Statistics,Youth violent crime severity index
35-10-0188-01,6,"The non-violent crime severity index includes all non-violent Criminal Code violations including traffic, as well as drug violations and all Federal Statutes.",Statistics,Non-violent crime severity index
35-10-0188-01,6,"The non-violent crime severity index includes all non-violent Criminal Code violations including traffic, as well as drug violations and all Federal Statutes.",Statistics,Youth non-violent crime severity index
35-10-0188-01,7,"The Crime Severity Index (CSI) measures changes in the level of severity of crime in Canada from year to year. In the index, all crimes are assigned a weight based on their seriousness. The level of seriousness is based on actual sentences handed down by the courts in all provinces and territories. More serious crimes are assigned higher weights, less serious offences lower weights. As a result, more serious offences have a greater impact on changes in the index. The PRCSI is standardized to 100 in base year 2006. CSI weights are updated using data from the Integrated Criminal Courts Survey (ICCS) every 5 years. 2022 marks the third update to the CSI weights since 1998. 2021 revised and 2022 CSI data are presented here using the updated weights and may have a marginal impact on the CSI data itself.",Statistics,Crime severity index
35-10-0188-01,8,"The Crime Severity Index is not available for police services or detachments with populations less than 1,000. Data for police services or detachments with populations less than 5,000 should be used with caution.",Statistics,Crime severity index
35-10-0188-01,9,"The weighted clearance rate is based on the same principles as the Police Reported Crime Severity Index, whereby more serious offences are assigned a higher ""weight"" than less serious offences. For example, the clearing of a homicide, would represent a greater contribution to the overall weighted clearance rate value than the clearing of a minor theft. The clearance counts used in the weighted clearance rates are based on the number of incidents cleared each year which includes incidents reported in that year, as well as those reported in previous years.  As a result, the weighted clearance rate should not be interpreted as the proportion of incidents reported in the reference year that were cleared. Rather, it reflects police clearance activity in a given year relative to the volume and seriousness of crime reported in that year.",Statistics,Weighted clearance rate
35-10-0188-01,10,"The Youth Crime Severity Index is based on the same principles as the Overall Crime Severity Index, which reflects the relative seriousness of different offences, but uses the number of youths accused instead of an incident count.",Statistics,Youth crime severity index
35-10-0188-01,11,There is no youth crime severity index data available for police services.,Statistics,Youth crime severity index
35-10-0188-01,11,There is no youth crime severity index data available for police services.,Statistics,Youth violent crime severity index
35-10-0188-01,11,There is no youth crime severity index data available for police services.,Statistics,Youth non-violent crime severity index
35-10-0188-01,12,"The weighted clearance rate is not available for police services or detachments with populations less than 1,000. Data for police services or detachments with populations less than 5,000 should be used with caution.",Statistics,Weighted clearance rate
35-10-0188-01,13,"During the revision of 2001 data for the province of Ontario, a discrepancy in methodology applied by the forces in the province using the Ontario Municipal and Provincial Police Automated Co-operative (OMPPAC) system was detected. These forces report approximately one-third of the total criminal incidents for the province and include the Ontario Provincial Police and about 60 small and mid-sized municipal forces. This discrepancy resulted in an over-count of less serious criminal incidents. During 2003 and 2004, the Canadian Centre for Justice Statistics (CCJS) consulted with affected police services and analyzed both historical Aggregate Uniform Crime Reporting Survey (UCR) data and more recent Incident-based Uniform Crime Reporting Survey (UCR2) microdata to determine the impact of this over-reporting. The effect at the Canada level was, on average, 1% per year from 1977 to 2000. This over-counting peaked in 1991, where it was estimated that the total crime rate for the country was over-estimated by approximately 1.8%. However, the overall historical trend changed very little. The impact in Ontario is more noticeable, but the overall trend is still very similar. On average, the effect was 2% to 3% per year, with the biggest change occurring in 1991, where the Ontario crime rate is 5% lower as a result of the adjustment. For further information, refer to the report: <A HREF=""http://www.statcan.gc.ca/imdb-bmdi/document/3302_D13_T9_V1-eng.pdf"">Summary of Historical Adjustments to Crime Data for Ontario 1977-2000</A>.",Geography,Ontario [35]
35-10-0188-01,14,"With the release of 2012 data, revised population estimates at the respondent level were applied back to and including 2004.",,
35-10-0188-01,15,"Police reported statistics may be affected by differences in the way police services deal with minor offences. In some instances, police or municipalities might chose to deal with some minor offences using municipal by-laws or provincial provisions rather than Criminal Code provisions. Counts are based on the most serious violation in the incident.",,
35-10-0188-01,16,"Crime data for 2012 are estimates. Therefore, please use caution when comparing these data with previous years.",Geography,"South Simcoe (Innisfil), Ontario, municipal [35275]"
35-10-0188-01,17,"The crime statistics reported for this police service contain a notable proportion of incidents that occur within the local correctional facility. For further details, contact the Canadian Centre for Justice and Community Safety Statistics at statcan.ccjcss-ccsjsc.statcan@statcan.gc.ca.",Geography,"Northumberland (Brighton), Ontario, Ontario Provincial Police, municipal [35016]"
35-10-0188-01,17,"The crime statistics reported for this police service contain a notable proportion of incidents that occur within the local correctional facility. For further details, contact the Canadian Centre for Justice and Community Safety Statistics at statcan.ccjcss-ccsjsc.statcan@statcan.gc.ca.",Geography,"Lennox and Addington County (Greater Napanee), Ontario, Ontario Provincial Police, municipal [35097]"
35-10-0188-01,17,"The crime statistics reported for this police service contain a notable proportion of incidents that occur within the local correctional facility. For further details, contact the Canadian Centre for Justice and Community Safety Statistics at statcan.ccjcss-ccsjsc.statcan@statcan.gc.ca.",Geography,"Kawartha Lakes, Ontario, municipal [35157]"
35-10-0188-01,17,"The crime statistics reported for this police service contain a notable proportion of incidents that occur within the local correctional facility. For further details, contact the Canadian Centre for Justice and Community Safety Statistics at statcan.ccjcss-ccsjsc.statcan@statcan.gc.ca.",Geography,"Southern Georgian Bay (Penetanguishene), Ontario, Ontario Provincial Police, municipal [35469]"
35-10-0188-01,17,"The crime statistics reported for this police service contain a notable proportion of incidents that occur within the local correctional facility. For further details, contact the Canadian Centre for Justice and Community Safety Statistics at statcan.ccjcss-ccsjsc.statcan@statcan.gc.ca.",Geography,"Penitentiary Squad, Ontario, Ontario Provincial Police, rural [35492]"
35-10-0188-01,17,"The crime statistics reported for this police service contain a notable proportion of incidents that occur within the local correctional facility. For further details, contact the Canadian Centre for Justice and Community Safety Statistics at statcan.ccjcss-ccsjsc.statcan@statcan.gc.ca.",Geography,"South Porcupine, Ontario, Ontario Provincial Police, rural [35580]"
35-10-0188-01,19,"Prior to 2016, all incidents of a Criminal Code violation which occurred within the Central East Correctional Centre (CECC) located in Lindsay, Ontario were reported under the Kawartha Lakes Police Service (35157). The majority of these offences were physical assault, breach of probation and prison unlawfully at large. In 2016, Statistics Canada began reporting the CECC data separately. As a result, comparison with previous years should be done with caution.",Geography,"Kawartha Lakes, Ontario, municipal [35157]"
35-10-0188-01,19,"Prior to 2016, all incidents of a Criminal Code violation which occurred within the Central East Correctional Centre (CECC) located in Lindsay, Ontario were reported under the Kawartha Lakes Police Service (35157). The majority of these offences were physical assault, breach of probation and prison unlawfully at large. In 2016, Statistics Canada began reporting the CECC data separately. As a result, comparison with previous years should be done with caution.",Geography,"Central East Correctional Centre, Ontario, municipal [35230]"
35-10-0188-01,20,"In 2016, The Cobourg Police Service underwent a number of changes in police reporting practices. Therefore, comparisons with data previous to 2016 should be made with caution.",Geography,"Cobourg, Ontario, municipal [35071]"
35-10-0188-01,21,"In 2015, the Ontario Provincial Police underwent an internal realignment of detachments. As a result of this realignment, an error occurred during CCJS data production. As such, data for Temiskaming (Temiskaming Shores) 35241 is missing for the years 2015 and 2016. For further details, contact the Canadian Centre for Justice and Community Safety Statistics at statcan.ccjcss-ccsjsc.statcan@statcan.gc.ca.",Geography,"Temiskaming, Ontario, Ontario Provincial Police, municipal [35241]"
35-10-0188-01,23,"In January 2018, the Uniform Crime Reporting Survey (UCR) definitions of “founded” and “unfounded” criminal incidents were updated to reflect a more victim-centred approach for recording crimes that consider the complexities of certain offences such as sexual assault, family violence and intimate partner violence. Under the new reporting standards, specific offences may be more likely reported by police as founded rather than unfounded (or unsubstantiated), which would exclude them from police-reported crime rates and crime severity indices. Data for 2019 represent the first complete year of UCR data collected under the new reporting standards.  As a result, for selected violations and police services, the actual proportion of incidents in 2019 that were classified as “not cleared” has increased. Use caution when comparing these data with prior years.",,
35-10-0188-01,24,"A high crime rate or Crime Severity Index (CSI) may indicate that a municipality is a geographical area that provides commercial business, human or public services, or entertainment for many people who reside outside, as well as inside, the municipality. As a result, these municipalities may have large part-time or temporary populations which are excluded from both their population bases and their crime rate and CSI calculations.",,
35-10-0188-01,25,"Population figures reflect only the permanent or resident population of a jurisdiction. Where a jurisdiction serves as the centre for commercial businesses, human or public services, or entertainment, it may have substantial “part-time” populations, e.g., tourists, cabin owners, commuters, students, and seasonal staff. These temporary populations, whose permanent residence is within another jurisdiction, are excluded from a jurisdiction’s population figures. This may be a factor to consider when examining the crime rate and Crime Severity Index for some municipalities.",Statistics,Crime severity index
35-10-0188-01,25,"Population figures reflect only the permanent or resident population of a jurisdiction. Where a jurisdiction serves as the centre for commercial businesses, human or public services, or entertainment, it may have substantial “part-time” populations, e.g., tourists, cabin owners, commuters, students, and seasonal staff. These temporary populations, whose permanent residence is within another jurisdiction, are excluded from a jurisdiction’s population figures. This may be a factor to consider when examining the crime rate and Crime Severity Index for some municipalities.",Statistics,Violent crime severity index
35-10-0188-01,25,"Population figures reflect only the permanent or resident population of a jurisdiction. Where a jurisdiction serves as the centre for commercial businesses, human or public services, or entertainment, it may have substantial “part-time” populations, e.g., tourists, cabin owners, commuters, students, and seasonal staff. These temporary populations, whose permanent residence is within another jurisdiction, are excluded from a jurisdiction’s population figures. This may be a factor to consider when examining the crime rate and Crime Severity Index for some municipalities.",Statistics,Non-violent crime severity index
35-10-0188-01,25,"Population figures reflect only the permanent or resident population of a jurisdiction. Where a jurisdiction serves as the centre for commercial businesses, human or public services, or entertainment, it may have substantial “part-time” populations, e.g., tourists, cabin owners, commuters, students, and seasonal staff. These temporary populations, whose permanent residence is within another jurisdiction, are excluded from a jurisdiction’s population figures. This may be a factor to consider when examining the crime rate and Crime Severity Index for some municipalities.",Statistics,Youth crime severity index
35-10-0188-01,25,"Population figures reflect only the permanent or resident population of a jurisdiction. Where a jurisdiction serves as the centre for commercial businesses, human or public services, or entertainment, it may have substantial “part-time” populations, e.g., tourists, cabin owners, commuters, students, and seasonal staff. These temporary populations, whose permanent residence is within another jurisdiction, are excluded from a jurisdiction’s population figures. This may be a factor to consider when examining the crime rate and Crime Severity Index for some municipalities.",Statistics,Youth violent crime severity index
35-10-0188-01,25,"Population figures reflect only the permanent or resident population of a jurisdiction. Where a jurisdiction serves as the centre for commercial businesses, human or public services, or entertainment, it may have substantial “part-time” populations, e.g., tourists, cabin owners, commuters, students, and seasonal staff. These temporary populations, whose permanent residence is within another jurisdiction, are excluded from a jurisdiction’s population figures. This may be a factor to consider when examining the crime rate and Crime Severity Index for some municipalities.",Statistics,Youth non-violent crime severity index
35-10-0188-01,26,"The Crime Severity Index (CSI) is an area-based measure that summarizes police-reported crime in an area as an index value. The CSI was developed to complement the conventional crime rate and other indicators by considering both the number and severity of crimes in a given area. The CSI is not an indicator of overall safety and should be interpreted in the broader community context. For more information, see “Understanding and using the Crime Severity Index” on Statistics Canada’s Crime and Justice subject hub.",,
35-10-0188-01,27,"Data for the months of November, December 2024 and January, February 2025 from Kingston Police may be undercounted due to a cyber-attack.",Geography,"Kingston, Ontario, municipal [35151]"
35-10-0188-01,29,Increases observed for Thunder Bay Police Service (35299) in the 2025 counts for Shoplifting $5000 or under (2143) and Fraud (2160) may be attributed to the introduction of online reporting for these violations.,Geography,"Thunder Bay, Ontario, municipal [35299]"
35-10-0188-01,30,"The increase observed in 2024 for the Disturb the Peace (3430) violation for Thunder Bay, Ontario, municipal [35299] can be attributed to a correction in reporting practices. The change in reporting results in a more accurate reporting of this violation. The decrease in counts for 2025 is due to a delay in data entry. It is anticipated that corrections will be applied to the revised data for 2025 during the scheduled release in 2027. Comparisons to previous years should be made with caution.",Geography,"Thunder Bay, Ontario, municipal [35299]"
35-10-0191-01,1,"Hate crimes refer to criminal offences committed against a person or property that is motivated in whole or in part by bias, prejudice or hate based on race, national or ethnic origin, language, colour, religion, sex, age, mental or physical disability, sexual orientation or gender identity or expression, or on any other similar factor. For more information on the concepts, methods and quality of the data contained in this table, consult the statistical data documentation: Uniform Crime Reporting Survey - 3302.",,
35-10-0191-01,2,"Data for previous years are available upon request. For further details, contact the Canadian Centre for Justice and Community Safety Statistics at statcan.ccjcss-ccsjsc.statcan@statcan.gc.ca.",,
35-10-0191-01,3,"Over the past two decades, police services across Canada have continued to advance their identification and reporting of hate crime incidents. Changes in reporting practices can have an effect on hate crime statistics. For example, an increase in the number of hate crime incidents reported can be influenced by the introduction of a hate crime awareness campaign.",,
35-10-0191-01,4,This data table replaces CANSIM table 252-0091 which is now archived.,,
35-10-0191-01,5,Data coverage for police-reported data varies slightly each year. Hate crime data for 2025 covers 99.6% of the Canadian population. Coverage for each province/territory is virtually 100% with the exception of New Brunswick (90.9%) due to the exclusion of Saint John Police Force. These percentages are based on police-reported data and populations for the 2025 data cycle.,,
35-10-0191-01,6,"A census metropolitan area (CMA) consists of one or more neighbouring municipalities situated around a major urban core. A CMA must have a total population of at least 100,000, of which 50,000 or more live in the urban core. To be included in the CMA, other adjacent municipalities must have a high degree of integration with the central urban core, as measured by commuting flows derived from census data. A CMA typically comprises more than one police service. CMA populations have been adjusted to follow policing boundaries. The Oshawa CMA is excluded from this analysis owing to the incongruity between the police service jurisdictional boundaries and the CMA boundaries.  Lethbridge, Alberta and Belleville, Ontario became new CMAs as of the 2016 Census. Fredericton, New Brunswick; Drummondville, Quebec; Red Deer, Alberta; Kamloops, British Columbia; Chilliwack, British Columbia and Nanaimo, British Columbia became new CMAs as of the 2021 Census. Coverage for each CMA is virtually 100%, except in Toronto (approx. 90%), and Hamilton (approx. 76%).",,
35-10-0191-01,7,Includes Halton Regional Police Service and Durham Regional Police Service. May include a small number of offences that occurred outside of a Census metropolitan area (CMA) as 3% of the population policed by Durham Regional Police Service falls outside the boundaries of a CMA.,Geography,Total Census metropolitan area
35-10-0191-01,9,Excludes the portion of Halton Regional Police Service that polices the Hamilton census metropolitan area (CMA).,Geography,"Hamilton, Ontario [35537]"
35-10-0191-01,10,"Part way through 2013, the Royal Canadian Mounted Police revised policing boundaries for rural detachments in New Brunswick. This resulted in a change in the census metropolitan area (CMA) boundaries that are determined for the purpose of reporting crime statistics. As such, 2013 data for the New Brunswick CMAs of Saint John and Moncton are not comparable to previous or future years. Further, data from 2014 onward are not comparable to years prior to 2014.",Geography,"Moncton, New Brunswick [13305]"
35-10-0191-01,10,"Part way through 2013, the Royal Canadian Mounted Police revised policing boundaries for rural detachments in New Brunswick. This resulted in a change in the census metropolitan area (CMA) boundaries that are determined for the purpose of reporting crime statistics. As such, 2013 data for the New Brunswick CMAs of Saint John and Moncton are not comparable to previous or future years. Further, data from 2014 onward are not comparable to years prior to 2014.",Geography,"Saint John, New Brunswick [13310]"
35-10-0191-01,12,Excludes the portions of Halton Regional Police Service and Durham Regional Police Service that police the Toronto census metropolitan area (CMA).,Geography,"Toronto, Ontario [35535]"
35-10-0191-01,13,"Excluded from this table are the small number of police services that do not report to the Uniform Crime Reporting Survey (UCR) 2. With the exception of Lasalle Police Service  (included in Windsor CMA), Kahnawake Mohawk Peacekeepers ( Montreal CMA), Six Nations Police Service (Brantford CMA) and Dalmeny Police Service (Saskatoon CMA)  in 2017, who provided data through special submission.",Geography,"Brantford, Ontario [35543]"
35-10-0191-01,13,"Excluded from this table are the small number of police services that do not report to the Uniform Crime Reporting Survey (UCR) 2. With the exception of Lasalle Police Service  (included in Windsor CMA), Kahnawake Mohawk Peacekeepers ( Montreal CMA), Six Nations Police Service (Brantford CMA) and Dalmeny Police Service (Saskatoon CMA)  in 2017, who provided data through special submission.",Geography,"Montréal, Quebec [24462]"
35-10-0191-01,13,"Excluded from this table are the small number of police services that do not report to the Uniform Crime Reporting Survey (UCR) 2. With the exception of Lasalle Police Service  (included in Windsor CMA), Kahnawake Mohawk Peacekeepers ( Montreal CMA), Six Nations Police Service (Brantford CMA) and Dalmeny Police Service (Saskatoon CMA)  in 2017, who provided data through special submission.",Geography,"Saskatoon, Saskatchewan [47725]"
35-10-0191-01,13,"Excluded from this table are the small number of police services that do not report to the Uniform Crime Reporting Survey (UCR) 2. With the exception of Lasalle Police Service  (included in Windsor CMA), Kahnawake Mohawk Peacekeepers ( Montreal CMA), Six Nations Police Service (Brantford CMA) and Dalmeny Police Service (Saskatoon CMA)  in 2017, who provided data through special submission.",Geography,"Windsor, Ontario [35559]"
35-10-0191-01,14,Police data on hate crimes reflect only the incidents that come to the attention of police and are classified as hate crimes. Hate crime incident counts include both confirmed and suspected hate crime incidents.,,
35-10-0191-01,15,"Hate crime, organized crime and cybercrime data from the Uniform Crime Reporting (UCR) Survey are now revised back one year with each annual release. This approach was introduced for the 2019 data release and was applied to the 2018 revised data.",,
35-10-0191-01,16,"It is important to note that while official police-reported data on crime from the Uniform Crime Reporting (UCR) Survey use Statistics Canada's standard Census Metropolitan Area (CMA) names, the boundaries for the policing-based CMAs do not always fully align with the standard CMA geographic units used for disseminating information about the Census of Population.",,
35-10-0191-01,16,"It is important to note that while official police-reported data on crime from the Uniform Crime Reporting (UCR) Survey use Statistics Canada's standard Census Metropolitan Area (CMA) names, the boundaries for the policing-based CMAs do not always fully align with the standard CMA geographic units used for disseminating information about the Census of Population.",Geography,Total Census metropolitan area
35-10-0191-01,17,"Under the authority of the Canadian Forces Provost Marshal (CFPM), the Canadian Forces Military Police Group (CF MP Gp) is now reporting incidents to the Uniform Crime Reporting (UCR) Survey. They have provided incidents going back to January 2020 and are not included in 2025. Data from the Office of the CFPM are aggregated at the national level to account for small counts and to protect confidentiality. Therefore, provincial and territorial totals will not equal Canada-level totals. Crime Severity Index data and rates are not available.",,
35-10-0191-01,17,"Under the authority of the Canadian Forces Provost Marshal (CFPM), the Canadian Forces Military Police Group (CF MP Gp) is now reporting incidents to the Uniform Crime Reporting (UCR) Survey. They have provided incidents going back to January 2020 and are not included in 2025. Data from the Office of the CFPM are aggregated at the national level to account for small counts and to protect confidentiality. Therefore, provincial and territorial totals will not equal Canada-level totals. Crime Severity Index data and rates are not available.",Geography,Canadian Forces Military Police
35-10-0191-01,18,The census metropolitan area (CMA) of Belleville-Quinte West was formerly known as Belleville.,Geography,"Belleville-Quinte West, Ontario [35522]"
35-10-0191-01,19,"The increase in hate crime incidents observed in Halifax beginning in 2023 can be attributed, in part, to the establishment of a dedicated hate crimes unit in Halifax resulting in higher reporting and increased public awareness. For more information visit: https://humanrights.novascotia.ca/news-events/events/understanding-hate-crimes",Geography,"Halifax, Nova Scotia [12205]"
35-10-0191-01,22,Saint John Police Force hate crime data are unverified for the years they are included (prior to 2023) and therefore represent incidents that are suspected hate crimes only and should be interpreted with caution.,Geography,"Saint John, New Brunswick [13310]"
35-10-0002-01,1,"A criminal incident may be comprised of multiple violations of the law. For the analysis of cyber-related violations, one distinct violation within the incident was identified as the ‘cybercrime violation.' The cybercrime violation represents the specific criminal violation within an incident in which a computer or the Internet was the target of the crime, or the instrument used to commit the crime. For the majority of incidents, the cybercrime violation and the most serious violation were the same.",,
35-10-0002-01,2,"A census metropolitan area (CMA) consists of one or more neighbouring municipalities situated around a major urban core. A CMA must have a total population of at least 100,000, of which 50,000 or more live in the urban core. To be included in the CMA, other adjacent municipalities must have a high degree of integration with the central urban core, as measured by commuting flows derived from census data. A CMA typically comprises more than one police service. CMA populations have been adjusted to follow policing boundaries. The Oshawa CMA is excluded from this analysis owing to the incongruity between the police service jurisdictional boundaries and the CMA boundaries.  Lethbridge, Alberta and Belleville, Ontario became new CMAs as of the 2016 Census. Fredericton, New Brunswick; Drummondville, Quebec; Red Deer, Alberta; Kamloops, British Columbia; Chilliwack, British Columbia and Nanaimo, British Columbia became new CMAs as of the 2021 Census. Coverage for each CMA is virtually 100%, except in Toronto (approx. 90%), and Hamilton (approx. 76%).",,
35-10-0002-01,3,Excluded from this table are the small number of police services that do not report to the Uniform Crime Reporting Survey (UCR) 2.,Geography,Total police-reported cybercrime
35-10-0002-01,4,Includes Halton Regional Police Service and Durham Regional Police Service. May include a small number of offences that occurred outside of a Census metropolitan area (CMA) as 3% of the population policed by Durham Regional Police Service falls outside the boundaries of a CMA.,Geography,Total Census metropolitan area
35-10-0002-01,6,Excludes the portion of Halton Regional Police Service that polices the Hamilton Census metropolitan area (CMA).,Geography,"Hamilton, Ontario [35537]"
35-10-0002-01,8,Excludes the portions of Halton Regional Police Service and Durham Regional Police Service that police the Toronto Census metropolitan area (CMA).,Geography,"Toronto, Ontario [35535]"
35-10-0002-01,9,"The increase in cybercrime incidents may be a result of the increase in incidents of child pornography between 2014 and 2015, which can be in part attributed to a proactive project initiated by the British Columbia Integrated Child Exploitation Unit which recorded Internet Protocol (IP) addresses that were in possession of, and possibly sharing child pornography. As this initiative focused on Victoria in 2015, notable increases in these offences were reported by this jurisdiction.",Geography,"Victoria, British Columbia [59935]"
35-10-0002-01,10,Calgary Police Service cybercrime data for 2017 and onward are suspected cybercrimes only and should be interpreted with caution.,Geography,"Calgary, Alberta [48825]"
35-10-0002-01,11,Data coverage for police-reported data varies slightly each year. Cybercrime data for 2025 covers 99.6% of the Canadian population. Coverage for each province/territory is virtually 100% with the exception of New Brunswick (90.9%) due to the exclusion of Saint John Police Force. These percentages are based on police-reported data and populations for the 2025 data cycle.,,
35-10-0002-01,12,"Hate crime, organized crime and cybercrime data from the Uniform Crime Reporting (UCR) Survey are now revised back one year with each annual release. This approach was introduced for the 2019 data release and was applied to the 2018 revised data.",Geography,Total police-reported cybercrime
35-10-0002-01,13,"Annual counts of cybercrime offences for Toronto Police Service increase when revised data are published one year after the initial release. This is due to lengthy investigations required to confirm whether or not the incident is in fact a cybercrime. Therefore, changes between the most recent year of data and the previous year should be interpreted with caution.",Geography,"Toronto, Ontario [35535]"
35-10-0002-01,14,Saint John Police Force cybercrime data are unverified for the years they are included (from 2020 to 2022) and therefore represent incidents that are suspected cybercrimes only and should be interpreted with caution.,Geography,"Saint John, New Brunswick [13310]"
35-10-0002-01,15,"It is important to note that while official police-reported data on crime from the Uniform Crime Reporting (UCR) Survey use Statistics Canada's standard Census Metropolitan Area (CMA) names, the boundaries for the policing-based CMAs do not always fully align with the standard CMA geographic units used for disseminating information about the Census of Population.",,
35-10-0002-01,15,"It is important to note that while official police-reported data on crime from the Uniform Crime Reporting (UCR) Survey use Statistics Canada's standard Census Metropolitan Area (CMA) names, the boundaries for the policing-based CMAs do not always fully align with the standard CMA geographic units used for disseminating information about the Census of Population.",Geography,Total Census metropolitan area
35-10-0002-01,16,"Under the authority of the Canadian Forces Provost Marshal (CFPM), the Canadian Forces Military Police Group (CF MP Gp) provides professional policing, security, and detention services to the Canadian Armed Forces (CAF) and the Department of National Defence (DND) globally, across the full spectrum of military operations. Uniform Crime Reporting (UCR) Survey data for the CF MP Gp represent only crimes committed in Canada, on or in relation to DND property or assets, investigated by the military police. Within Canada, in many instances, the military police share concurrent jurisdiction with civilian police. In the enforcement of Canadian military and criminal laws, military police are peace officers and lawfully exercise jurisdiction over members of the CAF and over persons on defence establishments including civilians.",Geography,Canadian Forces Military Police
35-10-0002-01,17,"Under the authority of the Canadian Forces Provost Marshal (CFPM), the Canadian Forces Military Police Group (CF MP Gp) is now reporting incidents to the Uniform Crime Reporting (UCR) Survey. They have provided incidents going back to January 2020 and are not included in 2025. Data from the Office of the CFPM are aggregated at the national level to account for small counts and to protect confidentiality. Therefore, provincial and territorial totals will not equal Canada-level totals. Crime Severity Index data and rates are not available.",Geography,Canadian Forces Military Police
35-10-0002-01,20,"Prior to 2020, the number of cybercrimes is an undercount as some police services were unable to report the cybercrime indicator for all years. The data exclude the Quebec City Police in 2014 and 2015, the municipal police service of Calgary from 2014 to 2016, the Ontario Provincial Police (OPP) from 2014 to 2017, both the Saint John Police Force and the Canadian Forces Military Police from 2014 to 2019 and Dryden, a detachment of the OPP in 2022. For 2023, the data exclude Saint John Police Force.",Geography,Total police-reported cybercrime
35-10-0002-01,21,The census metropolitan area (CMA) of Belleville-Quinte West was formerly known as Belleville.,Geography,"Belleville-Quinte West, Ontario [35522]"
35-10-0002-01,22,"The marked increase in 2023 for London is mostly attributed to the start of online reporting for fraud violations by London Police Service (LPS), which resulted in an influx of reports being generated. In addition, efforts have been made by LPS to improve their reporting of financial crime and cyber-enabled crimes that have a computer as the target of the offence. Comparisons to previous years should be made with caution.",Geography,"London, Ontario [35555]"
35-10-0071-01,1,"Source: Statistics Canada, Homicide Survey, Canadian Centre for Justice and Community Safety Statistics.",,
35-10-0071-01,2,"Homicide includes Criminal Code offences of murder, manslaughter and infanticide.",,
35-10-0071-01,3,"A census metropolitan area (CMA) usually comprises more than one police service. It is important to note that while official police-reported data on crime from the Uniform Crime Reporting (UCR) Survey use Statistics Canada's standard Census Metropolitan Area (CMA) names, the boundaries for the policing-based CMAs do not always fully align with the standard CMA geographic units used for disseminating information about the Census of Population.",Geography,"Toronto, Ontario [35535]"
35-10-0071-01,3,"A census metropolitan area (CMA) usually comprises more than one police service. It is important to note that while official police-reported data on crime from the Uniform Crime Reporting (UCR) Survey use Statistics Canada's standard Census Metropolitan Area (CMA) names, the boundaries for the policing-based CMAs do not always fully align with the standard CMA geographic units used for disseminating information about the Census of Population.",Geography,"Montréal, Quebec [24462]"
35-10-0071-01,3,"A census metropolitan area (CMA) usually comprises more than one police service. It is important to note that while official police-reported data on crime from the Uniform Crime Reporting (UCR) Survey use Statistics Canada's standard Census Metropolitan Area (CMA) names, the boundaries for the policing-based CMAs do not always fully align with the standard CMA geographic units used for disseminating information about the Census of Population.",Geography,"Vancouver, British Columbia [59933]"
35-10-0071-01,3,"A census metropolitan area (CMA) usually comprises more than one police service. It is important to note that while official police-reported data on crime from the Uniform Crime Reporting (UCR) Survey use Statistics Canada's standard Census Metropolitan Area (CMA) names, the boundaries for the policing-based CMAs do not always fully align with the standard CMA geographic units used for disseminating information about the Census of Population.",Geography,"Ottawa-Gatineau, Ontario part [35505]"
35-10-0071-01,3,"A census metropolitan area (CMA) usually comprises more than one police service. It is important to note that while official police-reported data on crime from the Uniform Crime Reporting (UCR) Survey use Statistics Canada's standard Census Metropolitan Area (CMA) names, the boundaries for the policing-based CMAs do not always fully align with the standard CMA geographic units used for disseminating information about the Census of Population.",Geography,"Calgary, Alberta [48825]"
35-10-0071-01,3,"A census metropolitan area (CMA) usually comprises more than one police service. It is important to note that while official police-reported data on crime from the Uniform Crime Reporting (UCR) Survey use Statistics Canada's standard Census Metropolitan Area (CMA) names, the boundaries for the policing-based CMAs do not always fully align with the standard CMA geographic units used for disseminating information about the Census of Population.",Geography,"Edmonton, Alberta [48835]"
35-10-0071-01,3,"A census metropolitan area (CMA) usually comprises more than one police service. It is important to note that while official police-reported data on crime from the Uniform Crime Reporting (UCR) Survey use Statistics Canada's standard Census Metropolitan Area (CMA) names, the boundaries for the policing-based CMAs do not always fully align with the standard CMA geographic units used for disseminating information about the Census of Population.",Geography,"Québec, Quebec [24421]"
35-10-0071-01,3,"A census metropolitan area (CMA) usually comprises more than one police service. It is important to note that while official police-reported data on crime from the Uniform Crime Reporting (UCR) Survey use Statistics Canada's standard Census Metropolitan Area (CMA) names, the boundaries for the policing-based CMAs do not always fully align with the standard CMA geographic units used for disseminating information about the Census of Population.",Geography,"Winnipeg, Manitoba [46602]"
35-10-0071-01,3,"A census metropolitan area (CMA) usually comprises more than one police service. It is important to note that while official police-reported data on crime from the Uniform Crime Reporting (UCR) Survey use Statistics Canada's standard Census Metropolitan Area (CMA) names, the boundaries for the policing-based CMAs do not always fully align with the standard CMA geographic units used for disseminating information about the Census of Population.",Geography,"Hamilton, Ontario [35537]"
35-10-0071-01,3,"A census metropolitan area (CMA) usually comprises more than one police service. It is important to note that while official police-reported data on crime from the Uniform Crime Reporting (UCR) Survey use Statistics Canada's standard Census Metropolitan Area (CMA) names, the boundaries for the policing-based CMAs do not always fully align with the standard CMA geographic units used for disseminating information about the Census of Population.",Geography,"Kitchener-Cambridge-Waterloo, Ontario [35541]"
35-10-0071-01,3,"A census metropolitan area (CMA) usually comprises more than one police service. It is important to note that while official police-reported data on crime from the Uniform Crime Reporting (UCR) Survey use Statistics Canada's standard Census Metropolitan Area (CMA) names, the boundaries for the policing-based CMAs do not always fully align with the standard CMA geographic units used for disseminating information about the Census of Population.",Geography,"St. Catharines-Niagara, Ontario [35539]"
35-10-0071-01,3,"A census metropolitan area (CMA) usually comprises more than one police service. It is important to note that while official police-reported data on crime from the Uniform Crime Reporting (UCR) Survey use Statistics Canada's standard Census Metropolitan Area (CMA) names, the boundaries for the policing-based CMAs do not always fully align with the standard CMA geographic units used for disseminating information about the Census of Population.",Geography,"London, Ontario [35555]"
35-10-0071-01,3,"A census metropolitan area (CMA) usually comprises more than one police service. It is important to note that while official police-reported data on crime from the Uniform Crime Reporting (UCR) Survey use Statistics Canada's standard Census Metropolitan Area (CMA) names, the boundaries for the policing-based CMAs do not always fully align with the standard CMA geographic units used for disseminating information about the Census of Population.",Geography,"Halifax, Nova Scotia [12205]"
35-10-0071-01,3,"A census metropolitan area (CMA) usually comprises more than one police service. It is important to note that while official police-reported data on crime from the Uniform Crime Reporting (UCR) Survey use Statistics Canada's standard Census Metropolitan Area (CMA) names, the boundaries for the policing-based CMAs do not always fully align with the standard CMA geographic units used for disseminating information about the Census of Population.",Geography,"Victoria, British Columbia [59935]"
35-10-0071-01,3,"A census metropolitan area (CMA) usually comprises more than one police service. It is important to note that while official police-reported data on crime from the Uniform Crime Reporting (UCR) Survey use Statistics Canada's standard Census Metropolitan Area (CMA) names, the boundaries for the policing-based CMAs do not always fully align with the standard CMA geographic units used for disseminating information about the Census of Population.",Geography,"Windsor, Ontario [35559]"
35-10-0071-01,3,"A census metropolitan area (CMA) usually comprises more than one police service. It is important to note that while official police-reported data on crime from the Uniform Crime Reporting (UCR) Survey use Statistics Canada's standard Census Metropolitan Area (CMA) names, the boundaries for the policing-based CMAs do not always fully align with the standard CMA geographic units used for disseminating information about the Census of Population.",Geography,"Oshawa, Ontario [35532]"
35-10-0071-01,3,"A census metropolitan area (CMA) usually comprises more than one police service. It is important to note that while official police-reported data on crime from the Uniform Crime Reporting (UCR) Survey use Statistics Canada's standard Census Metropolitan Area (CMA) names, the boundaries for the policing-based CMAs do not always fully align with the standard CMA geographic units used for disseminating information about the Census of Population.",Geography,"Saskatoon, Saskatchewan [47725]"
35-10-0071-01,3,"A census metropolitan area (CMA) usually comprises more than one police service. It is important to note that while official police-reported data on crime from the Uniform Crime Reporting (UCR) Survey use Statistics Canada's standard Census Metropolitan Area (CMA) names, the boundaries for the policing-based CMAs do not always fully align with the standard CMA geographic units used for disseminating information about the Census of Population.",Geography,"Regina, Saskatchewan [47705]"
35-10-0071-01,3,"A census metropolitan area (CMA) usually comprises more than one police service. It is important to note that while official police-reported data on crime from the Uniform Crime Reporting (UCR) Survey use Statistics Canada's standard Census Metropolitan Area (CMA) names, the boundaries for the policing-based CMAs do not always fully align with the standard CMA geographic units used for disseminating information about the Census of Population.",Geography,"St. John's, Newfoundland and Labrador [10001]"
35-10-0071-01,3,"A census metropolitan area (CMA) usually comprises more than one police service. It is important to note that while official police-reported data on crime from the Uniform Crime Reporting (UCR) Survey use Statistics Canada's standard Census Metropolitan Area (CMA) names, the boundaries for the policing-based CMAs do not always fully align with the standard CMA geographic units used for disseminating information about the Census of Population.",Geography,"Greater Sudbury, Ontario [35580]"
35-10-0071-01,3,"A census metropolitan area (CMA) usually comprises more than one police service. It is important to note that while official police-reported data on crime from the Uniform Crime Reporting (UCR) Survey use Statistics Canada's standard Census Metropolitan Area (CMA) names, the boundaries for the policing-based CMAs do not always fully align with the standard CMA geographic units used for disseminating information about the Census of Population.",Geography,"Sherbrooke, Quebec [24433]"
35-10-0071-01,3,"A census metropolitan area (CMA) usually comprises more than one police service. It is important to note that while official police-reported data on crime from the Uniform Crime Reporting (UCR) Survey use Statistics Canada's standard Census Metropolitan Area (CMA) names, the boundaries for the policing-based CMAs do not always fully align with the standard CMA geographic units used for disseminating information about the Census of Population.",Geography,"Saguenay, Quebec [24408]"
35-10-0071-01,3,"A census metropolitan area (CMA) usually comprises more than one police service. It is important to note that while official police-reported data on crime from the Uniform Crime Reporting (UCR) Survey use Statistics Canada's standard Census Metropolitan Area (CMA) names, the boundaries for the policing-based CMAs do not always fully align with the standard CMA geographic units used for disseminating information about the Census of Population.",Geography,"Saint John, New Brunswick [13310]"
35-10-0071-01,3,"A census metropolitan area (CMA) usually comprises more than one police service. It is important to note that while official police-reported data on crime from the Uniform Crime Reporting (UCR) Survey use Statistics Canada's standard Census Metropolitan Area (CMA) names, the boundaries for the policing-based CMAs do not always fully align with the standard CMA geographic units used for disseminating information about the Census of Population.",Geography,"Trois-Rivières, Quebec [24442]"
35-10-0071-01,3,"A census metropolitan area (CMA) usually comprises more than one police service. It is important to note that while official police-reported data on crime from the Uniform Crime Reporting (UCR) Survey use Statistics Canada's standard Census Metropolitan Area (CMA) names, the boundaries for the policing-based CMAs do not always fully align with the standard CMA geographic units used for disseminating information about the Census of Population.",Geography,"Thunder Bay, Ontario [35595]"
35-10-0071-01,3,"A census metropolitan area (CMA) usually comprises more than one police service. It is important to note that while official police-reported data on crime from the Uniform Crime Reporting (UCR) Survey use Statistics Canada's standard Census Metropolitan Area (CMA) names, the boundaries for the policing-based CMAs do not always fully align with the standard CMA geographic units used for disseminating information about the Census of Population.",Geography,"Ottawa-Gatineau, Quebec part [24505]"
35-10-0071-01,3,"A census metropolitan area (CMA) usually comprises more than one police service. It is important to note that while official police-reported data on crime from the Uniform Crime Reporting (UCR) Survey use Statistics Canada's standard Census Metropolitan Area (CMA) names, the boundaries for the policing-based CMAs do not always fully align with the standard CMA geographic units used for disseminating information about the Census of Population.",Geography,"Kingston, Ontario [35521]"
35-10-0071-01,3,"A census metropolitan area (CMA) usually comprises more than one police service. It is important to note that while official police-reported data on crime from the Uniform Crime Reporting (UCR) Survey use Statistics Canada's standard Census Metropolitan Area (CMA) names, the boundaries for the policing-based CMAs do not always fully align with the standard CMA geographic units used for disseminating information about the Census of Population.",Geography,"Abbotsford-Mission, British Columbia [59932]"
35-10-0071-01,3,"A census metropolitan area (CMA) usually comprises more than one police service. It is important to note that while official police-reported data on crime from the Uniform Crime Reporting (UCR) Survey use Statistics Canada's standard Census Metropolitan Area (CMA) names, the boundaries for the policing-based CMAs do not always fully align with the standard CMA geographic units used for disseminating information about the Census of Population.",Geography,"Barrie, Ontario [35568]"
35-10-0071-01,3,"A census metropolitan area (CMA) usually comprises more than one police service. It is important to note that while official police-reported data on crime from the Uniform Crime Reporting (UCR) Survey use Statistics Canada's standard Census Metropolitan Area (CMA) names, the boundaries for the policing-based CMAs do not always fully align with the standard CMA geographic units used for disseminating information about the Census of Population.",Geography,"Kelowna, British Columbia [59915]"
35-10-0071-01,3,"A census metropolitan area (CMA) usually comprises more than one police service. It is important to note that while official police-reported data on crime from the Uniform Crime Reporting (UCR) Survey use Statistics Canada's standard Census Metropolitan Area (CMA) names, the boundaries for the policing-based CMAs do not always fully align with the standard CMA geographic units used for disseminating information about the Census of Population.",Geography,"Brantford, Ontario [35543]"
35-10-0071-01,3,"A census metropolitan area (CMA) usually comprises more than one police service. It is important to note that while official police-reported data on crime from the Uniform Crime Reporting (UCR) Survey use Statistics Canada's standard Census Metropolitan Area (CMA) names, the boundaries for the policing-based CMAs do not always fully align with the standard CMA geographic units used for disseminating information about the Census of Population.",Geography,"Moncton, New Brunswick [13305]"
35-10-0071-01,3,"A census metropolitan area (CMA) usually comprises more than one police service. It is important to note that while official police-reported data on crime from the Uniform Crime Reporting (UCR) Survey use Statistics Canada's standard Census Metropolitan Area (CMA) names, the boundaries for the policing-based CMAs do not always fully align with the standard CMA geographic units used for disseminating information about the Census of Population.",Geography,"Guelph, Ontario [35550]"
35-10-0071-01,3,"A census metropolitan area (CMA) usually comprises more than one police service. It is important to note that while official police-reported data on crime from the Uniform Crime Reporting (UCR) Survey use Statistics Canada's standard Census Metropolitan Area (CMA) names, the boundaries for the policing-based CMAs do not always fully align with the standard CMA geographic units used for disseminating information about the Census of Population.",Geography,"Peterborough, Ontario [35529]"
35-10-0071-01,4,"Population counts are based on July 1st estimates from Statistics Canada, Demography Division.",,
35-10-0071-01,5,Data is not available for Sherbrooke prior to 1986 as it was not considered census metropolitan area.,Geography,"Sherbrooke, Quebec [24433]"
35-10-0071-01,6,Ottawa refers to the Ontario part of the Ottawa-Gatineau census metropolitan area.,Geography,"Ottawa-Gatineau, Ontario part [35505]"
35-10-0071-01,7,Gatineau refers to the Quebec part of the Ottawa-Gatineau census metropolitan area.,Geography,"Ottawa-Gatineau, Quebec part [24505]"
35-10-0071-01,8,Population estimates are unavailable for the census metropolitan area of Ottawa and Gatineau between 1981 and 1985. The rates for this period are calculated using the population data for 1986.,Geography,"Ottawa-Gatineau, Ontario part [35505]"
35-10-0071-01,8,Population estimates are unavailable for the census metropolitan area of Ottawa and Gatineau between 1981 and 1985. The rates for this period are calculated using the population data for 1986.,Geography,"Ottawa-Gatineau, Quebec part [24505]"
35-10-0071-01,9,Data are not available for Abbotsford-Mission and Kingston prior to 2001 as they were not considered census metropolitan areas.,Geography,"Kingston, Ontario [35521]"
35-10-0071-01,9,Data are not available for Abbotsford-Mission and Kingston prior to 2001 as they were not considered census metropolitan areas.,Geography,"Abbotsford-Mission, British Columbia [59932]"
35-10-0071-01,10,"Data are not available for Barrie, Kelowna, Brantford, Moncton, Guelph and Peterborough prior to 2006 as they were not considered census metropolitan areas.",Geography,"Barrie, Ontario [35568]"
35-10-0071-01,10,"Data are not available for Barrie, Kelowna, Brantford, Moncton, Guelph and Peterborough prior to 2006 as they were not considered census metropolitan areas.",Geography,"Kelowna, British Columbia [59915]"
35-10-0071-01,10,"Data are not available for Barrie, Kelowna, Brantford, Moncton, Guelph and Peterborough prior to 2006 as they were not considered census metropolitan areas.",Geography,"Brantford, Ontario [35543]"
35-10-0071-01,10,"Data are not available for Barrie, Kelowna, Brantford, Moncton, Guelph and Peterborough prior to 2006 as they were not considered census metropolitan areas.",Geography,"Moncton, New Brunswick [13305]"
35-10-0071-01,10,"Data are not available for Barrie, Kelowna, Brantford, Moncton, Guelph and Peterborough prior to 2006 as they were not considered census metropolitan areas.",Geography,"Guelph, Ontario [35550]"
35-10-0071-01,10,"Data are not available for Barrie, Kelowna, Brantford, Moncton, Guelph and Peterborough prior to 2006 as they were not considered census metropolitan areas.",Geography,"Peterborough, Ontario [35529]"
35-10-0071-01,11,"The total count of a given year's number of homicides could include incidents that occurred in previous years. Homicides are allotted to the year in which they become known to or are deemed homicides by police, according to the report date submitted to Statistics Canada.",,
35-10-0071-01,12,Data are not available for Lethbridge and Belleville prior to 2016 as they were not considered census metropolitan areas.,Geography,"Lethbridge, Alberta [48810]"
35-10-0071-01,12,Data are not available for Lethbridge and Belleville prior to 2016 as they were not considered census metropolitan areas.,Geography,"Belleville-Quinte West, Ontario [35522]"
35-10-0071-01,13,"Data are not available for Fredericton, Drummondville, Red Deer, Kamloops, Chilliwack and Nanaimo prior to 2021 as they were not considered census metropolitan areas.",Geography,"Fredericton, New Brunswick [13320]"
35-10-0071-01,13,"Data are not available for Fredericton, Drummondville, Red Deer, Kamloops, Chilliwack and Nanaimo prior to 2021 as they were not considered census metropolitan areas.",Geography,"Drummondville, Quebec [24447]"
35-10-0071-01,13,"Data are not available for Fredericton, Drummondville, Red Deer, Kamloops, Chilliwack and Nanaimo prior to 2021 as they were not considered census metropolitan areas.",Geography,"Red Deer, Alberta [48830]"
35-10-0071-01,13,"Data are not available for Fredericton, Drummondville, Red Deer, Kamloops, Chilliwack and Nanaimo prior to 2021 as they were not considered census metropolitan areas.",Geography,"Kamloops, British Columbia [59925]"
35-10-0071-01,13,"Data are not available for Fredericton, Drummondville, Red Deer, Kamloops, Chilliwack and Nanaimo prior to 2021 as they were not considered census metropolitan areas.",Geography,"Chilliwack, British Columbia [59930]"
35-10-0071-01,13,"Data are not available for Fredericton, Drummondville, Red Deer, Kamloops, Chilliwack and Nanaimo prior to 2021 as they were not considered census metropolitan areas.",Geography,"Nanaimo, British Columbia [59938]"
35-10-0071-01,14,The census metropolitan area (CMA) of Belleville-Quinte West was formerly known as Belleville.,Geography,"Belleville-Quinte West, Ontario [35522]"
35-10-0068-01,1,"Source: Statistics Canada, Homicide Survey, Canadian Centre for Justice and Community Safety Statistics.",,
35-10-0068-01,2,"Homicide includes Criminal Code offences of murder, manslaughter and infanticide.",,
35-10-0068-01,3,"Population counts are based on July 1st estimates from Statistics Canada, Demography Division.",,
35-10-0068-01,4,"As a result of investigations in British Columbia, there are homicides included in the totals for 2007 (5 homicides), 2004 (5 homicides), 2003 (7 homicides) and 2002 (15 homicides) that occurred in previous years.",Geography,British Columbia
35-10-0068-01,5,"The total count of a given year's number of homicides could include incidents that occurred in previous years. Homicides are allotted to the year in which they become known to or are deemed homicides by police, according to the report date submitted to Statistics Canada.",,
35-10-0068-01,6,Police service Census Metropolitan Area (CMA) and respondent populations are created using the July 1 Census subdivision (CSD) population estimates prepared by the Centre for Demography at Statistics Canada. Variations might exist between the CSD estimates for Alberta used for the period from 2016 to 2020 and those produced by the Alberta Office of Statistics and Information.,Geography,Alberta
35-10-0077-01,1,Numerous important footnotes exist for the correct interpretation of these data. Please contact the Canadian Centre for Justice and Community Safety Statistics at statcan.ccjcss-ccsjsc.statcan@statcan.gc.ca for the most current version of this information.,,
35-10-0077-01,1,Numerous important footnotes exist for the correct interpretation of these data. Please contact the Canadian Centre for Justice and Community Safety Statistics at statcan.ccjcss-ccsjsc.statcan@statcan.gc.ca for the most current version of this information.,,
35-10-0077-01,2,Represents actual police officer strength as of September 30 for 1986 to 1995; as of June 15 for 1996 to 2005; and as of May 15 since 2006.,Statistics,Total number of police officers
35-10-0077-01,2,Represents actual police officer strength as of September 30 for 1986 to 1995; as of June 15 for 1996 to 2005; and as of May 15 since 2006.,Statistics,Men police officers
35-10-0077-01,2,Represents actual police officer strength as of September 30 for 1986 to 1995; as of June 15 for 1996 to 2005; and as of May 15 since 2006.,Statistics,Women police officers
35-10-0077-01,2,Represents actual police officer strength as of September 30 for 1986 to 1995; as of June 15 for 1996 to 2005; and as of May 15 since 2006.,Statistics,"Police officers per 100,000 population"
35-10-0077-01,3,"Represents actual civilian and other personnel as of September 30 for 1986 to 1995; as of June 15 for 1996 to 2005; and as of May 15 since 2006. This category includes all civilian personnel, special constables, recruits (cadets and trainees).",Statistics,Total number of civilian and other personnel
35-10-0077-01,4,"Rates are calculated per 100,000 population. Population estimates are provided by Statistics Canada, Demography Division and are adjusted to follow policing boundaries.",Statistics,"Police officers per 100,000 population"
35-10-0077-01,4,"Rates are calculated per 100,000 population. Population estimates are provided by Statistics Canada, Demography Division and are adjusted to follow policing boundaries.",Statistics,"Authorized police officer strength per 100,000 population"
35-10-0077-01,5,"Represents the number of fully-sworn police officer positions that the police department was allowed to fill during the calendar or fiscal year, whether or not that number of officers was hired.",Statistics,Authorized police officer strength
35-10-0077-01,5,"Represents the number of fully-sworn police officer positions that the police department was allowed to fill during the calendar or fiscal year, whether or not that number of officers was hired.",Statistics,"Authorized police officer strength per 100,000 population"
35-10-0077-01,6,"The Crime Severity Index (CSI) takes into account both the volume and the seriousness of crime. In the calculation of the CSI, each offence is assigned a weight, derived from average sentences handed down by criminal courts. The more serious the average sentence, the higher the weight for that offence. As a result, more serious offences have a greater impact on changes in the index. All Criminal Code offences, including traffic offences and other federal statute offences, are included in the CSI.",Statistics,Crime severity index
35-10-0077-01,7,"Criminal incidents can either be cleared by charge or cleared otherwise (for example, through extrajudicial means in instances where a charge could otherwise be laid). The weighted clearance rate is based on the same principle used to create the police-reported Crime Severity Index, whereby more serious offences are assigned a higher weight than less serious offences. Applying this concept to clearance rates means that, for example, the clearance of a homicide, robbery or break and enter receives a higher weight than the clearance of less serious offences such as minor theft, mischief and disturbing the peace.",Statistics,Weighted clearance rate
35-10-0077-01,8,Information on hirings and departures was not available for some police services. The net gain or loss represents hirings and departures during the previous calendar or fiscal year.,Statistics,"Net gain or loss, hirings and departures"
35-10-0077-01,9,The percent of officers eligible to retire is calculated using the number of officers for the year selected and the number of officers who were eligible to retire during the previous calendar or fiscal year.,Statistics,Police officers eligible to retire
35-10-0077-01,10,Based on the respondent populations for the previous year. Respondent populations for the current year are not yet available when Police Administration Survey data are released.,Statistics,Population
35-10-0077-01,11,Based on the number of police officers in the current year and respondent populations for the previous year. Respondent populations for the current year are not yet available when Police Administration Survey data are released.,Statistics,"Police officers per 100,000 population"
35-10-0077-01,11,Based on the number of police officers in the current year and respondent populations for the previous year. Respondent populations for the current year are not yet available when Police Administration Survey data are released.,Statistics,"Authorized police officer strength per 100,000 population"
35-10-0077-01,12,"In 2015, the Ontario Provincial Police (OPP) implemented a new municipal billing model, which reflects the provincial integrated service delivery model that does not apportion the number of officers to a Municipal boundary or contract. As a result, the OPP Municipal Contracts do not have a fixed or static number of officers assigned at the police service level, as defined by the Police Administration Survey. Therefore, as of 2015, OPP resource data are available only at the provincial level.",,
35-10-0077-01,13,This table reflects the weighted clearance rates and crime severity index data available at the time of publishing. The weighted clearance rate and crime severity index (CSI) are updated every year in July with the release of data from the Uniform Crime Reporting Survey. For the most up to date weighted clearance rate and CSI please see CANSIM tables 252-0052 and 252-0083 to 252-0089.,Statistics,Crime severity index
35-10-0077-01,13,This table reflects the weighted clearance rates and crime severity index data available at the time of publishing. The weighted clearance rate and crime severity index (CSI) are updated every year in July with the release of data from the Uniform Crime Reporting Survey. For the most up to date weighted clearance rate and CSI please see CANSIM tables 252-0052 and 252-0083 to 252-0089.,Statistics,Weighted clearance rate
35-10-0077-01,13,This table reflects the weighted clearance rates and crime severity index data available at the time of publishing. The weighted clearance rate and crime severity index (CSI) are updated every year in July with the release of data from the Uniform Crime Reporting Survey. For the most up to date weighted clearance rate and CSI please see CANSIM tables 252-0052 and 252-0083 to 252-0089.,Statistics,"Net gain or loss, hirings and departures"
35-10-0077-01,14,The data in this table represents Halifax Regional Police (HRP) only. It does not include data for Royal Canadian Mounted Police (RCMP) Halifax rural which shares responsibility to police the same area. The crime severity index and the weighted clearance rate are calculated using data from both HRP and RCMP Halifax Rural.,Geography,"Halifax, Nova Scotia, municipal"
35-10-0077-01,15,"The data for total number of civilian and other personnel in Halifax Regional Police are based on headcount rather than full-time equivalents (FTE's), which is the standard unit of collection for the Police Administration Survey going back to at least 2013.",Geography,"Halifax, Nova Scotia, municipal"
35-10-0077-01,16,"Starting in 2018, Langley Township, British Columbia includes both Langley Township and Langley British Columbia.",Geography,"Langley Township, British Columbia, Royal Canadian Mounted Police, municipal"
35-10-0077-01,16,"Starting in 2018, Langley Township, British Columbia includes both Langley Township and Langley British Columbia.",Geography,"Langley City, British Columbia, Royal Canadian Mounted Police, municipal"
35-10-0077-01,17,"Given that small counts of personnel employed by police service identified as being ""non-binary people"" may exist, the Police Administration Survey (PAS) data has been recoded with these personnel distributed in the “men” or “women” categories. This recoding ensures the protection of confidentiality and privacy of personnel.",,
35-10-0077-01,17,"Given that small counts of personnel employed by police service identified as being ""non-binary people"" may exist, the Police Administration Survey (PAS) data has been recoded with these personnel distributed in the “men” or “women” categories. This recoding ensures the protection of confidentiality and privacy of personnel.",Statistics,Total number of police officers
35-10-0077-01,17,"Given that small counts of personnel employed by police service identified as being ""non-binary people"" may exist, the Police Administration Survey (PAS) data has been recoded with these personnel distributed in the “men” or “women” categories. This recoding ensures the protection of confidentiality and privacy of personnel.",Statistics,Men police officers
35-10-0077-01,17,"Given that small counts of personnel employed by police service identified as being ""non-binary people"" may exist, the Police Administration Survey (PAS) data has been recoded with these personnel distributed in the “men” or “women” categories. This recoding ensures the protection of confidentiality and privacy of personnel.",Statistics,Women police officers
35-10-0077-01,18,"Despite the Police Administration Survey being an annual survey, the 2020 cycle had to be cancelled.",,
35-10-0077-01,19,"Victoria Police Department, B.C. includes both Esquimalt Division, and Victoria Police Department, B.C.",Geography,"Victoria, British Columbia, municipal"
35-10-0077-01,20,"As of 2023, the Police Administration Survey is conducted biennially. As such, data were not collected for 2024.",,
35-10-0076-01,1,"Total for Canada includes police officers in the Royal Canadian Mounted Police (RCMP) operation and corporate headquarters, training academy depot division and forensic labs.",Geography,Canada
35-10-0076-01,2,Represents actual police officer strength as of September 30 for 1986 to 1995; as of June 15 for 1996 to 2005; and as of May 15 since 2006.,Statistics,Total number of police officers
35-10-0076-01,2,Represents actual police officer strength as of September 30 for 1986 to 1995; as of June 15 for 1996 to 2005; and as of May 15 since 2006.,Statistics,"Police officers per 100,000 population"
35-10-0076-01,2,Represents actual police officer strength as of September 30 for 1986 to 1995; as of June 15 for 1996 to 2005; and as of May 15 since 2006.,Statistics,Men police officers
35-10-0076-01,2,Represents actual police officer strength as of September 30 for 1986 to 1995; as of June 15 for 1996 to 2005; and as of May 15 since 2006.,Statistics,Women police officers
35-10-0076-01,4,Represents actual civilian and other personnel as of September 30 for 1986 to 1995; as of June 15 for 1996 to 2005; and as of May 15 since 2006.,Statistics,Total number of civilian and other personnel
35-10-0076-01,5,"Data on Criminal Code incidents are provided through the Uniform Crime Reporting (UCR) Survey. Data for UCR (including revisions to the previous year) are released in July, after Police Administration Survey data. For this reason, the previous-year UCR data presented in this table are subject to revision. Excludes Criminal Code traffic incidents.",Statistics,Criminal Code incidents per police officer
35-10-0076-01,6,"Expenditure figures represent gross operating expenditures (in dollars) and include costs that are paid from police department budgets and benefits paid from other sources. Revenues, recoveries and capital expenditures are excluded. Figures include the amount billed to the province, territory or municipality for Royal Canadian Mounted Police (RCMP) contract policing and not the total cost of the contract. In some provinces, provincial policing is paid for by the municipalities.",Statistics,Total expenditures on policing
35-10-0076-01,7,Figures represent expenditures divided by the population of the area (rounded to the nearest dollar).,Statistics,Per capita cost
35-10-0076-01,8,"Represents the number of fully-sworn police officer positions that the police service was allowed to fill during the calendar or fiscal year, whether or not that number of officers was hired.",Statistics,Authorized police officer strength
35-10-0076-01,8,"Represents the number of fully-sworn police officer positions that the police service was allowed to fill during the calendar or fiscal year, whether or not that number of officers was hired.",Statistics,"Authorized police officer strength per 100,000 population"
35-10-0076-01,9,"Rates are calculated per 100,000 population. Population estimates provided by Statistics Canada, Demography Division.",Statistics,"Police officers per 100,000 population"
35-10-0076-01,9,"Rates are calculated per 100,000 population. Population estimates provided by Statistics Canada, Demography Division.",Statistics,"Authorized police officer strength per 100,000 population"
35-10-0076-01,10,"The Crime Severity Index (CSI) takes into account both the volume and the seriousness of crime. In the calculation of the CSI, each offence is assigned a weight, derived from average sentences handed down by criminal courts. The more serious the average sentence, the higher the weight for that offence. As a result, more serious offences have a greater impact on changes in the index. All Criminal Code offences, including traffic offences and other federal statute offences, are included in the CSI.",Statistics,Crime severity index
35-10-0076-01,11,"Criminal incidents can either be cleared by charge or cleared otherwise (for example, through extrajudicial means in instances where a charge could otherwise be laid). The weighted clearance rate is based on the same principle used to create the police-reported Crime Severity Index, whereby more serious offences are assigned a higher weight than less serious offences. Applying this concept to clearance rates means that, for example, the clearance of a homicide, robbery or break and enter receives a higher weight than the clearance of less serious offences such as minor theft, mischief and disturbing the peace.",Statistics,Weighted clearance rate
35-10-0076-01,12,Represents the actual number of police officers and civilian and other personnel as of September 30 for 1986 to 1995; as of June 15 for 1996 to 2005; and as of May 15 since 2006.,Statistics,Total number of all personnel
35-10-0076-01,13,Excludes personnel from the Royal Canadian Mounted Police Headquarters.,Geography,Ontario
35-10-0076-01,14,Excludes personnel from the Royal Canadian Mounted Police Training Academy at Depot division and forensic labs.,Geography,Saskatchewan
35-10-0076-01,15,This table reflects the weighted clearance rates and crime severity index data available at the time of publishing. The weighted clearance rate and crime severity index (CSI) are updated every year in July with the release of data from the Uniform Crime Reporting Survey. For the most up to date weighted clearance rate and CSI please see CANSIM tables 252-0052 and 252-0083 to 252-0089.,Statistics,Crime severity index
35-10-0076-01,15,This table reflects the weighted clearance rates and crime severity index data available at the time of publishing. The weighted clearance rate and crime severity index (CSI) are updated every year in July with the release of data from the Uniform Crime Reporting Survey. For the most up to date weighted clearance rate and CSI please see CANSIM tables 252-0052 and 252-0083 to 252-0089.,Statistics,Weighted clearance rate
35-10-0076-01,16,"This category includes civilians personnel, special constables and recruits (cadets and trainees).",Statistics,Total number of civilian and other personnel
35-10-0076-01,17,Some minor variances with the counts may appear when comparing the 2017 and 2018 survey data. This is due to a methodology change which categorizes Royal Canadian Mounted Police personnel within the respondent codes.,Geography,"Royal Canadian Mounted Police (RCMP) operation and corporate headquarters, training academy depot division and forensic labs"
35-10-0076-01,18,"Given that small counts of personnel employed by police service identified as being ""non-binary people"" may exist, the Police Administration Survey (PAS) data has been recoded with these personnel distributed in the “men” or “women” categories. This recoding ensures the protection of confidentiality and privacy of personnel.",Statistics,Total number of police officers
35-10-0076-01,18,"Given that small counts of personnel employed by police service identified as being ""non-binary people"" may exist, the Police Administration Survey (PAS) data has been recoded with these personnel distributed in the “men” or “women” categories. This recoding ensures the protection of confidentiality and privacy of personnel.",Statistics,Men police officers
35-10-0076-01,18,"Given that small counts of personnel employed by police service identified as being ""non-binary people"" may exist, the Police Administration Survey (PAS) data has been recoded with these personnel distributed in the “men” or “women” categories. This recoding ensures the protection of confidentiality and privacy of personnel.",Statistics,Women police officers
35-10-0076-01,19,"Despite the Police Administration Survey being an annual survey, the 2020 cycle had to be cancelled.",,
35-10-0076-01,20,"As of 2023, the Police Administration Survey is conducted biennially. As such, data were not collected for 2024.",,
