date,year,month,year_month,day_of_week,holiday,weekend_or_holiday,calls_presented,avg_queue_time,max_queue_time,calls_handled,avg_speed_of_answer,avg_handle_time,max_handle_time,calls_abandoned,target_seconds,answered_within_target,abandoned_within_target,pct_handled_within_target,pct_within_target_excl_abandoned,pct_within_target_abandoned_positive,pct_answered_within_target,percentage_of_calls_handled,percentage_of_calls_abandoned
2019-03-01,2019,Mar,2019-03-01,Fri,FALSE,FALSE,342,31,464,312,29,108,951,30,30,254,21,81.4,79.1,80.4,74.3,91.2,8.8
2019-03-02,2019,Mar,2019-03-01,Sat,FALSE,TRUE,122,45,1811,114,43,95,309,8,30,91,4,79.8,77.1,77.9,74.6,93.4,6.6
2019-03-03,2019,Mar,2019-03-01,Sun,FALSE,TRUE,86,19,245,80,20,116,363,6,30,70,6,87.5,87.5,88.4,81.4,93,7
2019-03-04,2019,Mar,2019-03-01,Mon,FALSE,FALSE,292,9,363,283,8,83,645,9,30,280,8,98.9,98.6,98.6,95.9,96.9,3.1
2019-03-05,2019,Mar,2019-03-01,Tue,FALSE,FALSE,298,21,871,275,15,105,953,23,30,253,16,92,89.7,90.3,84.9,92.3,7.7
2019-03-06,2019,Mar,2019-03-01,Wed,FALSE,FALSE,282,17,441,263,16,94,688,19,30,239,12,90.9,88.5,89,84.8,93.3,6.7
2019-03-07,2019,Mar,2019-03-01,Thu,FALSE,FALSE,275,10,225,258,10,108,688,17,30,247,13,95.7,94.3,94.6,89.8,93.8,6.2
2019-03-08,2019,Mar,2019-03-01,Fri,FALSE,FALSE,251,15,216,234,14,118,798,17,30,217,12,92.7,90.8,91.2,86.5,93.2,6.8
2019-03-09,2019,Mar,2019-03-01,Sat,FALSE,TRUE,116,36,786,107,29,144,1356,9,30,90,5,84.1,81.1,81.9,77.6,92.2,7.8
2019-03-10,2019,Mar,2019-03-01,Sun,FALSE,TRUE,78,14,199,78,14,129,612,0,30,72,0,92.3,92.3,92.3,92.3,100,0
2019-03-11,2019,Mar,2019-03-01,Mon,FALSE,FALSE,380,29,513,354,27,117,1177,26,30,318,17,89.8,87.6,88.2,83.7,93.2,6.8
2019-03-12,2019,Mar,2019-03-01,Tue,FALSE,FALSE,329,9,196,316,9,103,758,13,30,299,12,94.6,94.3,94.5,90.9,96.1,4
2019-03-13,2019,Mar,2019-03-01,Wed,FALSE,FALSE,306,14,239,290,14,102,643,16,30,260,10,89.7,87.8,88.2,85,94.8,5.2
2019-03-14,2019,Mar,2019-03-01,Thu,FALSE,FALSE,291,43,764,258,38,116,891,33,30,217,19,84.1,79.8,81.1,74.6,88.7,11.3
2019-03-15,2019,Mar,2019-03-01,Fri,FALSE,FALSE,325,21,350,304,20,125,908,21,30,272,13,89.5,87.2,87.7,83.7,93.5,6.5
2019-03-16,2019,Mar,2019-03-01,Sat,FALSE,TRUE,94,32,411,83,26,140,701,11,30,73,6,88,83,84,77.7,88.3,11.7
2019-03-17,2019,Mar,2019-03-01,Sun,FALSE,TRUE,68,22,485,64,15,157,946,4,30,57,2,89.1,86.4,86.8,83.8,94.1,5.9
2019-03-18,2019,Mar,2019-03-01,Mon,FALSE,FALSE,336,23,519,321,18,107,766,15,30,288,9,89.7,88.1,88.4,85.7,95.5,4.5
2019-03-19,2019,Mar,2019-03-01,Tue,FALSE,FALSE,310,11,181,286,10,122,810,24,30,270,20,94.4,93.1,93.6,87.1,92.3,7.7
2019-03-20,2019,Mar,2019-03-01,Wed,FALSE,FALSE,299,10,186,286,9,119,1846,13,30,271,11,94.8,94.1,94.3,90.6,95.7,4.4
2019-03-21,2019,Mar,2019-03-01,Thu,FALSE,FALSE,257,31,595,232,26,126,1119,25,30,204,13,87.9,83.6,84.4,79.4,90.3,9.7
2019-03-22,2019,Mar,2019-03-01,Fri,FALSE,FALSE,309,29,581,275,26,111,958,34,30,218,23,79.3,76.2,78,70.6,89,11
2019-03-23,2019,Mar,2019-03-01,Sat,FALSE,TRUE,92,12,254,87,12,104,1402,5,30,79,5,90.8,90.8,91.3,85.9,94.6,5.4
2019-03-24,2019,Mar,2019-03-01,Sun,FALSE,TRUE,54,8,25,51,7,88,360,3,30,51,3,100,100,100,94.4,94.4,5.6
2019-03-25,2019,Mar,2019-03-01,Mon,FALSE,FALSE,318,11,332,297,10,108,1324,21,30,285,17,96,94.7,95,89.6,93.4,6.6
2019-03-26,2019,Mar,2019-03-01,Tue,FALSE,FALSE,300,10,177,290,9,120,826,10,30,279,8,96.2,95.6,95.7,93,96.7,3.3
2019-03-27,2019,Mar,2019-03-01,Wed,FALSE,FALSE,294,16,503,284,14,101,768,10,30,262,7,92.3,91.3,91.5,89.1,96.6,3.4
2019-03-28,2019,Mar,2019-03-01,Thu,FALSE,FALSE,274,21,457,263,20,95,443,11,30,233,7,88.6,87.3,87.6,85,96,4
2019-03-29,2019,Mar,2019-03-01,Fri,FALSE,FALSE,291,12,530,273,12,109,609,18,30,259,15,94.9,93.8,94.2,89,93.8,6.2
2019-03-30,2019,Mar,2019-03-01,Sat,FALSE,TRUE,98,29,458,92,27,128,776,6,30,83,2,90.2,86.5,86.7,84.7,93.9,6.1
2019-03-31,2019,Mar,2019-03-01,Sun,FALSE,TRUE,88,40,570,83,37,108,543,5,30,65,2,78.3,75.6,76.1,73.9,94.3,5.7
2019-04-01,2019,Apr,2019-04-01,Mon,FALSE,FALSE,314,15,409,299,15,116,962,15,30,278,12,93,92.1,92.4,88.5,95.2,4.8
2019-04-02,2019,Apr,2019-04-01,Tue,FALSE,FALSE,256,8,375,247,8,108,868,9,30,244,9,98.8,98.8,98.8,95.3,96.5,3.5
2019-04-03,2019,Apr,2019-04-01,Wed,FALSE,FALSE,280,11,192,269,11,115,835,11,30,250,9,92.9,92.3,92.5,89.3,96.1,3.9
2019-04-04,2019,Apr,2019-04-01,Thu,FALSE,FALSE,314,17,290,298,17,118,760,16,30,266,13,89.3,88.4,88.9,84.7,94.9,5.1
2019-04-05,2019,Apr,2019-04-01,Fri,FALSE,FALSE,278,11,334,260,10,109,978,18,30,244,16,93.9,93.1,93.5,87.8,93.5,6.5
2019-04-06,2019,Apr,2019-04-01,Sat,FALSE,TRUE,98,37,368,86,31,146,991,12,30,71,5,82.6,76.3,77.6,72.5,87.8,12.2
2019-04-07,2019,Apr,2019-04-01,Sun,FALSE,TRUE,78,14,189,76,13,108,691,2,30,71,1,93.4,92.2,92.3,91,97.4,2.6
2019-04-08,2019,Apr,2019-04-01,Mon,FALSE,FALSE,385,10,207,367,10,120,1001,18,30,345,18,94,94,94.3,89.6,95.3,4.7
2019-04-09,2019,Apr,2019-04-01,Tue,FALSE,FALSE,306,12,263,289,11,125,647,17,30,279,14,96.5,95.6,95.8,91.2,94.4,5.6
2019-04-10,2019,Apr,2019-04-01,Wed,FALSE,FALSE,304,10,350,296,8,108,1112,8,30,287,5,97,96,96.1,94.4,97.4,2.6
2019-04-11,2019,Apr,2019-04-01,Thu,FALSE,FALSE,240,10,180,219,10,104,1528,21,30,207,20,94.5,94.1,94.6,86.3,91.3,8.8
2019-04-12,2019,Apr,2019-04-01,Fri,FALSE,FALSE,277,19,372,254,18,110,1145,23,30,229,18,90.2,88.4,89.2,82.7,91.7,8.3
2019-04-13,2019,Apr,2019-04-01,Sat,FALSE,TRUE,94,24,211,89,23,113,501,5,30,79,2,88.8,85.9,86.2,84,94.7,5.3
2019-04-14,2019,Apr,2019-04-01,Sun,FALSE,TRUE,44,26,202,43,23,134,582,1,30,38,0,88.4,86.4,86.4,86.4,97.7,2.3
2019-04-15,2019,Apr,2019-04-01,Mon,FALSE,FALSE,296,6,76,282,6,110,1370,14,30,277,14,98.2,98.2,98.3,93.6,95.3,4.7
2019-04-16,2019,Apr,2019-04-01,Tue,FALSE,FALSE,307,8,120,298,8,112,1002,9,30,288,8,96.6,96.3,96.4,93.8,97.1,2.9
2019-04-17,2019,Apr,2019-04-01,Wed,FALSE,FALSE,332,8,134,318,8,114,1641,14,30,305,11,95.9,95,95.2,91.9,95.8,4.2
2019-04-18,2019,Apr,2019-04-01,Thu,FALSE,FALSE,298,33,812,270,32,100,675,28,30,247,20,91.5,88.9,89.6,82.9,90.6,9.4
2019-04-19,2019,Apr,2019-04-01,Fri,TRUE,TRUE,101,36,323,88,28,118,1086,13,30,72,3,81.8,73.5,74.3,71.3,87.1,12.9
2019-04-20,2019,Apr,2019-04-01,Sat,FALSE,TRUE,73,25,575,67,12,112,347,6,30,61,3,91,87.1,87.7,83.6,91.8,8.2
2019-04-21,2019,Apr,2019-04-01,Sun,FALSE,TRUE,59,8,99,56,8,116,781,3,30,52,3,92.9,92.9,93.2,88.1,94.9,5.1
2019-04-22,2019,Apr,2019-04-01,Mon,FALSE,FALSE,271,50,476,232,45,108,794,39,30,156,16,67.2,61.2,63.5,57.6,85.6,14.4
2019-04-23,2019,Apr,2019-04-01,Tue,FALSE,FALSE,396,34,418,365,31,113,696,31,30,305,14,83.6,79.8,80.6,77,92.2,7.8
2019-04-24,2019,Apr,2019-04-01,Wed,FALSE,FALSE,363,19,420,342,18,112,1391,21,30,302,16,88.3,87,87.6,83.2,94.2,5.8
2019-04-25,2019,Apr,2019-04-01,Thu,FALSE,FALSE,967,135,1100,487,180,92,853,480,30,244,322,50.1,37.8,58.5,25.2,50.4,49.6
2019-04-26,2019,Apr,2019-04-01,Fri,FALSE,FALSE,320,32,512,290,24,128,789,30,30,248,13,85.5,80.8,81.6,77.5,90.6,9.4
2019-04-27,2019,Apr,2019-04-01,Sat,FALSE,TRUE,141,38,396,125,31,144,839,16,30,101,6,80.8,74.8,75.9,71.6,88.7,11.4
2019-04-28,2019,Apr,2019-04-01,Sun,FALSE,TRUE,90,21,349,85,22,138,842,5,30,74,5,87.1,87.1,87.8,82.2,94.4,5.6
2019-04-29,2019,Apr,2019-04-01,Mon,FALSE,FALSE,368,10,169,357,9,110,971,11,30,340,8,95.2,94.4,94.6,92.4,97,3
2019-04-30,2019,Apr,2019-04-01,Tue,FALSE,FALSE,338,26,359,308,22,110,832,30,30,270,21,87.7,85.2,86.1,79.9,91.1,8.9
2019-05-01,2019,May,2019-05-01,Wed,FALSE,FALSE,328,13,292,314,13,105,678,14,30,291,13,92.7,92.4,92.7,88.7,95.7,4.3
2019-05-02,2019,May,2019-05-01,Thu,FALSE,FALSE,355,29.5,751,323,26,113.5,804,32,30,260,16,81.4,77.6,78.6,74,90.9,9.1
2019-05-03,2019,May,2019-05-01,Fri,FALSE,FALSE,314,24,301,298,22,123,762,16,30,250,10,83.9,82.2,82.8,79.6,94.9,5.1
2019-05-04,2019,May,2019-05-01,Sat,FALSE,TRUE,107,20,236,103,19,145,946,4,30,86,3,83.5,82.7,83.2,80.4,96.3,3.7
2019-05-05,2019,May,2019-05-01,Sun,FALSE,TRUE,93,27,346,85,23,148,974,8,30,71,6,83.5,81.6,82.8,76.3,91.4,8.6
2019-05-06,2019,May,2019-05-01,Mon,FALSE,FALSE,373,41,612,334,37,135,1133,39,30,278,23,83.2,79.4,80.7,74.5,89.5,10.5
2019-05-07,2019,May,2019-05-01,Tue,FALSE,FALSE,370,19,390,345,19,111,524,25,30,315,20,91.3,90,90.5,85.1,93.2,6.8
2019-05-08,2019,May,2019-05-01,Wed,FALSE,FALSE,307,12,332,296,11,123,1252,11,30,279,8,94.3,93.3,93.5,90.9,96.4,3.6
2019-05-09,2019,May,2019-05-01,Thu,FALSE,FALSE,318,20,259,293,20,129,792,25,30,248,17,84.6,82.4,83.3,78,92.1,7.9
2019-05-10,2019,May,2019-05-01,Fri,FALSE,FALSE,347,73,904,299,66,131,844,48,30,214,18,71.6,65.1,66.9,61.7,86.2,13.8
2019-05-11,2019,May,2019-05-01,Sat,FALSE,TRUE,78,20,534,77,20,98,327,1,30,69,0,89.6,88.5,88.5,88.5,98.7,1.3
2019-05-12,2019,May,2019-05-01,Sun,FALSE,TRUE,63,16,296,60,16,116,777,3,30,55,2,91.7,90.2,90.5,87.3,95.2,4.8
2019-05-13,2019,May,2019-05-01,Mon,FALSE,FALSE,364,64,698,305,59,116,734,59,30,216,27,70.8,64.1,66.8,59.3,83.8,16.2
2019-05-14,2019,May,2019-05-01,Tue,FALSE,FALSE,322,20,406,304,17,123,1160,18,30,268,6,88.2,84.8,85.1,83.2,94.4,5.6
2019-05-15,2019,May,2019-05-01,Wed,FALSE,FALSE,332,10,217,319,9,127,831,13,30,309,12,96.9,96.6,96.7,93.1,96.1,3.9
2019-05-16,2019,May,2019-05-01,Thu,FALSE,FALSE,374,78,5908,330,40,122,2822,44,30,266,14,80.6,73.9,74.9,71.1,88.2,11.8
2019-05-17,2019,May,2019-05-01,Fri,FALSE,FALSE,316,39,419,281,36,124,557,35,30,215,16,76.5,71.7,73.1,68,88.9,11.1
2019-05-18,2019,May,2019-05-01,Sat,FALSE,TRUE,102,35,426,90,31,151,744,12,30,72,8,80,76.6,78.4,70.6,88.2,11.8
2019-05-19,2019,May,2019-05-01,Sun,FALSE,TRUE,104,29,481,94,21,108,773,10,30,83,5,88.3,83.8,84.6,79.8,90.4,9.6
2019-05-20,2019,May,2019-05-01,Mon,TRUE,TRUE,70,17,259,62,9,134,1054,8,30,58,4,93.6,87.9,88.6,82.9,88.6,11.4
2019-05-21,2019,May,2019-05-01,Tue,FALSE,FALSE,403,23,371,381,22,125,938,22,30,325,14,85.3,83.6,84.1,80.7,94.5,5.5
2019-05-22,2019,May,2019-05-01,Wed,FALSE,FALSE,331,20,558,309,19,129,840,22,30,282,19,91.3,90.4,90.9,85.2,93.4,6.7
2019-05-23,2019,May,2019-05-01,Thu,FALSE,FALSE,331,25,364,309,21,134,961,22,30,261,10,84.5,81.3,81.9,78.9,93.4,6.7
2019-05-24,2019,May,2019-05-01,Fri,FALSE,FALSE,369,40,593,340,34,120,986,29,30,261,10,76.8,72.7,73.4,70.7,92.1,7.9
2019-05-25,2019,May,2019-05-01,Sat,FALSE,TRUE,139,63,646,119,61,120,910,20,30,86,7,72.3,65.2,66.9,61.9,85.6,14.4
2019-05-26,2019,May,2019-05-01,Sun,FALSE,TRUE,93,24,342,88,23,114,592,5,30,76,3,86.4,84.4,85,81.7,94.6,5.4
2019-05-27,2019,May,2019-05-01,Mon,FALSE,FALSE,429,41,853,401,37,142,847,28,30,321,14,80.1,77.4,78.1,74.8,93.5,6.5
2019-05-28,2019,May,2019-05-01,Tue,FALSE,FALSE,306,7,91,290,8,141,677,16,30,284,16,97.9,97.9,98,92.8,94.8,5.2
2019-05-29,2019,May,2019-05-01,Wed,FALSE,FALSE,330,10,164,316,10,135,1300,14,30,303,13,95.9,95.6,95.8,91.8,95.8,4.2
2019-05-30,2019,May,2019-05-01,Thu,FALSE,FALSE,358,20,287,332,21,123,1757,26,30,289,23,87.1,86.3,87.2,80.7,92.7,7.3
2019-05-31,2019,May,2019-05-01,Fri,FALSE,FALSE,355,21,269,333,21,136,785,22,30,283,16,85,83.5,84.2,79.7,93.8,6.2
2019-06-01,2019,Jun,2019-06-01,Sat,FALSE,TRUE,95,28,304,90,29,109,378,5,30,76,4,84.4,83.5,84.2,80,94.7,5.3
2019-06-02,2019,Jun,2019-06-01,Sun,FALSE,TRUE,101,29,363,94,26,151,739,7,30,79,5,84,82.3,83.2,78.2,93.1,6.9
2019-06-03,2019,Jun,2019-06-01,Mon,FALSE,FALSE,439,18,256,416,17,126,787,23,30,362,17,87,85.8,86.3,82.5,94.8,5.2
2019-06-04,2019,Jun,2019-06-01,Tue,FALSE,FALSE,374,16,264,350,16,119,647,24,30,313,19,89.4,88.2,88.8,83.7,93.6,6.4
2019-06-05,2019,Jun,2019-06-01,Wed,FALSE,FALSE,342,18,278,321,17,108,593,21,30,281,15,87.5,85.9,86.6,82.2,93.9,6.1
2019-06-06,2019,Jun,2019-06-01,Thu,FALSE,FALSE,363,36,683,337,35,113,580,26,30,278,15,82.5,79.9,80.7,76.6,92.8,7.2
2019-06-07,2019,Jun,2019-06-01,Fri,FALSE,FALSE,392,38,498,349,35,110,836,43,30,275,25,78.8,74.9,76.5,70.2,89,11
2019-06-08,2019,Jun,2019-06-01,Sat,FALSE,TRUE,166,49,625,141,43,117,533,25,30,100,13,70.9,65.4,68.1,60.2,84.9,15.1
2019-06-09,2019,Jun,2019-06-01,Sun,FALSE,TRUE,120,9,130,114,9,109,421,6,30,109,6,95.6,95.6,95.8,90.8,95,5
2019-06-10,2019,Jun,2019-06-01,Mon,FALSE,FALSE,420,19,450,394,19,116,937,26,30,353,21,89.6,88.5,89.1,84.1,93.8,6.2
2019-06-11,2019,Jun,2019-06-01,Tue,FALSE,FALSE,360,12,269,351,12,122,1703,9,30,335,9,95.4,95.4,95.6,93.1,97.5,2.5
2019-06-12,2019,Jun,2019-06-01,Wed,FALSE,FALSE,353,23,367,337,20,119,740,16,30,295,7,87.5,85.3,85.6,83.6,95.5,4.5
2019-06-13,2019,Jun,2019-06-01,Thu,FALSE,FALSE,325,25,327,299,24,106,460,26,30,247,17,82.6,80.2,81.2,76,92,8
2019-06-14,2019,Jun,2019-06-01,Fri,FALSE,FALSE,325,38,530,301,37,121,699,24,30,249,16,82.7,80.6,81.5,76.6,92.6,7.4
2019-06-15,2019,Jun,2019-06-01,Sat,FALSE,TRUE,91,36,543,83,27,154,796,8,30,72,3,86.8,81.8,82.4,79.1,91.2,8.8
2019-06-16,2019,Jun,2019-06-01,Sun,FALSE,TRUE,83,37,379,72,22,138,558,11,30,63,3,87.5,78.8,79.5,75.9,86.8,13.3
2019-06-17,2019,Jun,2019-06-01,Mon,FALSE,FALSE,390,33,449,366,31,112,826,24,30,295,14,80.6,78.5,79.2,75.6,93.9,6.2
2019-06-18,2019,Jun,2019-06-01,Tue,FALSE,FALSE,375,23,336,355,22,111,873,20,30,304,14,85.6,84.2,84.8,81.1,94.7,5.3
2019-06-19,2019,Jun,2019-06-01,Wed,FALSE,FALSE,366,11,220,350,11,113,782,16,30,328,13,93.7,92.9,93.2,89.6,95.6,4.4
2019-06-20,2019,Jun,2019-06-01,Thu,FALSE,FALSE,338,30,574,321,29,108,708,17,30,263,7,81.9,79.5,79.9,77.8,95,5
2019-06-21,2019,Jun,2019-06-01,Fri,FALSE,FALSE,344,33,1190,326,32,123,861,18,30,278,10,85.3,83.2,83.7,80.8,94.8,5.2
2019-06-22,2019,Jun,2019-06-01,Sat,FALSE,TRUE,126,24,455,118,21,103,401,8,30,102,6,86.4,85,85.7,81,93.7,6.4
2019-06-23,2019,Jun,2019-06-01,Sun,FALSE,TRUE,135,16,229,128,16,108,714,7,30,115,5,89.8,88.5,88.9,85.2,94.8,5.2
2019-06-24,2019,Jun,2019-06-01,Mon,FALSE,FALSE,359,21,475,335,18,127,1207,24,30,297,13,88.7,85.8,86.4,82.7,93.3,6.7
2019-06-25,2019,Jun,2019-06-01,Tue,FALSE,FALSE,398,19,548,366,19,119,765,32,30,330,26,90.2,88.7,89.5,82.9,92,8
2019-06-26,2019,Jun,2019-06-01,Wed,FALSE,FALSE,361,31,372,330,30,130,1074,31,30,255,20,77.3,74.8,76.2,70.6,91.4,8.6
2019-06-27,2019,Jun,2019-06-01,Thu,FALSE,FALSE,377,39,602,324,35,133,1558,53,30,258,30,79.6,74.4,76.4,68.4,85.9,14.1
2019-06-28,2019,Jun,2019-06-01,Fri,FALSE,FALSE,330,30,621,293,28,131,1034,37,30,236,23,80.6,76.9,78.5,71.5,88.8,11.2
2019-06-29,2019,Jun,2019-06-01,Sat,FALSE,TRUE,130,25,291,120,24,98,703,10,30,100,6,83.3,80.7,81.5,76.9,92.3,7.7
2019-06-30,2019,Jun,2019-06-01,Sun,FALSE,TRUE,105,28,729,98,20,124,1527,7,30,86,5,87.8,86,86.7,81.9,93.3,6.7
2019-07-01,2019,Jul,2019-07-01,Mon,TRUE,TRUE,140,30,557,125,24,91,743,15,30,114,7,91.2,85.7,86.4,81.4,89.3,10.7
2019-07-02,2019,Jul,2019-07-01,Tue,FALSE,FALSE,375,37,386,348,36,126,1211,27,30,261,16,75,72.7,73.9,69.6,92.8,7.2
2019-07-03,2019,Jul,2019-07-01,Wed,FALSE,FALSE,433,38,415,383,38,115,570,50,30,281,28,73.4,69.4,71.4,64.9,88.5,11.6
2019-07-04,2019,Jul,2019-07-01,Thu,FALSE,FALSE,390,33,602,351,29,124,609,39,30,275,21,78.4,74.5,75.9,70.5,90,10
2019-07-05,2019,Jul,2019-07-01,Fri,FALSE,FALSE,308,43,587,268,37,102,657,40,30,205,20,76.5,71.2,73.1,66.6,87,13
2019-07-06,2019,Jul,2019-07-01,Sat,FALSE,TRUE,111,17,278,102,16,113,506,9,30,92,7,90.2,88.5,89.2,82.9,91.9,8.1
2019-07-07,2019,Jul,2019-07-01,Sun,FALSE,TRUE,90,24,307,78,12,145,1106,12,30,71,4,91,82.6,83.3,78.9,86.7,13.3
2019-07-08,2019,Jul,2019-07-01,Mon,FALSE,FALSE,409,37,366,365,36,136,677,44,30,268,27,73.4,70.2,72.1,65.5,89.2,10.8
2019-07-09,2019,Jul,2019-07-01,Tue,FALSE,FALSE,373,15,362,348,15,121,1324,25,30,316,22,90.8,90,90.6,84.7,93.3,6.7
2019-07-10,2019,Jul,2019-07-01,Wed,FALSE,FALSE,381,28,389,349,26,122,977,32,30,296,21,84.8,82.2,83.2,77.7,91.6,8.4
2019-07-11,2019,Jul,2019-07-01,Thu,FALSE,FALSE,334,14,390,319,13,113,742,15,30,294,11,92.2,91,91.3,88,95.5,4.5
2019-07-12,2019,Jul,2019-07-01,Fri,FALSE,FALSE,309,26,481,289,23,106,518,20,30,260,14,90,88.1,88.7,84.1,93.5,6.5
2019-07-13,2019,Jul,2019-07-01,Sat,FALSE,TRUE,76,10,129,66,8,119,505,10,30,64,8,97,94.1,94.7,84.2,86.8,13.2
2019-07-14,2019,Jul,2019-07-01,Sun,FALSE,TRUE,94,9,133,86,8,93,655,8,30,82,5,95.4,92.1,92.6,87.2,91.5,8.5
2019-07-15,2019,Jul,2019-07-01,Mon,FALSE,FALSE,352,15,555,336,13,114,791,16,30,317,11,94.4,93,93.2,90.1,95.5,4.6
2019-07-16,2019,Jul,2019-07-01,Tue,FALSE,FALSE,313,12,175,303,12,110,810,10,30,285,9,94.1,93.8,93.9,91.1,96.8,3.2
2019-07-17,2019,Jul,2019-07-01,Wed,FALSE,FALSE,383,29,556,357,29,117,1535,26,30,311,17,87.1,85,85.6,81.2,93.2,6.8
2019-07-18,2019,Jul,2019-07-01,Thu,FALSE,FALSE,338,26,440,313,22,116,766,25,30,264,14,84.4,81.5,82.3,78.1,92.6,7.4
2019-07-19,2019,Jul,2019-07-01,Fri,FALSE,FALSE,328,35,432,292,31,139,1325,36,30,233,16,79.8,74.7,75.9,71,89,11
2019-07-20,2019,Jul,2019-07-01,Sat,FALSE,TRUE,137,36,391,121,28,119,619,16,30,95,7,78.5,73.1,74.5,69.3,88.3,11.7
2019-07-21,2019,Jul,2019-07-01,Sun,FALSE,TRUE,126,51,502,108,36,162,639,18,30,87,6,80.6,72.5,73.8,69.1,85.7,14.3
2019-07-22,2019,Jul,2019-07-01,Mon,FALSE,FALSE,387,15,190,363,15,117,708,24,30,322,21,88.7,88,88.6,83.2,93.8,6.2
2019-07-23,2019,Jul,2019-07-01,Tue,FALSE,FALSE,336,10,173,323,10,116,1047,13,30,304,11,94.1,93.5,93.8,90.5,96.1,3.9
2019-07-24,2019,Jul,2019-07-01,Wed,FALSE,FALSE,332,19,783,317,18,115,550,15,30,297,9,93.7,92,92.2,89.5,95.5,4.5
2019-07-25,2019,Jul,2019-07-01,Thu,FALSE,FALSE,336,23,327,312,22,123,1486,24,30,268,17,85.9,84,84.8,79.8,92.9,7.1
2019-07-26,2019,Jul,2019-07-01,Fri,FALSE,FALSE,287,21,320,275,20,117,960,12,30,241,6,87.6,85.8,86.1,84,95.8,4.2
2019-07-27,2019,Jul,2019-07-01,Sat,FALSE,TRUE,120,45,649,108,35,111,581,12,30,87,6,80.6,76.3,77.5,72.5,90,10
2019-07-28,2019,Jul,2019-07-01,Sun,FALSE,TRUE,101,25,714,95,25,117,465,6,30,83,5,87.4,86.5,87.1,82.2,94.1,5.9
2019-07-29,2019,Jul,2019-07-01,Mon,FALSE,FALSE,334,12,252,316,12,115,566,18,30,294,15,93,92.2,92.5,88,94.6,5.4
2019-07-30,2019,Jul,2019-07-01,Tue,FALSE,FALSE,321,29,301,289,28,106,546,32,30,237,21,82,79,80.4,73.8,90,10
2019-07-31,2019,Jul,2019-07-01,Wed,FALSE,FALSE,345,36,477,334,33,117,1096,11,30,285,4,85.3,83.6,83.8,82.6,96.8,3.2
2019-08-01,2019,Aug,2019-08-01,Thu,FALSE,FALSE,325,43,516,284,36,115,598,41,30,233,17,82,75.7,76.9,71.7,87.4,12.6
2019-08-02,2019,Aug,2019-08-01,Fri,FALSE,FALSE,328,92,992,266,79,142,885,62,30,184,18,69.2,59.4,61.6,56.1,81.1,18.9
2019-08-03,2019,Aug,2019-08-01,Sat,FALSE,TRUE,92,49,958,79,30,135,546,13,30,64,4,81,72.7,73.9,69.6,85.9,14.1
2019-08-04,2019,Aug,2019-08-01,Sun,FALSE,TRUE,74,18,196,71,18,129,658,3,30,65,3,91.6,91.6,91.9,87.8,96,4.1
2019-08-05,2019,Aug,2019-08-01,Mon,TRUE,TRUE,103,11,327,98,11,101,578,5,30,92,4,93.9,92.9,93.2,89.3,95.2,4.9
2019-08-06,2019,Aug,2019-08-01,Tue,FALSE,FALSE,410,15,230,379,14,122,1335,31,30,341,23,90,88.1,88.8,83.2,92.4,7.6
2019-08-07,2019,Aug,2019-08-01,Wed,FALSE,FALSE,343,13,189,332,13,121,768,11,30,301,10,90.7,90.4,90.7,87.8,96.8,3.2
2019-08-08,2019,Aug,2019-08-01,Thu,FALSE,FALSE,340,27,550,319,24,112,581,21,30,273,7,85.6,82,82.4,80.3,93.8,6.2
2019-08-09,2019,Aug,2019-08-01,Fri,FALSE,FALSE,331,29,435,310,27,126,1724,21,30,251,15,81,79.4,80.4,75.8,93.7,6.3
2019-08-10,2019,Aug,2019-08-01,Sat,FALSE,TRUE,126,22,239,117,22,139,836,9,30,100,8,85.5,84.8,85.7,79.4,92.9,7.1
2019-08-11,2019,Aug,2019-08-01,Sun,FALSE,TRUE,101,22,747,97,19,112,389,4,30,89,2,91.8,89.9,90.1,88.1,96,4
2019-08-12,2019,Aug,2019-08-01,Mon,FALSE,FALSE,363,13,250,342,12,111,905,21,30,318,18,93,92.2,92.6,87.6,94.2,5.8
2019-08-13,2019,Aug,2019-08-01,Tue,FALSE,FALSE,346,8,181,342,8,104,612,4,30,335,4,98,98,98,96.8,98.8,1.2
2019-08-14,2019,Aug,2019-08-01,Wed,FALSE,FALSE,312,11,214,301,10,116,805,11,30,289,8,96,95.1,95.2,92.6,96.5,3.5
2019-08-15,2019,Aug,2019-08-01,Thu,FALSE,FALSE,310,23,229,285,22,121,675,25,30,238,18,83.5,81.5,82.6,76.8,91.9,8.1
2019-08-16,2019,Aug,2019-08-01,Fri,FALSE,FALSE,308,15,391,292,14,117,918,16,30,271,12,92.8,91.6,91.9,88,94.8,5.2
2019-08-17,2019,Aug,2019-08-01,Sat,FALSE,TRUE,110,13,161,106,12,95,460,4,30,97,2,91.5,89.8,90,88.2,96.4,3.6
2019-08-18,2019,Aug,2019-08-01,Sun,FALSE,TRUE,75,15,154,69,14,101,501,6,30,62,3,89.9,86.1,86.7,82.7,92,8
2019-08-19,2019,Aug,2019-08-01,Mon,FALSE,FALSE,349,23,543,321,23,127,1047,28,30,281,22,87.5,85.9,86.8,80.5,92,8
2019-08-20,2019,Aug,2019-08-01,Tue,FALSE,FALSE,355,44,395,309,44,123,766,46,30,221,31,71.5,68.2,71,62.3,87,13
2019-08-21,2019,Aug,2019-08-01,Wed,FALSE,FALSE,306,42,841,273,40,124,1895,33,30,225,22,82.4,79.2,80.7,73.5,89.2,10.8
2019-08-22,2019,Aug,2019-08-01,Thu,FALSE,FALSE,291,30,440,266,29,131,961,25,30,232,18,87.2,85,85.9,79.7,91.4,8.6
2019-08-23,2019,Aug,2019-08-01,Fri,FALSE,FALSE,305,14,525,294,10,119,818,11,30,282,7,95.9,94.6,94.8,92.5,96.4,3.6
2019-08-24,2019,Aug,2019-08-01,Sat,FALSE,TRUE,114,31,713,106,26,108,583,8,30,94,1,88.7,83.2,83.3,82.5,93,7
2019-08-25,2019,Aug,2019-08-01,Sun,FALSE,TRUE,75,15,129,67,10,99,286,8,30,61,4,91,85.9,86.7,81.3,89.3,10.7
2019-08-26,2019,Aug,2019-08-01,Mon,FALSE,FALSE,383,12,425,364,12,117,829,19,30,344,17,94.5,94,94.3,89.8,95,5
2019-08-27,2019,Aug,2019-08-01,Tue,FALSE,FALSE,274,16,326,257,13,128,964,17,30,242,7,94.2,90.6,90.9,88.3,93.8,6.2
2019-08-28,2019,Aug,2019-08-01,Wed,FALSE,FALSE,344,13,302,329,12,123,1506,15,30,314,12,95.4,94.6,94.8,91.3,95.6,4.4
2019-08-29,2019,Aug,2019-08-01,Thu,FALSE,FALSE,360,13,540,328,11,121,759,32,30,306,22,93.3,90.5,91.1,85,91.1,8.9
2019-08-30,2019,Aug,2019-08-01,Fri,FALSE,FALSE,297,25,474,278,22,113,787,19,30,226,12,81.3,79.3,80.1,76.1,93.6,6.4
2019-08-31,2019,Aug,2019-08-01,Sat,FALSE,TRUE,95,50,1010,87,39,121,727,8,30,71,4,81.6,78,79,74.7,91.6,8.4
2019-09-01,2019,Sep,2019-09-01,Sun,FALSE,TRUE,69,26,413,65,23,93,307,4,30,59,3,90.8,89.4,89.9,85.5,94.2,5.8
2019-09-02,2019,Sep,2019-09-01,Mon,TRUE,TRUE,96,23,312,90,20,116,432,6,30,76,5,84.4,83.5,84.4,79.2,93.8,6.3
2019-09-03,2019,Sep,2019-09-01,Tue,FALSE,FALSE,392,16,523,369,14,109,669,23,30,339,17,91.9,90.4,90.8,86.5,94.1,5.9
2019-09-04,2019,Sep,2019-09-01,Wed,FALSE,FALSE,337,9,103,324,9,109,794,13,30,302,12,93.2,92.9,93.2,89.6,96.1,3.9
2019-09-05,2019,Sep,2019-09-01,Thu,FALSE,FALSE,361,63,741,313,58,120,1209,48,30,227,25,72.5,67.6,69.8,62.9,86.7,13.3
2019-09-06,2019,Sep,2019-09-01,Fri,FALSE,FALSE,347,50,482,309,49,111,763,38,30,225,23,72.8,69.4,71.5,64.8,89.1,11
2019-09-07,2019,Sep,2019-09-01,Sat,FALSE,TRUE,81,19,350,78,19,115,535,3,30,74,2,94.9,93.7,93.8,91.4,96.3,3.7
2019-09-08,2019,Sep,2019-09-01,Sun,FALSE,TRUE,77,41,849,74,40,142,915,3,30,64,2,86.5,85.3,85.7,83.1,96.1,3.9
2019-09-09,2019,Sep,2019-09-01,Mon,FALSE,FALSE,388,30,448,361,29,126,815,27,30,293,17,81.2,79,79.9,75.5,93,7
2019-09-10,2019,Sep,2019-09-01,Tue,FALSE,FALSE,355,10,382,344,8,107,971,11,30,339,7,98.6,97.4,97.5,95.5,96.9,3.1
2019-09-11,2019,Sep,2019-09-01,Wed,FALSE,FALSE,307,9,180,298,8,119,1825,9,30,286,8,96,95.7,95.8,93.2,97.1,2.9
2019-09-12,2019,Sep,2019-09-01,Thu,FALSE,FALSE,289,17,191,279,17,98,1035,10,30,235,9,84.2,83.9,84.4,81.3,96.5,3.5
2019-09-13,2019,Sep,2019-09-01,Fri,FALSE,FALSE,286,30,393,263,26,126,705,23,30,216,10,82.1,78.3,79,75.5,92,8
2019-09-14,2019,Sep,2019-09-01,Sat,FALSE,TRUE,122,28,383,116,23,106,550,6,30,103,3,88.8,86.6,86.9,84.4,95.1,4.9
2019-09-15,2019,Sep,2019-09-01,Sun,FALSE,TRUE,63,6,34,62,6,123,869,1,30,60,1,96.8,96.8,96.8,95.2,98.4,1.6
2019-09-16,2019,Sep,2019-09-01,Mon,FALSE,FALSE,344,17,212,324,16,118,706,20,30,285,11,88,85.6,86.1,82.9,94.2,5.8
2019-09-17,2019,Sep,2019-09-01,Tue,FALSE,FALSE,314,21,341,295,20,124,1082,19,30,252,14,85.4,84,84.7,80.3,94,6.1
2019-09-18,2019,Sep,2019-09-01,Wed,FALSE,FALSE,311,14,379,301,13,109,785,10,30,283,8,94,93.4,93.6,91,96.8,3.2
2019-09-19,2019,Sep,2019-09-01,Thu,FALSE,FALSE,341,22,318,314,21,111,794,27,30,264,20,84.1,82.2,83.3,77.4,92.1,7.9
2019-09-20,2019,Sep,2019-09-01,Fri,FALSE,FALSE,307,23,381,286,22,122,802,21,30,247,15,86.4,84.6,85.3,80.5,93.2,6.8
2019-09-21,2019,Sep,2019-09-01,Sat,FALSE,TRUE,117,42,437,100,37,126,484,17,30,83,9,83,76.9,78.6,70.9,85.5,14.5
2019-09-22,2019,Sep,2019-09-01,Sun,FALSE,TRUE,83,9,87,78,9,140,799,5,30,75,5,96.2,96.2,96.4,90.4,94,6
2019-09-23,2019,Sep,2019-09-01,Mon,FALSE,FALSE,331,16,251,318,16,111,863,13,30,277,9,87.1,86,86.4,83.7,96.1,3.9
2019-09-24,2019,Sep,2019-09-01,Tue,FALSE,FALSE,338,21,366,319,20,107,750,19,30,268,15,84,83,83.7,79.3,94.4,5.6
2019-09-25,2019,Sep,2019-09-01,Wed,FALSE,FALSE,336,20,278,315,19,120,926,21,30,278,12,88.3,85.8,86.3,82.7,93.8,6.3
2019-09-26,2019,Sep,2019-09-01,Thu,FALSE,FALSE,254,30,1098,234,28,116,624,20,30,192,12,82.1,79.3,80.3,75.6,92.1,7.9
2019-09-27,2019,Sep,2019-09-01,Fri,FALSE,FALSE,311,20,507,296,16,106,613,15,30,277,8,93.6,91.4,91.6,89.1,95.2,4.8
2019-09-28,2019,Sep,2019-09-01,Sat,FALSE,TRUE,105,26,574,93,22,124,449,12,30,85,5,91.4,85,85.7,81,88.6,11.4
2019-09-29,2019,Sep,2019-09-01,Sun,FALSE,TRUE,75,42,510,70,37,146,910,5,30,57,1,81.4,77,77.3,76,93.3,6.7
2019-09-30,2019,Sep,2019-09-01,Mon,FALSE,FALSE,352,16,374,341,16,112,790,11,30,307,11,90,90,90.3,87.2,96.9,3.1
2019-10-01,2019,Oct,2019-10-01,Tue,FALSE,FALSE,358,64,1089,303,57,121,788,55,30,227,28,74.9,68.8,71.2,63.4,84.6,15.4
2019-10-02,2019,Oct,2019-10-01,Wed,FALSE,FALSE,276,14,453,262,14,107,681,14,30,241,10,92,90.6,90.9,87.3,94.9,5.1
2019-10-03,2019,Oct,2019-10-01,Thu,FALSE,FALSE,292,20,481,271,19,118,726,21,30,240,15,88.6,86.6,87.3,82.2,92.8,7.2
2019-10-04,2019,Oct,2019-10-01,Fri,FALSE,FALSE,314,23,744,290,21,123,1226,24,30,254,17,87.6,85.5,86.3,80.9,92.4,7.6
2019-10-05,2019,Oct,2019-10-01,Sat,FALSE,TRUE,76,18,302,72,12,137,1317,4,30,67,1,93.1,89.3,89.5,88.2,94.7,5.3
2019-10-06,2019,Oct,2019-10-01,Sun,FALSE,TRUE,62,11,254,60,11,110,544,2,30,58,2,96.7,96.7,96.8,93.6,96.8,3.2
2019-10-07,2019,Oct,2019-10-01,Mon,FALSE,FALSE,310,26,671,289,18,131,1111,21,30,258,9,89.3,85.7,86.1,83.2,93.2,6.8
2019-10-08,2019,Oct,2019-10-01,Tue,FALSE,FALSE,327,11,225,313,11,129,697,14,30,294,11,93.9,93,93.3,89.9,95.7,4.3
2019-10-09,2019,Oct,2019-10-01,Wed,FALSE,FALSE,308,12,265,299,12,132,1087,9,30,281,9,94,94,94.2,91.2,97.1,2.9
2019-10-10,2019,Oct,2019-10-01,Thu,FALSE,FALSE,285,23,289,265,23,119,787,20,30,223,17,84.2,83.2,84.2,78.3,93,7
2019-10-11,2019,Oct,2019-10-01,Fri,FALSE,FALSE,250,28,406,224,25,114,1488,26,30,182,17,81.3,78.1,79.6,72.8,89.6,10.4
2019-10-12,2019,Oct,2019-10-01,Sat,FALSE,TRUE,76,14,183,69,14,97,566,7,30,63,5,91.3,88.7,89.5,82.9,90.8,9.2
2019-10-13,2019,Oct,2019-10-01,Sun,FALSE,TRUE,42,121,2023,33,27,122,495,9,30,29,4,87.9,76.3,78.6,69.1,78.6,21.4
2019-10-14,2019,Oct,2019-10-01,Mon,TRUE,TRUE,88,27,398,84,26,126,571,4,30,73,2,86.9,84.9,85.2,83,95.5,4.6
2019-10-15,2019,Oct,2019-10-01,Tue,FALSE,FALSE,341,53,739,301,49,126,714,40,30,224,14,74.4,68.5,69.8,65.7,88.3,11.7
2019-10-16,2019,Oct,2019-10-01,Wed,FALSE,FALSE,291,14,448,277,9,117,879,14,30,270,9,97.5,95.7,95.9,92.8,95.2,4.8
2019-10-17,2019,Oct,2019-10-01,Thu,FALSE,FALSE,301,30,827,262,24,118,1675,39,30,232,25,88.6,84.1,85.4,77.1,87,13
2019-10-18,2019,Oct,2019-10-01,Fri,FALSE,FALSE,300,17,426,275,18,99,877,25,30,248,21,90.2,88.9,89.7,82.7,91.7,8.3
2019-10-19,2019,Oct,2019-10-01,Sat,FALSE,TRUE,75,19,426,71,14,118,496,4,30,67,2,94.4,91.8,92,89.3,94.7,5.3
2019-10-20,2019,Oct,2019-10-01,Sun,FALSE,TRUE,75,22,513,70,13,108,795,5,30,66,3,94.3,91.7,92,88,93.3,6.7
2019-10-21,2019,Oct,2019-10-01,Mon,FALSE,FALSE,356,12,854,345,11,122,942,11,30,326,9,94.5,94,94.1,91.6,96.9,3.1
2019-10-22,2019,Oct,2019-10-01,Tue,FALSE,FALSE,304,14,366,284,14,120,1845,20,30,258,17,90.9,89.9,90.5,84.9,93.4,6.6
2019-10-23,2019,Oct,2019-10-01,Wed,FALSE,FALSE,304,10,236,283,10,102,793,21,30,270,20,95.4,95.1,95.4,88.8,93.1,6.9
2019-10-24,2019,Oct,2019-10-01,Thu,FALSE,FALSE,307,12,176,277,12,104,860,30,30,253,26,91.3,90,90.9,82.4,90.2,9.8
2019-10-25,2019,Oct,2019-10-01,Fri,FALSE,FALSE,287,23,419,268,22,116,643,19,30,235,14,87.7,86.1,86.8,81.9,93.4,6.6
2019-10-26,2019,Oct,2019-10-01,Sat,FALSE,TRUE,101,31,987,91,32,135,819,10,30,81,7,89,86.2,87.1,80.2,90.1,9.9
2019-10-27,2019,Oct,2019-10-01,Sun,FALSE,TRUE,60,44,743,55,43,124,497,5,30,49,3,89.1,86,86.7,81.7,91.7,8.3
2019-10-28,2019,Oct,2019-10-01,Mon,FALSE,FALSE,358,10,192,337,8,118,563,21,30,324,15,96.1,94.5,94.7,90.5,94.1,5.9
2019-10-29,2019,Oct,2019-10-01,Tue,FALSE,FALSE,336,11,424,323,11,117,2372,13,30,314,13,97.2,97.2,97.3,93.5,96.1,3.9
2019-10-30,2019,Oct,2019-10-01,Wed,FALSE,FALSE,240,10,375,221,9,115,647,19,30,216,17,97.7,96.9,97.1,90,92.1,7.9
2019-10-31,2019,Oct,2019-10-01,Thu,FALSE,FALSE,318,20,541,301,20,95,602,17,30,270,16,89.7,89.4,89.9,84.9,94.7,5.4
2019-11-01,2019,Nov,2019-11-01,Fri,FALSE,FALSE,279,12,288,262,11,116,741,17,30,246,14,93.9,92.8,93.2,88.2,93.9,6.1
2019-11-02,2019,Nov,2019-11-01,Sat,FALSE,TRUE,90,25,483,83,16,110,471,7,30,72,1,86.8,80.9,81.1,80,92.2,7.8
2019-11-03,2019,Nov,2019-11-01,Sun,FALSE,TRUE,63,18,428,61,18,99,385,2,30,56,2,91.8,91.8,92.1,88.9,96.8,3.2
2019-11-04,2019,Nov,2019-11-01,Mon,FALSE,FALSE,337,17,218,325,17,122,848,12,30,292,10,89.9,89.3,89.6,86.7,96.4,3.6
2019-11-05,2019,Nov,2019-11-01,Tue,FALSE,FALSE,341,11,504,328,10,104,518,13,30,308,11,93.9,93.3,93.6,90.3,96.2,3.8
2019-11-06,2019,Nov,2019-11-01,Wed,FALSE,FALSE,292,11,157,278,11,115,850,14,30,261,12,93.9,93.2,93.5,89.4,95.2,4.8
2019-11-07,2019,Nov,2019-11-01,Thu,FALSE,FALSE,289,19,302,269,19,108,623,20,30,239,19,88.9,88.5,89.3,82.7,93.1,6.9
2019-11-08,2019,Nov,2019-11-01,Fri,FALSE,FALSE,304,24,613,271,19,118,996,33,30,243,20,89.7,85.6,86.5,79.9,89.1,10.9
2019-11-09,2019,Nov,2019-11-01,Sat,FALSE,TRUE,63,28,456,55,21,154,522,8,30,49,4,89.1,83.1,84.1,77.8,87.3,12.7
2019-11-10,2019,Nov,2019-11-01,Sun,FALSE,TRUE,47,6,103,44,4,114,410,3,30,44,2,100,97.8,97.9,93.6,93.6,6.4
2019-11-11,2019,Nov,2019-11-01,Mon,FALSE,FALSE,331,64,531,286,61,139,1154,45,30,182,20,63.6,58.5,61,55,86.4,13.6
2019-11-12,2019,Nov,2019-11-01,Tue,FALSE,FALSE,454,14,207,431,13,115,977,23,30,389,16,90.3,88.8,89.2,85.7,94.9,5.1
2019-11-13,2019,Nov,2019-11-01,Wed,FALSE,FALSE,354,19,366,343,19,112,598,11,30,303,7,88.3,87.3,87.6,85.6,96.9,3.1
2019-11-14,2019,Nov,2019-11-01,Thu,FALSE,FALSE,382,53,617,328,40,123,926,54,30,270,18,82.3,74.2,75.4,70.7,85.9,14.1
2019-11-15,2019,Nov,2019-11-01,Fri,FALSE,FALSE,279,23,243,266,22,138,602,13,30,220,9,82.7,81.5,82.1,78.9,95.3,4.7
2019-11-16,2019,Nov,2019-11-01,Sat,FALSE,TRUE,106,104,1433,80,84,141,1021,26,30,58,10,72.5,60.4,64.2,54.7,75.5,24.5
2019-11-17,2019,Nov,2019-11-01,Sun,FALSE,TRUE,73,19,269,71,14,108,509,2,30,65,0,91.6,89,89,89,97.3,2.7
2019-11-18,2019,Nov,2019-11-01,Mon,FALSE,FALSE,347,26,296,321,25,130,1118,26,30,259,17,80.7,78.5,79.5,74.6,92.5,7.5
2019-11-19,2019,Nov,2019-11-01,Tue,FALSE,FALSE,243,7,81,233,7,114,644,10,30,228,10,97.9,97.9,97.9,93.8,95.9,4.1
2019-11-20,2019,Nov,2019-11-01,Wed,FALSE,FALSE,301,15,177,278,14,132,1525,23,30,243,19,87.4,86.2,87,80.7,92.4,7.6
2019-11-21,2019,Nov,2019-11-01,Thu,FALSE,FALSE,263,27,266,240,26,132,645,23,30,198,15,82.5,79.8,81,75.3,91.3,8.8
2019-11-22,2019,Nov,2019-11-01,Fri,FALSE,FALSE,282,32,379,256,29,133,1291,26,30,203,19,79.3,77.2,78.7,72,90.8,9.2
2019-11-23,2019,Nov,2019-11-01,Sat,FALSE,TRUE,77,30,302,71,25,150,669,6,30,56,3,78.9,75.7,76.6,72.7,92.2,7.8
2019-11-24,2019,Nov,2019-11-01,Sun,FALSE,TRUE,68,10,60,63,10,106,438,5,30,60,4,95.2,93.8,94.1,88.2,92.7,7.4
2019-11-25,2019,Nov,2019-11-01,Mon,FALSE,FALSE,381,48,561,338,49,134,710,43,30,228,28,67.5,64.6,67.2,59.8,88.7,11.3
2019-11-26,2019,Nov,2019-11-01,Tue,FALSE,FALSE,312,25,337,286,24,124,496,26,30,235,20,82.2,80.5,81.7,75.3,91.7,8.3
2019-11-27,2019,Nov,2019-11-01,Wed,FALSE,FALSE,281,16,352,266,16,118,867,15,30,244,10,91.7,90,90.4,86.8,94.7,5.3
2019-11-28,2019,Nov,2019-11-01,Thu,FALSE,FALSE,293,17,255,280,17,113,922,13,30,252,12,90,89.7,90.1,86,95.6,4.4
2019-11-29,2019,Nov,2019-11-01,Fri,FALSE,FALSE,249,17,361,237,16,135,968,12,30,207,9,87.3,86.3,86.8,83.1,95.2,4.8
2019-11-30,2019,Nov,2019-11-01,Sat,FALSE,TRUE,91,21,332,84,20,148,1227,7,30,78,5,92.9,90.7,91.2,85.7,92.3,7.7
2019-12-01,2019,Dec,2019-12-01,Sun,FALSE,TRUE,151,63,906,128,59,125,627,23,30,90,9,70.3,63.4,65.6,59.6,84.8,15.2
2019-12-02,2019,Dec,2019-12-01,Mon,FALSE,FALSE,393,35,445,351,33,165,1753,42,30,281,25,80.1,76.4,77.9,71.5,89.3,10.7
2019-12-03,2019,Dec,2019-12-01,Tue,FALSE,FALSE,446,92,1232,360,93,132,1846,86,30,203,39,56.4,49.9,54.3,45.5,80.7,19.3
2019-12-04,2019,Dec,2019-12-01,Wed,FALSE,FALSE,439,69,756,370,65,133,959,69,30,242,29,65.4,59,61.7,55.1,84.3,15.7
2019-12-05,2019,Dec,2019-12-01,Thu,FALSE,FALSE,403,49,435,354,49,136,1652,49,30,236,25,66.7,62.4,64.8,58.6,87.8,12.2
2019-12-06,2019,Dec,2019-12-01,Fri,FALSE,FALSE,329,34,440,295,32,113,1695,34,30,229,23,77.6,74.8,76.6,69.6,89.7,10.3
2019-12-07,2019,Dec,2019-12-01,Sat,FALSE,TRUE,127,32,349,113,27,144,404,14,30,94,7,83.2,78.3,79.5,74,89,11
2019-12-08,2019,Dec,2019-12-01,Sun,FALSE,TRUE,108,45,535,99,42,121,479,9,30,78,3,78.8,74.3,75,72.2,91.7,8.3
2019-12-09,2019,Dec,2019-12-01,Mon,FALSE,FALSE,348,25,521,320,25,104,764,28,30,265,21,82.8,81,82.2,76.2,92,8.1
2019-12-10,2019,Dec,2019-12-01,Tue,FALSE,FALSE,268,13,164,254,12,119,1042,14,30,231,10,90.9,89.5,89.9,86.2,94.8,5.2
2019-12-11,2019,Dec,2019-12-01,Wed,FALSE,FALSE,249,13,265,244,13,118,800,5,30,226,4,92.6,92.2,92.4,90.8,98,2
2019-12-12,2019,Dec,2019-12-01,Thu,FALSE,FALSE,272,13,306,267,13,110,1170,5,30,246,2,92.1,91.1,91.2,90.4,98.2,1.8
2019-12-13,2019,Dec,2019-12-01,Fri,FALSE,FALSE,265,17,268,249,15,106,685,16,30,223,13,89.6,88.5,89.1,84.2,94,6
2019-12-14,2019,Dec,2019-12-01,Sat,FALSE,TRUE,129,81,937,112,74,171,1073,17,30,89,7,79.5,73,74.4,69,86.8,13.2
2019-12-15,2019,Dec,2019-12-01,Sun,FALSE,TRUE,123,54,1011,106,44,132,511,17,30,79,6,74.5,67.5,69.1,64.2,86.2,13.8
2019-12-16,2019,Dec,2019-12-01,Mon,FALSE,FALSE,399,14,472,384,12,117,714,15,30,363,10,94.5,93.3,93.5,91,96.2,3.8
2019-12-17,2019,Dec,2019-12-01,Tue,FALSE,FALSE,338,26,897,316,25,122,1087,22,30,281,18,88.9,87.8,88.5,83.1,93.5,6.5
2019-12-18,2019,Dec,2019-12-01,Wed,FALSE,FALSE,276,10,265,260,10,111,899,16,30,247,15,95,94.6,94.9,89.5,94.2,5.8
2019-12-19,2019,Dec,2019-12-01,Thu,FALSE,FALSE,268,25,839,252,25,100,569,16,30,218,13,86.5,85.5,86.2,81.3,94,6
2019-12-20,2019,Dec,2019-12-01,Fri,FALSE,FALSE,274,19,598,262,19,135,1258,12,30,227,7,86.6,85,85.4,82.9,95.6,4.4
2019-12-21,2019,Dec,2019-12-01,Sat,FALSE,TRUE,116,45,449,102,40,119,597,14,30,79,6,77.5,71.8,73.3,68.1,87.9,12.1
2019-12-22,2019,Dec,2019-12-01,Sun,FALSE,TRUE,81,21,211,73,19,111,546,8,30,63,6,86.3,84,85.2,77.8,90.1,9.9
2019-12-23,2019,Dec,2019-12-01,Mon,FALSE,FALSE,265,9,247,253,9,98,598,12,30,239,10,94.5,93.7,94,90.2,95.5,4.5
2019-12-24,2019,Dec,2019-12-01,Tue,FALSE,FALSE,136,13,321,134,13,103,665,2,30,128,2,95.5,95.5,95.6,94.1,98.5,1.5
2019-12-26,2019,Dec,2019-12-01,Thu,TRUE,TRUE,78,22,231,74,20,111,644,4,30,63,3,85.1,84,84.6,80.8,94.9,5.1
2019-12-27,2019,Dec,2019-12-01,Fri,FALSE,FALSE,193,25,1176,181,18,123,1221,12,30,154,6,85.1,82.4,82.9,79.8,93.8,6.2
2019-12-28,2019,Dec,2019-12-01,Sat,FALSE,TRUE,76,19,309,74,19,165,1289,2,30,67,2,90.5,90.5,90.8,88.2,97.4,2.6
2019-12-29,2019,Dec,2019-12-01,Sun,FALSE,TRUE,59,13,161,55,11,139,512,4,30,53,2,96.4,93,93.2,89.8,93.2,6.8
2019-12-30,2019,Dec,2019-12-01,Mon,FALSE,FALSE,240,10,390,233,10,93,470,7,30,221,7,94.9,94.9,95,92.1,97.1,2.9
2019-12-31,2019,Dec,2019-12-01,Tue,FALSE,FALSE,195,8,166,193,8,120,926,2,30,188,2,97.4,97.4,97.4,96.4,99,1
2020-01-01,2020,Jan,2020-01-01,Wed,TRUE,TRUE,78,13,357,77,12,108,776,1,30,73,1,94.8,94.8,94.9,93.6,98.7,1.3
2020-01-02,2020,Jan,2020-01-01,Thu,FALSE,FALSE,262,17,217,252,15,120,1234,10,30,225,4,89.3,87.2,87.4,85.9,96.2,3.8
2020-01-03,2020,Jan,2020-01-01,Fri,FALSE,FALSE,229,12,188,219,12,122,550,10,30,205,6,93.6,91.9,92.1,89.5,95.6,4.4
2020-01-04,2020,Jan,2020-01-01,Sat,FALSE,TRUE,83,14,345,79,14,125,1003,4,30,75,3,94.9,93.8,94,90.4,95.2,4.8
2020-01-05,2020,Jan,2020-01-01,Sun,FALSE,TRUE,77,16,178,74,16,147,540,3,30,65,2,87.8,86.7,87,84.4,96.1,3.9
2020-01-06,2020,Jan,2020-01-01,Mon,FALSE,FALSE,295,11,220,271,11,120,1201,24,30,255,21,94.1,93.1,93.6,86.4,91.9,8.1
2020-01-07,2020,Jan,2020-01-01,Tue,FALSE,FALSE,256,12,274,246,11,105,1056,10,30,234,8,95.1,94.4,94.5,91.4,96.1,3.9
2020-01-08,2020,Jan,2020-01-01,Wed,FALSE,FALSE,250,10,156,236,11,104,853,14,30,222,14,94.1,94.1,94.4,88.8,94.4,5.6
2020-01-09,2020,Jan,2020-01-01,Thu,FALSE,FALSE,292,14,306,280,13,117,821,12,30,256,8,91.4,90.1,90.4,87.7,95.9,4.1
2020-01-10,2020,Jan,2020-01-01,Fri,FALSE,FALSE,291,8,269,288,8,105,911,3,30,280,2,97.2,96.9,96.9,96.2,99,1
2020-01-11,2020,Jan,2020-01-01,Sat,FALSE,TRUE,155,37,498,145,35,134,683,10,30,121,5,83.5,80.7,81.3,78.1,93.6,6.5
2020-01-12,2020,Jan,2020-01-01,Sun,FALSE,TRUE,105,21,407,101,20,147,1102,4,30,90,2,89.1,87.4,87.6,85.7,96.2,3.8
2020-01-13,2020,Jan,2020-01-01,Mon,FALSE,FALSE,272,17,321,260,17,127,1017,12,30,240,8,92.3,90.9,91.2,88.2,95.6,4.4
2020-01-14,2020,Jan,2020-01-01,Tue,FALSE,FALSE,301,9,241,277,9,107,721,24,30,264,23,95.3,95,95.4,87.7,92,8
2020-01-15,2020,Jan,2020-01-01,Wed,FALSE,FALSE,290,17,279,280,16,104,812,10,30,253,8,90.4,89.7,90,87.2,96.6,3.5
2020-01-16,2020,Jan,2020-01-01,Thu,FALSE,FALSE,266,20,570,251,19,102,574,15,30,236,11,94,92.6,92.9,88.7,94.4,5.6
2020-01-17,2020,Jan,2020-01-01,Fri,FALSE,FALSE,238,13,467,232,13,108,900,6,30,224,3,96.6,95.3,95.4,94.1,97.5,2.5
2020-01-18,2020,Jan,2020-01-01,Sat,FALSE,TRUE,150,48,649,134,41,131,680,16,30,103,8,76.9,72.5,74,68.7,89.3,10.7
2020-01-19,2020,Jan,2020-01-01,Sun,FALSE,TRUE,249,129,1340,199,119,148,900,50,30,103,8,51.8,42.7,44.6,41.4,79.9,20.1
2020-01-20,2020,Jan,2020-01-01,Mon,FALSE,FALSE,407,21,394,382,20,134,1282,25,30,327,16,85.6,83.6,84.3,80.3,93.9,6.1
2020-01-21,2020,Jan,2020-01-01,Tue,FALSE,FALSE,363,11,284,353,10,129,920,10,30,339,6,96,95,95,93.4,97.3,2.8
2020-01-22,2020,Jan,2020-01-01,Wed,FALSE,FALSE,351,19,436,329,19,125,779,22,30,301,19,91.5,90.7,91.2,85.8,93.7,6.3
2020-01-23,2020,Jan,2020-01-01,Thu,FALSE,FALSE,328,14,271,316,14,130,1021,12,30,289,9,91.5,90.6,90.9,88.1,96.3,3.7
2020-01-24,2020,Jan,2020-01-01,Fri,FALSE,FALSE,289,9,205,273,8,115,842,16,30,266,12,97.4,96,96.2,92,94.5,5.5
2020-01-25,2020,Jan,2020-01-01,Sat,FALSE,TRUE,102,8,131,99,7,103,378,3,30,95,1,96,94.1,94.1,93.1,97.1,2.9
2020-01-26,2020,Jan,2020-01-01,Sun,FALSE,TRUE,73,17,308,71,17,117,463,2,30,63,1,88.7,87.5,87.7,86.3,97.3,2.7
2020-01-27,2020,Jan,2020-01-01,Mon,FALSE,FALSE,280,7,171,265,7,113,843,15,30,261,14,98.5,98.1,98.2,93.2,94.6,5.4
2020-01-28,2020,Jan,2020-01-01,Tue,FALSE,FALSE,276,8,160,269,7,105,1390,7,30,263,6,97.8,97.4,97.5,95.3,97.5,2.5
2020-01-29,2020,Jan,2020-01-01,Wed,FALSE,FALSE,272,14,321,261,14,109,766,11,30,247,10,94.6,94.3,94.5,90.8,96,4
2020-01-30,2020,Jan,2020-01-01,Thu,FALSE,FALSE,236,10,559,233,10,103,882,3,30,228,3,97.9,97.9,97.9,96.6,98.7,1.3
2020-01-31,2020,Jan,2020-01-01,Fri,FALSE,FALSE,232,13,298,224,13,105,705,8,30,205,6,91.5,90.7,91,88.4,96.6,3.5
2020-02-01,2020,Feb,2020-02-01,Sat,FALSE,TRUE,69,32,432,67,33,134,504,2,30,58,2,86.6,86.6,87,84.1,97.1,2.9
2020-02-02,2020,Feb,2020-02-01,Sun,FALSE,TRUE,112,38,411,97,34,118,585,15,30,80,7,82.5,76.2,77.7,71.4,86.6,13.4
2020-02-03,2020,Feb,2020-02-01,Mon,FALSE,FALSE,321,9,262,306,9,113,912,15,30,289,14,94.4,94.1,94.4,90,95.3,4.7
2020-02-04,2020,Feb,2020-02-01,Tue,FALSE,FALSE,266,11,210,243,11,93,491,22,30,225,22,92.6,92.2,92.9,84.6,91.4,8.3
2020-02-05,2020,Feb,2020-02-01,Wed,FALSE,FALSE,227,13,239,218,11,98,811,9,30,207,5,95,93.2,93.4,91.2,96,4
2020-02-06,2020,Feb,2020-02-01,Thu,FALSE,FALSE,225,18,403,215,17,115,955,10,30,197,9,91.6,91.2,91.6,87.6,95.6,4.4
2020-02-07,2020,Feb,2020-02-01,Fri,FALSE,FALSE,260,11,335,251,10,113,745,9,30,239,8,95.2,94.8,95,91.9,96.5,3.5
2020-02-08,2020,Feb,2020-02-01,Sat,FALSE,TRUE,91,32,589,81,24,125,606,10,30,70,6,86.4,82.4,83.5,76.9,89,11
2020-02-09,2020,Feb,2020-02-01,Sun,FALSE,TRUE,60,29,262,57,29,157,630,3,30,44,2,77.2,75.9,76.7,73.3,95,5
2020-02-10,2020,Feb,2020-02-01,Mon,FALSE,FALSE,303,8,192,291,8,121,903,12,30,283,10,97.3,96.6,96.7,93.4,96,4
2020-02-11,2020,Feb,2020-02-01,Tue,FALSE,FALSE,299,11,226,290,11,98,569,9,30,275,7,94.8,94.2,94.3,92,97,3
2020-02-12,2020,Feb,2020-02-01,Wed,FALSE,FALSE,246,7,125,238,8,92,881,8,30,234,8,98.3,98.3,98.4,95.1,96.8,3.3
2020-02-13,2020,Feb,2020-02-01,Thu,FALSE,FALSE,272,6,125,263,7,101,563,9,30,259,9,98.5,98.5,98.5,95.2,96.7,3.3
2020-02-14,2020,Feb,2020-02-01,Fri,FALSE,FALSE,256,9,249,248,9,128,938,8,30,238,8,96,96,96.1,93,96.9,3.1
2020-02-15,2020,Feb,2020-02-01,Sat,FALSE,TRUE,84,27,412,77,24,147,517,7,30,68,4,88.3,85,85.7,81,91.7,8.3
2020-02-16,2020,Feb,2020-02-01,Sun,FALSE,TRUE,85,22,732,77,19,140,931,8,30,73,5,94.8,91.3,91.8,85.9,90.6,9.4
2020-02-17,2020,Feb,2020-02-01,Mon,TRUE,TRUE,86,7,102,83,7,105,440,3,30,82,3,98.8,98.8,98.8,95.4,96.5,3.5
2020-02-18,2020,Feb,2020-02-01,Tue,FALSE,FALSE,257,15,466,243,14,99,552,14,30,233,12,95.9,95.1,95.3,90.7,94.6,5.5
2020-02-19,2020,Feb,2020-02-01,Wed,FALSE,FALSE,265,7,71,250,7,104,854,15,30,243,15,97.2,97.2,97.4,91.7,94.3,5.7
2020-02-20,2020,Feb,2020-02-01,Thu,FALSE,FALSE,290,12,210,278,12,111,699,12,30,263,10,94.6,93.9,94.1,90.7,95.9,4.1
2020-02-21,2020,Feb,2020-02-01,Fri,FALSE,FALSE,259,10,235,243,10,130,2403,16,30,232,15,95.5,95.1,95.4,89.6,93.8,6.2
2020-02-22,2020,Feb,2020-02-01,Sat,FALSE,TRUE,95,14,224,95,14,122,467,0,30,87,0,91.6,91.6,91.6,91.6,100,0
2020-02-23,2020,Feb,2020-02-01,Sun,FALSE,TRUE,66,9,236,66,9,117,709,0,30,64,0,97,97,97,97,100,0
2020-02-24,2020,Feb,2020-02-01,Mon,FALSE,FALSE,305,10,148,296,9,111,1153,9,30,284,4,96,94.4,94.4,93.1,97.1,3
2020-02-25,2020,Feb,2020-02-01,Tue,FALSE,FALSE,273,11,209,257,11,98,1289,16,30,243,13,94.6,93.5,93.8,89,94.1,5.9
2020-02-26,2020,Feb,2020-02-01,Wed,FALSE,FALSE,294,20,1314,268,12,106,818,26,30,263,15,98.1,94.3,94.6,89.5,91.2,8.8
2020-02-27,2020,Feb,2020-02-01,Thu,FALSE,FALSE,355,10,233,339,10,107,907,16,30,324,15,95.6,95.3,95.5,91.3,95.5,4.5
2020-02-28,2020,Feb,2020-02-01,Fri,FALSE,FALSE,348,13,283,336,12,108,1056,12,30,309,7,92,90.6,90.8,88.8,96.6,3.5
2020-02-29,2020,Feb,2020-02-01,Sat,FALSE,TRUE,137,29,547,123,24,136,707,14,30,107,7,87,82.3,83.2,78.1,89.8,10.2
2020-03-01,2020,Mar,2020-03-01,Sun,FALSE,TRUE,85,19,421,82,19,108,348,3,30,74,2,90.2,89.2,89.4,87.1,96.5,3.5
2020-03-02,2020,Mar,2020-03-01,Mon,FALSE,FALSE,311,13,439,303,12,110,879,8,30,283,4,93.4,92.2,92.3,91,97.4,2.6
2020-03-03,2020,Mar,2020-03-01,Tue,FALSE,FALSE,279,15,223,274,15,104,573,5,30,253,4,92.3,92,92.1,90.7,98.2,1.8
2020-03-04,2020,Mar,2020-03-01,Wed,FALSE,FALSE,277,10,191,268,10,113,671,9,30,255,9,95.2,95.2,95.3,92.1,96.8,3.3
2020-03-05,2020,Mar,2020-03-01,Thu,FALSE,FALSE,279,10,295,268,9,111,757,11,30,260,8,97,95.9,96.1,93.2,96.1,3.9
2020-03-06,2020,Mar,2020-03-01,Fri,FALSE,FALSE,316,21,395,299,19,119,755,17,30,271,11,90.6,88.9,89.2,85.8,94.6,5.4
2020-03-07,2020,Mar,2020-03-01,Sat,FALSE,TRUE,89,30,427,85,28,134,817,4,30,74,2,87.1,85.1,85.4,83.2,95.5,4.5
2020-03-08,2020,Mar,2020-03-01,Sun,FALSE,TRUE,74,24,674,73,24,108,486,1,30,68,0,93.2,91.9,91.9,91.9,98.7,1.4
2020-03-09,2020,Mar,2020-03-01,Mon,FALSE,FALSE,288,11,186,275,11,110,1076,13,30,253,13,92,92,92.4,87.9,95.5,4.5
2020-03-10,2020,Mar,2020-03-01,Tue,FALSE,FALSE,275,17,275,265,16,116,583,10,30,242,7,91.3,90.3,90.6,88,96.4,3.6
2020-03-11,2020,Mar,2020-03-01,Wed,FALSE,FALSE,279,20,655,271,19,104,566,8,30,255,6,94.1,93.4,93.6,91.4,97.1,2.9
2020-03-12,2020,Mar,2020-03-01,Thu,FALSE,FALSE,245,15,664,235,13,99,555,10,30,226,6,96.2,94.6,94.7,92.2,95.9,4.1
2020-03-13,2020,Mar,2020-03-01,Fri,FALSE,FALSE,293,11,120,278,11,103,911,15,30,263,14,94.6,94.3,94.5,89.8,94.9,5.1
2020-03-14,2020,Mar,2020-03-01,Sat,FALSE,TRUE,107,25,301,98,20,138,753,9,30,90,3,91.8,86.5,86.9,84.1,91.6,8.4
2020-03-15,2020,Mar,2020-03-01,Sun,FALSE,TRUE,85,12,196,79,9,95,410,6,30,75,3,94.9,91.5,91.8,88.2,92.9,7.1
2020-03-16,2020,Mar,2020-03-01,Mon,FALSE,FALSE,282,12,196,268,11,99,813,13,30,255,8,95.2,93.1,93.3,90.4,95,4.6
2020-03-17,2020,Mar,2020-03-01,Tue,FALSE,FALSE,242,9,252,234,9,106,608,8,30,226,8,96.6,96.6,96.7,93.4,96.7,3.3
2020-03-18,2020,Mar,2020-03-01,Wed,FALSE,FALSE,258,11,417,249,10,115,638,9,30,244,7,98,97.2,97.3,94.6,96.5,3.5
2020-03-19,2020,Mar,2020-03-01,Thu,FALSE,FALSE,245,8,131,228,8,110,1064,17,30,219,16,96.1,95.6,95.9,89.4,93.1,6.9
2020-03-20,2020,Mar,2020-03-01,Fri,FALSE,FALSE,187,7,150,178,7,96,361,9,30,174,8,97.8,97.2,97.3,93.1,95.2,4.8
2020-03-21,2020,Mar,2020-03-01,Sat,FALSE,TRUE,68,20,315,62,17,114,318,6,30,57,4,91.9,89.1,89.7,83.8,91.2,8.8
2020-03-22,2020,Mar,2020-03-01,Sun,FALSE,TRUE,70,23,336,64,21,158,661,6,30,56,4,87.5,84.9,85.7,80,91.4,8.6
2020-03-23,2020,Mar,2020-03-01,Mon,FALSE,FALSE,352,9,211,272,9,82,707,79,30,263,78,96.7,96,96.9,74.7,77.3,22.4
2020-03-24,2020,Mar,2020-03-01,Tue,FALSE,FALSE,220,8,139,214,8,98,597,6,30,207,6,96.7,96.7,96.8,94.1,97.3,2.7
2020-03-25,2020,Mar,2020-03-01,Wed,FALSE,FALSE,245,11,241,236,11,99,464,9,30,223,9,94.5,94.5,94.7,91,96.3,3.7
2020-03-26,2020,Mar,2020-03-01,Thu,FALSE,FALSE,185,17,299,173,15,106,793,12,30,150,9,86.7,85.2,86,81.1,93.5,6.5
2020-03-27,2020,Mar,2020-03-01,Fri,FALSE,FALSE,222,38,485,204,36,117,643,18,30,148,7,72.6,68.8,69.8,66.7,91.9,8.1
2020-03-28,2020,Mar,2020-03-01,Sat,FALSE,TRUE,46,9,111,44,8,123,497,2,30,42,1,95.5,93.3,93.5,91.3,95.7,4.4
2020-03-29,2020,Mar,2020-03-01,Sun,FALSE,TRUE,46,6,24,43,6,136,527,3,30,43,3,100,100,100,93.5,93.5,6.5
2020-03-30,2020,Mar,2020-03-01,Mon,FALSE,FALSE,239,15,267,229,15,131,1223,10,30,208,9,90.8,90.4,90.8,87,95.8,4.2
2020-03-31,2020,Mar,2020-03-01,Tue,FALSE,FALSE,208,16,515,198,11,100,576,10,30,181,7,91.4,90.1,90.4,87,95.2,4.8
2020-04-01,2020,Apr,2020-04-01,Wed,FALSE,FALSE,272,30,406,248,28,123,663,24,30,203,15,81.9,79,80.2,74.6,91.2,8.8
2020-04-02,2020,Apr,2020-04-01,Thu,FALSE,FALSE,258,25,392,241,23,107,706,17,30,195,7,80.9,77.7,78.3,75.6,93.4,6.6
2020-04-03,2020,Apr,2020-04-01,Fri,FALSE,FALSE,262,54,673,233,49,163,1013,29,30,163,15,70,66,67.9,62.2,88.9,11.1
2020-04-04,2020,Apr,2020-04-01,Sat,FALSE,TRUE,142,40,611,126,34,157,1596,16,30,104,6,82.5,76.5,77.5,73.2,88.7,11.3
2020-04-05,2020,Apr,2020-04-01,Sun,FALSE,TRUE,141,60,1363,119,42,133,1263,22,30,103,13,86.6,80.5,82.3,73.1,84.4,15.6
2020-04-06,2020,Apr,2020-04-01,Mon,FALSE,FALSE,457,98,714,386,95,123,759,71,30,208,21,53.9,47.7,50.1,45.5,84.5,15.5
2020-04-07,2020,Apr,2020-04-01,Tue,FALSE,FALSE,278,8,258,272,8,96,620,6,30,262,6,96.3,96.3,96.4,94.2,97.8,2.2
2020-04-08,2020,Apr,2020-04-01,Wed,FALSE,FALSE,250,13,506,241,12,104,528,9,30,229,7,95,94.2,94.4,91.6,96.4,3.6
2020-04-09,2020,Apr,2020-04-01,Thu,FALSE,FALSE,217,19,301,203,19,119,793,14,30,173,11,85.2,84,84.8,79.7,93.6,6.5
2020-04-10,2020,Apr,2020-04-01,Fri,TRUE,TRUE,68,15,140,65,13,178,1400,3,30,57,1,87.7,85.1,85.3,83.8,95.6,4.4
2020-04-11,2020,Apr,2020-04-01,Sat,FALSE,TRUE,92,12,151,85,11,144,1209,7,30,76,5,89.4,87.4,88,82.6,92.4,7.6
2020-04-12,2020,Apr,2020-04-01,Sun,FALSE,TRUE,77,14,242,70,11,114,919,7,30,64,5,91.4,88.9,89.6,83.1,90.9,9.1
2020-04-13,2020,Apr,2020-04-01,Mon,FALSE,FALSE,176,69,914,160,56,137,729,16,30,120,3,75,69.4,69.9,68.2,90.9,9.1
2020-04-14,2020,Apr,2020-04-01,Tue,FALSE,FALSE,215,14,270,204,13,103,1288,9,30,183,7,89.7,88,88.4,85.1,94.9,4.2
2020-04-15,2020,Apr,2020-04-01,Wed,FALSE,FALSE,221,16,367,204,15,117,791,17,30,187,14,91.7,90.3,91,84.6,92.3,7.7
2020-04-16,2020,Apr,2020-04-01,Thu,FALSE,FALSE,195,23,412,184,23,142,1303,11,30,163,8,88.6,87.2,87.7,83.6,94.4,5.6
2020-04-17,2020,Apr,2020-04-01,Fri,FALSE,FALSE,200,9,228,189,9,138,742,11,30,180,9,95.2,94.2,94.5,90,94.5,5.5
2020-04-18,2020,Apr,2020-04-01,Sat,FALSE,TRUE,84,7,129,81,8,95,420,3,30,79,3,97.5,97.5,97.6,94.1,96.4,3.6
2020-04-19,2020,Apr,2020-04-01,Sun,FALSE,TRUE,61,16,182,55,13,107,413,6,30,51,3,92.7,87.9,88.5,83.6,90.2,9.8
2020-04-20,2020,Apr,2020-04-01,Mon,FALSE,FALSE,258,11,220,245,11,123,1050,13,30,224,10,91.4,90.3,90.7,86.8,95,5
2020-04-21,2020,Apr,2020-04-01,Tue,FALSE,FALSE,196,6,113,193,6,128,2092,3,30,189,3,97.9,97.9,98,96.4,98.5,1.5
2020-04-22,2020,Apr,2020-04-01,Wed,FALSE,FALSE,182,7,134,174,7,121,822,8,30,169,7,97.1,96.6,96.7,92.9,95.6,4.4
2020-04-23,2020,Apr,2020-04-01,Thu,FALSE,FALSE,209,16,258,194,16,107,738,15,30,168,10,86.6,84.4,85.2,80.4,92.8,7.2
2020-04-24,2020,Apr,2020-04-01,Fri,FALSE,FALSE,259,38,417,231,34,139,1335,28,30,184,15,79.7,75.4,76.8,71,89.2,10.8
2020-04-25,2020,Apr,2020-04-01,Sat,FALSE,TRUE,112,24,435,108,24,96,412,4,30,92,2,85.2,83.6,83.9,82.1,96.4,3.6
2020-04-26,2020,Apr,2020-04-01,Sun,FALSE,TRUE,43,14,193,41,13,152,1635,2,30,38,1,92.7,90.5,90.7,88.4,95.4,4.7
2020-04-27,2020,Apr,2020-04-01,Mon,FALSE,FALSE,256,37,601,241,31,135,711,15,30,193,5,80.1,76.9,77.3,75.4,94.1,5.9
2020-04-28,2020,Apr,2020-04-01,Tue,FALSE,FALSE,219,19,351,206,17,118,790,13,30,186,10,90.3,89,89.5,84.9,94.1,5.9
2020-04-29,2020,Apr,2020-04-01,Wed,FALSE,FALSE,206,23,415,190,23,144,919,16,30,164,10,86.3,83.7,84.5,79.6,92.2,7.8
2020-04-30,2020,Apr,2020-04-01,Thu,FALSE,FALSE,194,12,497,186,10,118,821,8,30,179,5,96.2,94.7,94.9,92.3,95.9,4.1
2020-05-01,2020,May,2020-05-01,Fri,FALSE,FALSE,240,49,743,218,46,109,493,22,30,157,11,72,68.6,70,65.4,90.8,9.2
2020-05-02,2020,May,2020-05-01,Sat,FALSE,TRUE,85,64,1113,75,38,231,2521,10,30,64,3,85.3,78.1,78.8,75.3,88.2,11.8
2020-05-03,2020,May,2020-05-01,Sun,FALSE,TRUE,98,20,217,94,20,91,289,4,30,82,3,87.2,86.3,86.7,83.7,95.9,4.1
2020-05-04,2020,May,2020-05-01,Mon,FALSE,FALSE,332,11,147,314,11,133,796,18,30,289,16,92,91.5,91.9,87.1,94.6,5.4
2020-05-05,2020,May,2020-05-01,Tue,FALSE,FALSE,267,13,382,254,12,142,1391,13,30,240,11,94.5,93.8,94,89.9,95.1,4.9
2020-05-06,2020,May,2020-05-01,Wed,FALSE,FALSE,218,7,122,214,7,133,547,4,30,210,3,98.1,97.7,97.7,96.3,98.2,1.8
2020-05-07,2020,May,2020-05-01,Thu,FALSE,FALSE,248,21,669,241,20,126,1007,7,30,222,5,92.1,91.4,91.5,89.5,97.2,2.8
2020-05-08,2020,May,2020-05-01,Fri,FALSE,FALSE,224,8,143,219,8,150,1138,5,30,208,4,95,94.6,94.6,92.9,97.8,2.2
2020-05-09,2020,May,2020-05-01,Sat,FALSE,TRUE,65,24,395,58,25,152,541,7,30,52,6,89.7,88.1,89.2,80,89.2,10.8
2020-05-10,2020,May,2020-05-01,Sun,FALSE,TRUE,33,33,333,31,35,204,630,2,30,26,2,83.9,83.9,84.9,78.8,93.9,6.1
2020-05-11,2020,May,2020-05-01,Mon,FALSE,FALSE,249,9,197,245,9,122,716,4,30,237,4,96.7,96.7,96.8,95.2,98.4,1.6
2020-05-12,2020,May,2020-05-01,Tue,FALSE,FALSE,239,8,136,225,7,107,888,14,30,218,12,96.9,96,96.2,91.2,94.1,5.9
2020-05-13,2020,May,2020-05-01,Wed,FALSE,FALSE,241,10,464,234,9,115,1033,7,30,227,5,97,96.2,96.3,94.2,97.1,2.9
2020-05-14,2020,May,2020-05-01,Thu,FALSE,FALSE,228,30,896,215,18,132,992,13,30,201,6,93.5,90.5,90.8,88.2,94.3,5.7
2020-05-15,2020,May,2020-05-01,Fri,FALSE,FALSE,256,24,276,237,20,114,845,19,30,201,8,84.8,81.1,81.6,78.5,92.6,7.4
2020-05-16,2020,May,2020-05-01,Sat,FALSE,TRUE,150,39,588,135,35,131,644,15,30,109,6,80.7,75.7,76.7,72.7,90,10
2020-05-17,2020,May,2020-05-01,Sun,FALSE,TRUE,58,14,158,57,14,149,1214,1,30,52,1,91.2,91.2,91.4,89.7,98.3,1.7
2020-05-18,2020,May,2020-05-01,Mon,TRUE,TRUE,58,19,295,53,18,125,719,5,30,46,3,86.8,83.6,84.5,79.3,91.4,8.6
2020-05-19,2020,May,2020-05-01,Tue,FALSE,FALSE,332,21,433,323,21,114,825,9,30,276,7,85.5,84.9,85.2,83.1,97.3,2.7
2020-05-20,2020,May,2020-05-01,Wed,FALSE,FALSE,322,23,270,303,21,119,593,19,30,258,12,85.2,83.2,83.9,80.1,94.1,5.9
2020-05-21,2020,May,2020-05-01,Thu,FALSE,FALSE,315,14,218,296,14,139,941,19,30,270,14,91.2,89.7,90.2,85.7,94,6
2020-05-22,2020,May,2020-05-01,Fri,FALSE,FALSE,331,38,643,304,30,156,1155,27,30,240,10,79,74.8,75.5,72.5,91.8,8.2
2020-05-23,2020,May,2020-05-01,Sat,FALSE,TRUE,119,31,637,109,30,159,1234,10,30,88,7,80.7,78.6,79.8,74,91.6,8.4
2020-05-24,2020,May,2020-05-01,Sun,FALSE,TRUE,106,50,492,102,50,161,900,4,30,75,2,73.5,72.1,72.6,70.8,96.2,3.8
2020-05-25,2020,May,2020-05-01,Mon,FALSE,FALSE,409,39,498,384,39,118,592,25,30,311,16,81,79.1,80,76,93.9,6.1
2020-05-26,2020,May,2020-05-01,Tue,FALSE,FALSE,315,19,433,298,17,122,764,17,30,273,12,91.6,90.1,90.5,86.7,94.6,5.4
2020-05-27,2020,May,2020-05-01,Wed,FALSE,FALSE,314,15,490,298,14,115,743,16,30,281,10,94.3,92.4,92.7,89.5,94.9,5.1
2020-05-28,2020,May,2020-05-01,Thu,FALSE,FALSE,288,20,326,267,19,125,741,21,30,234,17,87.6,86.4,87.2,81.3,92.7,7.3
2020-05-29,2020,May,2020-05-01,Fri,FALSE,FALSE,308,31,879,283,29,132,824,25,30,225,15,79.5,76.8,77.9,73.1,91.9,8.1
2020-05-30,2020,May,2020-05-01,Sat,FALSE,TRUE,87,34,686,77,15,139,905,10,30,69,3,89.6,82.1,82.8,79.3,88.5,11.5
2020-05-31,2020,May,2020-05-01,Sun,FALSE,TRUE,70,29,509,63,16,146,751,7,30,58,2,92.1,85.3,85.7,82.9,90,10
2020-06-01,2020,Jun,2020-06-01,Mon,FALSE,FALSE,436,41,730,404,38,136,1931,32,30,309,13,76.5,73.1,73.9,70.9,92.7,7.3
2020-06-02,2020,Jun,2020-06-01,Tue,FALSE,FALSE,319,13,505,311,13,142,1643,8,30,289,6,92.9,92.3,92.5,90.6,97.5,2.5
2020-06-03,2020,Jun,2020-06-01,Wed,FALSE,FALSE,342,19,502,322,19,136,995,20,30,301,17,93.5,92.6,93,88,94.2,5.9
2020-06-04,2020,Jun,2020-06-01,Thu,FALSE,FALSE,340,35,354,304,30,148,812,36,30,254,16,83.6,78.4,79.4,74.7,89.4,10.6
2020-06-05,2020,Jun,2020-06-01,Fri,FALSE,FALSE,335,45,301,312,41,130,886,23,30,226,6,72.4,68.7,69.3,67.5,93.1,6.9
2020-06-09,2020,Jun,2020-06-01,Tue,FALSE,FALSE,1925,13,145,1835,13,131,940,90,30,316,13,94.3,93.5,93.7,90,95.4,4.6
2020-06-10,2020,Jun,2020-06-01,Wed,FALSE,FALSE,388,13,145,370,13,131,940,18,30,339,15,91.6,90.9,91.2,87.4,95.4,4.6
2020-06-11,2020,Jun,2020-06-01,Thu,FALSE,FALSE,335,67,788,283,62,138,964,52,30,199,19,70.3,63,65.1,59.4,84.5,15.5
2020-06-12,2020,Jun,2020-06-01,Fri,FALSE,FALSE,329,33,404,306,31,154,1252,23,30,242,14,79.1,76.8,77.8,73.6,93,7
2020-06-13,2020,Jun,2020-06-01,Sat,FALSE,TRUE,113,21,279,107,21,124,639,6,30,91,4,85.1,83.5,84.1,80.5,94.7,5.3
2020-06-14,2020,Jun,2020-06-01,Sun,FALSE,TRUE,79,25,627,77,16,105,1027,2,30,70,0,90.9,88.6,88.6,88.6,97.5,2.5
2020-06-15,2020,Jun,2020-06-01,Mon,FALSE,FALSE,456,153,1251,373,149,169,2384,83,30,227,34,60.9,53.8,57.2,49.8,81.8,18.2
2020-06-16,2020,Jun,2020-06-01,Tue,FALSE,FALSE,351,17,289,335,17,128,805,16,30,304,12,90.8,89.7,90,86.6,95.4,4.6
2020-06-17,2020,Jun,2020-06-01,Wed,FALSE,FALSE,342,33,368,317,29,144,775,25,30,263,11,83,79.5,80.1,76.9,92.7,7.3
2020-06-18,2020,Jun,2020-06-01,Thu,FALSE,FALSE,345,86,703,283,81,154,842,62,30,167,22,59,51.7,54.8,48.4,82,18
2020-06-19,2020,Jun,2020-06-01,Fri,FALSE,FALSE,317,53,1302,279,43,139,977,38,30,200,15,71.7,66.2,67.8,63.1,88,12
2020-06-20,2020,Jun,2020-06-01,Sat,FALSE,TRUE,95,20,313,85,13,123,844,10,30,80,4,94.1,87.9,88.4,84.2,89.5,10.5
2020-06-21,2020,Jun,2020-06-01,Sun,FALSE,TRUE,79,24,311,76,24,100,560,3,30,67,1,88.2,85.9,86.1,84.8,96.2,3.8
2020-06-22,2020,Jun,2020-06-01,Mon,FALSE,FALSE,399,26,389,378,24,143,1147,21,30,315,12,83.3,81.4,82,79,94.7,5.3
2020-06-23,2020,Jun,2020-06-01,Tue,FALSE,FALSE,413,20,620,375,19,110,888,38,30,320,31,85.3,83.8,85,77.5,90.8,9.2
2020-06-24,2020,Jun,2020-06-01,Wed,FALSE,FALSE,354,43,406,318,43,125,1153,36,30,218,22,68.6,65.7,67.8,61.6,89.8,10.2
2020-06-25,2020,Jun,2020-06-01,Thu,FALSE,FALSE,309,22,951,296,18,124,1357,13,30,269,8,90.9,89.4,89.6,87.1,95.8,4.2
2020-06-26,2020,Jun,2020-06-01,Fri,FALSE,FALSE,305,53,770,280,46,126,939,25,30,221,11,78.9,75.2,76.1,72.5,91.8,8.2
2020-06-27,2020,Jun,2020-06-01,Sat,FALSE,TRUE,108,33,1115,101,22,110,566,7,30,90,4,89.1,86.5,87,83.3,93.5,6.5
2020-06-28,2020,Jun,2020-06-01,Sun,FALSE,TRUE,90,15,232,87,16,110,1233,3,30,80,3,92,92,92.2,88.9,96.7,3.3
2020-06-29,2020,Jun,2020-06-01,Mon,FALSE,FALSE,395,70,1001,348,67,167,1210,47,30,221,22,63.5,59.3,61.5,56,88.1,11.9
2020-06-30,2020,Jun,2020-06-01,Tue,FALSE,FALSE,381,31,648,360,28,143,721,21,30,307,10,85.3,82.8,83.2,80.6,94.5,5.5
2020-07-01,2020,Jul,2020-07-01,Wed,TRUE,TRUE,166,44,578,143,45,112,1080,23,30,116,14,81.1,76.3,78.3,69.9,86.1,13.9
2020-07-02,2020,Jul,2020-07-01,Thu,FALSE,FALSE,400,84,716,331,83,133,1435,69,30,194,28,58.6,52.2,55.5,48.5,82.8,17.3
2020-07-03,2020,Jul,2020-07-01,Fri,FALSE,FALSE,396,82,727,330,74,142,1864,66,30,214,23,64.9,57.4,59.9,54,83.3,16.7
2020-07-04,2020,Jul,2020-07-01,Sat,FALSE,TRUE,152,98,1954,127,78,155,1230,25,30,99,4,78,66.9,67.8,65.1,83.6,16.5
2020-07-06,2020,Jul,2020-07-01,Mon,FALSE,FALSE,500,58,782,448,54,133,1355,52,30,268,21,59.8,56,57.8,53.6,89.6,10.4
2020-07-07,2020,Jul,2020-07-01,Tue,FALSE,FALSE,411,33,486,380,32,140,769,31,30,300,19,79,76.5,77.6,73,92.5,7.5
2020-07-08,2020,Jul,2020-07-01,Wed,FALSE,FALSE,349,58,395,307,57,182,1225,42,30,181,20,59,55,57.6,51.9,88,12
2020-07-09,2020,Jul,2020-07-01,Thu,FALSE,FALSE,373,64,901,339,58,127,1081,34,30,256,12,75.5,70.9,71.9,68.6,90.9,9.1
2020-07-10,2020,Jul,2020-07-01,Fri,FALSE,FALSE,336,44,944,298,42,174,2379,38,30,236,21,79.2,74.9,76.5,70.2,88.7,11.3
2020-07-11,2020,Jul,2020-07-01,Sat,FALSE,TRUE,126,65,496,105,57,167,865,21,30,79,9,75.2,67.5,69.8,62.7,83.3,16.7
2020-07-12,2020,Jul,2020-07-01,Sun,FALSE,TRUE,112,30,600,97,24,133,676,15,30,87,5,89.7,81.3,82.1,77.7,86.6,13.4
2020-07-13,2020,Jul,2020-07-01,Mon,FALSE,FALSE,391,60,520,346,57,145,1913,45,30,223,18,64.5,59.8,61.6,57,88.5,11.5
2020-07-14,2020,Jul,2020-07-01,Tue,FALSE,FALSE,367,49,520,344,48,132,729,23,30,257,9,74.7,71.8,72.5,70,93.7,6.3
2020-07-15,2020,Jul,2020-07-01,Wed,FALSE,FALSE,353,23,437,327,21,124,584,26,30,283,11,86.5,82.8,83.3,80.2,92.6,7.4
2020-07-16,2020,Jul,2020-07-01,Thu,FALSE,FALSE,289,79,867,249,78,139,619,40,30,186,19,74.7,68.9,70.9,64.4,86.2,13.8
2020-07-17,2020,Jul,2020-07-01,Fri,FALSE,FALSE,394,107,611,320,106,162,745,74,30,158,21,49.4,42.4,45.4,40.1,81.2,18.8
2020-07-18,2020,Jul,2020-07-01,Sat,FALSE,TRUE,148,24,702,136,20,108,495,12,30,123,8,90.4,87.9,88.5,83.1,91.9,8.1
2020-07-19,2020,Jul,2020-07-01,Sun,FALSE,TRUE,136,42,473,119,41,112,621,17,30,92,8,77.3,71.9,73.5,67.7,87.5,12.5
2020-07-21,2020,Jul,2020-07-01,Tue,FALSE,FALSE,349,27,370,330,26,137,942,19,30,280,14,84.9,83.6,84.2,80.2,94.6,5.4
2020-07-23,2020,Jul,2020-07-01,Thu,FALSE,FALSE,316,68,911,276,69,153,1189,40,30,171,22,62,58.2,61.1,54.1,87.3,12.7
2020-07-24,2020,Jul,2020-07-01,Fri,FALSE,FALSE,317,76,645,273,75,165,944,44,30,157,17,57.5,52.3,54.9,49.5,86.1,13.9
2020-07-25,2020,Jul,2020-07-01,Sat,FALSE,TRUE,135,20,342,124,15,129,588,11,30,112,5,90.3,86.2,86.7,83,91.9,8.2
2020-07-26,2020,Jul,2020-07-01,Sun,FALSE,TRUE,115,11,196,104,8,94,417,11,30,99,7,95.2,91.7,92.2,86.1,90.4,9.6
2020-07-27,2020,Jul,2020-07-01,Mon,FALSE,FALSE,423,126,797,349,123,125,1027,74,30,189,21,54.2,47,49.7,44.7,82.5,17.5
2020-07-28,2020,Jul,2020-07-01,Tue,FALSE,FALSE,358,42,643,328,40,125,1481,30,30,261,14,79.6,75.9,76.8,72.9,91.6,8.4
2020-07-29,2020,Jul,2020-07-01,Wed,FALSE,FALSE,345,34,469,308,33,124,757,37,30,228,24,74,71,73,66.1,89.3,10.7
2020-07-30,2020,Jul,2020-07-01,Thu,FALSE,FALSE,343,61,853,294,58,149,1221,49,30,192,23,65.3,60,62.7,56,85.7,14.3
2020-07-31,2020,Jul,2020-07-01,Fri,FALSE,FALSE,293,45,549,271,40,140,799,22,30,204,9,75.3,71.8,72.7,69.6,92.5,7.5
2020-08-01,2020,Aug,2020-08-01,Sat,FALSE,TRUE,133,27,858,126,27,123,644,7,30,108,5,85.7,84.4,85,81.2,94.7,5.3
2020-08-02,2020,Aug,2020-08-01,Sun,FALSE,TRUE,71,20,223,66,18,143,1277,5,30,59,4,89.4,88.1,88.7,83.1,93,7
2020-08-03,2020,Aug,2020-08-01,Mon,TRUE,TRUE,100,8,158,97,8,127,825,3,30,94,3,96.9,96.9,97,94,97,3
2020-08-04,2020,Aug,2020-08-01,Tue,FALSE,FALSE,449,28,344,425,27,137,2118,24,30,354,17,83.3,81.9,82.6,78.8,94.7,5.4
2020-08-05,2020,Aug,2020-08-01,Wed,FALSE,FALSE,337,18,250,318,18,139,778,19,30,274,15,86.2,85.1,85.8,81.3,94.4,5.6
2020-08-06,2020,Aug,2020-08-01,Thu,FALSE,FALSE,387,55,555,335,52,131,775,52,30,228,23,68.1,62.6,64.9,58.9,86.6,13.4
2020-08-07,2020,Aug,2020-08-01,Fri,FALSE,FALSE,386,67,511,332,68,121,880,54,30,195,21,58.7,53.4,56,50.5,86,14
2020-08-08,2020,Aug,2020-08-01,Sat,FALSE,TRUE,108,21,423,103,18,118,575,5,30,94,4,91.3,90.4,90.7,87,95.4,4.6
2020-08-09,2020,Aug,2020-08-01,Sun,FALSE,TRUE,84,15,204,81,16,121,750,3,30,71,3,87.7,87.7,88.1,84.5,96.4,3.6
2020-08-10,2020,Aug,2020-08-01,Mon,FALSE,FALSE,503,92,702,424,92,140,1298,79,30,241,26,56.8,50.5,53.1,47.9,84.3,15.7
2020-08-11,2020,Aug,2020-08-01,Tue,FALSE,FALSE,348,11,243,330,10,129,858,18,30,313,16,94.9,94.3,94.5,89.9,94.8,5.2
2020-08-12,2020,Aug,2020-08-01,Wed,FALSE,FALSE,339,15,250,323,14,139,791,16,30,290,10,89.8,88.2,88.5,85.6,95.3,4.7
2020-08-13,2020,Aug,2020-08-01,Thu,FALSE,FALSE,382,41,1878,346,36,138,782,36,30,301,20,87,83.2,84,78.8,90.6,9.4
2020-08-14,2020,Aug,2020-08-01,Fri,FALSE,FALSE,332,27,964,303,24,146,1428,29,30,254,20,83.8,81.4,82.5,76.5,91.3,8.7
2020-08-15,2020,Aug,2020-08-01,Sat,FALSE,TRUE,119,20,242,106,15,114,473,13,30,97,5,91.5,85.1,85.7,81.5,89.1,10.9
2020-08-16,2020,Aug,2020-08-01,Sun,FALSE,TRUE,84,41,764,75,37,146,785,9,30,60,4,80,75,76.2,71.4,89.3,10.7
2020-08-17,2020,Aug,2020-08-01,Mon,FALSE,FALSE,423,31,547,403,30,125,801,20,30,340,14,84.4,83.1,83.7,80.4,95.3,4.7
2020-08-18,2020,Aug,2020-08-01,Tue,FALSE,FALSE,375,20,804,352,19,143,1029,23,30,309,15,87.8,85.8,86.4,82.4,93.9,6.1
2020-08-19,2020,Aug,2020-08-01,Wed,FALSE,FALSE,317,30,367,291,28,126,1110,26,30,243,13,83.5,79.9,80.8,76.7,91.8,8.2
2020-08-20,2020,Aug,2020-08-01,Thu,FALSE,FALSE,321,55,576,294,54,127,654,27,30,198,15,67.4,64.7,66.4,61.7,91.6,8.4
2020-08-21,2020,Aug,2020-08-01,Fri,FALSE,FALSE,312,16,321,293,16,130,928,19,30,260,16,88.7,87.8,88.5,83.3,93.9,6.1
2020-08-22,2020,Aug,2020-08-01,Sat,FALSE,TRUE,108,13,157,101,13,124,473,7,30,91,7,90.1,90.1,90.7,84.3,93.5,6.5
2020-08-23,2020,Aug,2020-08-01,Sun,FALSE,TRUE,88,15,287,84,12,117,1142,4,30,78,3,92.9,91.8,92.1,88.6,95.5,4.6
2020-08-24,2020,Aug,2020-08-01,Mon,FALSE,FALSE,369,17,525,349,17,124,1008,20,30,311,16,89.1,88.1,88.6,84.3,94.6,5.4
2020-08-25,2020,Aug,2020-08-01,Tue,FALSE,FALSE,327,14,262,319,14,120,1093,8,30,289,6,90.6,90,90.2,88.4,97.6,2.5
2020-08-26,2020,Aug,2020-08-01,Wed,FALSE,FALSE,319,19,281,299,19,139,2051,20,30,256,15,85.6,84.2,85,80.3,93.7,6.3
2020-08-27,2020,Aug,2020-08-01,Thu,FALSE,FALSE,296,10,192,286,9,125,1164,10,30,273,7,95.5,94.5,94.6,92.2,96.6,3.4
2020-08-28,2020,Aug,2020-08-01,Fri,FALSE,FALSE,277,28,393,255,27,172,1042,22,30,210,16,82.4,80.5,81.6,75.8,92.1,7.9
2020-08-29,2020,Aug,2020-08-01,Sat,FALSE,TRUE,63,23,247,60,23,163,448,3,30,53,3,88.3,88.3,88.9,84.1,95.2,4.8
2020-08-30,2020,Aug,2020-08-01,Sun,FALSE,TRUE,98,40,439,80,19,125,374,18,30,74,3,92.5,77.9,78.6,75.5,81.6,18.4
2020-08-31,2020,Aug,2020-08-01,Mon,FALSE,FALSE,396,48,701,355,48,128,691,41,30,272,26,76.6,73.5,75.3,68.7,89.7,10.4
2020-09-01,2020,Sep,2020-09-01,Tue,FALSE,FALSE,310,14,756,294,14,118,583,16,30,277,11,94.2,92.6,92.9,89.4,94.8,5.2
2020-09-02,2020,Sep,2020-09-01,Wed,FALSE,FALSE,318,20,417,306,19,112,675,12,30,281,8,91.8,90.7,90.9,88.4,96.2,3.8
2020-09-03,2020,Sep,2020-09-01,Thu,FALSE,FALSE,314,17,333,294,14,135,1287,20,30,267,10,90.8,87.8,88.2,85,93.6,6.4
2020-09-04,2020,Sep,2020-09-01,Fri,FALSE,FALSE,279,15,324,259,15,137,929,20,30,234,17,90.4,89.3,90,83.9,92.8,7.2
2020-09-05,2020,Sep,2020-09-01,Sat,FALSE,TRUE,76,16,185,68,13,134,715,8,30,62,5,91.2,87.3,88.2,81.6,89.5,10.5
2020-09-06,2020,Sep,2020-09-01,Sun,FALSE,TRUE,62,14,199,58,12,98,352,4,30,54,3,93.1,91.5,91.9,87.1,93.6,6.5
2020-09-07,2020,Sep,2020-09-01,Mon,TRUE,TRUE,62,39,510,59,32,149,1127,3,30,50,2,84.8,83.3,83.9,80.7,95.2,4.8
2020-09-08,2020,Sep,2020-09-01,Tue,FALSE,FALSE,392,141,1107,319,126,133,1082,73,30,210,18,65.8,56.2,58.2,53.6,81.4,18.6
2020-09-09,2020,Sep,2020-09-01,Wed,FALSE,FALSE,292,16,335,271,16,117,549,21,30,244,18,90,89.1,89.7,83.6,92.8,7.2
2020-09-10,2020,Sep,2020-09-01,Thu,FALSE,FALSE,334,43,393,308,42,140,982,26,30,226,16,73.4,71.1,72.5,67.7,92.2,7.8
2020-09-11,2020,Sep,2020-09-01,Fri,FALSE,FALSE,293,44,596,261,41,132,1023,32,30,198,21,75.9,72.8,74.7,67.6,89.1,10.9
2020-09-12,2020,Sep,2020-09-01,Sat,FALSE,TRUE,94,17,267,91,14,115,533,3,30,83,1,91.2,89.3,89.4,88.3,96.8,3.2
2020-09-13,2020,Sep,2020-09-01,Sun,FALSE,TRUE,88,28,991,86,23,138,1696,2,30,79,1,91.9,90.8,90.9,89.8,97.7,2.3
2020-09-14,2020,Sep,2020-09-01,Mon,FALSE,FALSE,408,132,1110,326,125,147,723,82,30,220,23,67.5,57.1,59.6,53.9,79.9,20.1
2020-09-15,2020,Sep,2020-09-01,Tue,FALSE,FALSE,305,17,464,291,17,125,1103,14,30,264,10,90.7,89.5,89.8,86.6,95.4,4.6
2020-09-16,2020,Sep,2020-09-01,Wed,FALSE,FALSE,325,15,340,306,15,120,1365,19,30,280,14,91.5,90,90.5,86.2,94.2,5.9
2020-09-17,2020,Sep,2020-09-01,Thu,FALSE,FALSE,302,45,864,272,42,142,1078,30,30,220,18,80.9,77.5,78.8,72.9,90.1,9.9
2020-09-18,2020,Sep,2020-09-01,Fri,FALSE,FALSE,260,20,786,250,19,139,1666,10,30,226,7,90.4,89.3,89.6,86.9,96.2,3.9
2020-09-19,2020,Sep,2020-09-01,Sat,FALSE,TRUE,106,21,293,104,20,123,596,2,30,91,1,87.5,86.7,86.8,85.9,98.1,1.9
2020-09-20,2020,Sep,2020-09-01,Sun,FALSE,TRUE,89,16,454,87,16,127,1076,2,30,78,2,89.7,89.7,89.9,87.6,97.8,2.3
2020-09-21,2020,Sep,2020-09-01,Mon,FALSE,FALSE,378,61,591,350,62,144,1003,28,30,221,14,63.1,60.7,62.2,58.5,92.6,7.4
2020-09-22,2020,Sep,2020-09-01,Tue,FALSE,FALSE,364,16,276,347,16,140,1441,17,30,308,14,88.8,88,88.5,84.6,95.3,4.7
2020-09-23,2020,Sep,2020-09-01,Wed,FALSE,FALSE,346,19,491,325,16,139,1254,21,30,295,11,90.8,88.1,88.4,85.3,93.9,6.1
2020-09-24,2020,Sep,2020-09-01,Thu,FALSE,FALSE,330,27,539,296,23,121,899,29,30,251,17,84.8,80.2,81.2,76.1,89.7,8.8
2020-09-25,2020,Sep,2020-09-01,Fri,FALSE,FALSE,327,18,319,290,17,117,589,37,30,250,14,86.2,79.9,80.7,76.5,88.7,11.3
2020-09-26,2020,Sep,2020-09-01,Sat,FALSE,TRUE,123,32,400,88,28,113,611,35,30,72,4,81.8,60.5,61.8,58.5,71.5,28.5
2020-09-27,2020,Sep,2020-09-01,Sun,FALSE,TRUE,85,18,213,83,17,115,515,2,30,72,1,86.8,85.7,85.9,84.7,97.7,2.4
2020-09-28,2020,Sep,2020-09-01,Mon,FALSE,FALSE,405,25,395,363,24,135,1058,42,30,309,14,85.1,79,79.8,76.3,89.6,10.4
2020-09-29,2020,Sep,2020-09-01,Tue,FALSE,FALSE,376,17,219,339,16,118,1083,37,30,294,13,86.7,81,81.7,78.2,90.2,9.8
2020-09-30,2020,Sep,2020-09-01,Wed,FALSE,FALSE,337,14,322,296,11,126,881,40,30,274,10,92.6,83.8,84.3,81.3,87.8,11.9
2020-10-01,2020,Oct,2020-10-01,Thu,FALSE,FALSE,333,51,749,280,48,131,1219,53,30,203,14,72.5,63.6,65.2,61,84.1,15.9
2020-10-02,2020,Oct,2020-10-01,Fri,FALSE,FALSE,382,27,277,318,26,115,2133,64,30,261,16,82.1,71.3,72.5,68.3,83.3,16.8
2020-10-04,2020,Oct,2020-10-01,Sun,FALSE,TRUE,60,26,382,54,24,131,436,6,30,50,5,92.6,90.9,91.7,83.3,90,10
2020-10-05,2020,Oct,2020-10-01,Mon,FALSE,FALSE,431,18,252,387,16,124,614,44,30,336,17,86.8,81.2,81.9,78,89.8,10.2
2020-10-06,2020,Oct,2020-10-01,Tue,FALSE,FALSE,377,26,767,304,21,142,2755,73,30,267,16,87.8,74,75.1,70.8,80.6,19.4
2020-10-07,2020,Oct,2020-10-01,Wed,FALSE,FALSE,356,24,370,340,21,123,1017,16,30,291,7,85.6,83.4,83.7,81.7,95.5,4.5
2020-10-08,2020,Oct,2020-10-01,Thu,FALSE,FALSE,323,28,731,276,27,127,1264,47,30,224,19,81.2,73.7,75.2,69.4,85.5,14.6
2020-10-09,2020,Oct,2020-10-01,Fri,FALSE,FALSE,290,15,234,275,15,115,840,15,30,237,14,86.2,85.9,86.6,81.7,94.8,5.2
2020-10-10,2020,Oct,2020-10-01,Sat,FALSE,TRUE,87,27,556,81,27,149,1093,6,30,71,3,87.7,84.5,85.1,81.6,93.1,6.9
2020-10-11,2020,Oct,2020-10-01,Sun,FALSE,TRUE,55,9,81,53,8,108,288,2,30,50,1,94.3,92.6,92.7,90.9,96.4,3.6
2020-10-12,2020,Oct,2020-10-01,Mon,TRUE,TRUE,75,6,50,71,6,147,725,4,30,70,4,98.6,98.6,98.7,93.3,94.7,5.3
2020-10-13,2020,Oct,2020-10-01,Tue,FALSE,FALSE,355,12,224,331,10,107,648,24,30,315,11,95.2,91.6,91.8,88.7,93.2,6.8
2020-10-14,2020,Oct,2020-10-01,Wed,FALSE,FALSE,346,11,185,316,10,113,653,30,30,302,9,95.6,89.6,89.9,87.3,91.3,8.7
2020-10-15,2020,Oct,2020-10-01,Thu,FALSE,FALSE,313,16,217,281,14,114,709,32,30,248,9,88.3,81.6,82.1,79.2,89.8,10.2
2020-10-16,2020,Oct,2020-10-01,Fri,FALSE,FALSE,375,19,284,306,15,115,658,69,30,271,9,88.6,74,74.7,72.3,81.6,18.4
2020-10-17,2020,Oct,2020-10-01,Sat,FALSE,TRUE,131,43,491,102,37,123,494,29,30,80,2,78.4,62,62.6,61.1,77.9,22.1
2020-10-18,2020,Oct,2020-10-01,Sun,FALSE,TRUE,51,44,626,46,30,149,431,5,30,40,2,87,81.6,82.4,78.4,90.2,9.8
2020-10-19,2020,Oct,2020-10-01,Mon,FALSE,FALSE,372,19,298,343,17,112,599,29,30,302,9,88.1,83.2,83.6,81.2,92.2,7.8
2020-10-20,2020,Oct,2020-10-01,Tue,FALSE,FALSE,356,20,834,320,19,111,1091,36,30,284,8,88.8,81.6,82,79.8,89.9,10.1
2020-10-21,2020,Oct,2020-10-01,Wed,FALSE,FALSE,353,13,143,316,11,98,481,37,30,288,6,91.1,83,83.3,81.6,89.5,10.5
2020-10-22,2020,Oct,2020-10-01,Thu,FALSE,FALSE,252,10,180,241,10,98,400,11,30,229,10,95,94.6,94.8,90.9,95.6,4.4
2020-10-23,2020,Oct,2020-10-01,Fri,FALSE,FALSE,258,11,413,247,9,132,1053,11,30,235,6,95.1,93.3,93.4,91.1,95.7,4.3
2020-10-24,2020,Oct,2020-10-01,Sat,FALSE,TRUE,85,7,77,79,7,129,590,6,30,77,6,97.5,97.5,97.7,90.6,92.9,7.1
2020-10-25,2020,Oct,2020-10-01,Sun,FALSE,TRUE,48,7,70,47,7,100,350,1,30,45,1,95.7,95.7,95.8,93.8,97.9,2.1
2020-10-26,2020,Oct,2020-10-01,Mon,FALSE,FALSE,307,22,300,295,22,117,886,12,30,256,9,86.8,85.9,86.3,83.4,96.1,3.9
2020-10-27,2020,Oct,2020-10-01,Tue,FALSE,FALSE,262,16,283,256,17,130,1385,6,30,236,6,92.2,92.2,92.4,90.1,97.7,2.3
2020-10-28,2020,Oct,2020-10-01,Wed,FALSE,FALSE,266,12,201,251,13,114,513,15,30,236,15,94,94,94.4,88.7,94.4,5.6
2020-10-29,2020,Oct,2020-10-01,Thu,FALSE,FALSE,222,19,426,213,17,156,976,9,30,189,5,88.7,87.1,87.4,85.1,96,4.1
2020-10-30,2020,Oct,2020-10-01,Fri,FALSE,FALSE,206,21,337,190,18,128,620,16,30,165,10,86.8,84.2,85,80.1,92.2,7.8
2020-10-31,2020,Oct,2020-10-01,Sat,FALSE,TRUE,98,17,311,92,16,120,660,6,30,85,4,92.4,90.4,90.8,86.7,93.9,6.1
2020-11-01,2020,Nov,2020-11-01,Sun,FALSE,TRUE,84,16,282,83,16,110,510,1,30,75,1,90.4,90.4,90.5,89.3,98.8,1.2
2020-11-02,2020,Nov,2020-11-01,Mon,FALSE,FALSE,301,20,283,281,20,142,1553,20,30,246,15,87.5,86,86.7,81.7,93.4,6.6
2020-11-03,2020,Nov,2020-11-01,Tue,FALSE,FALSE,287,11,197,275,10,116,972,12,30,256,9,93.1,92.1,92.3,89.2,95.8,4.2
2020-11-04,2020,Nov,2020-11-01,Wed,FALSE,FALSE,260,22,231,249,22,148,608,11,30,211,7,84.7,83.4,83.9,81.2,95.8,4.2
2020-11-05,2020,Nov,2020-11-01,Thu,FALSE,FALSE,257,16,212,246,15,140,965,11,30,219,5,89,86.9,87.2,85.2,95.7,4.3
2020-11-06,2020,Nov,2020-11-01,Fri,FALSE,FALSE,257,18,285,241,17,130,1212,16,30,214,13,88.8,87.7,88.3,83.3,93.8,6.2
2020-11-07,2020,Nov,2020-11-01,Sat,FALSE,TRUE,101,25,461,98,25,137,884,3,30,84,2,85.7,84.9,85.2,83.2,97,3
2020-11-08,2020,Nov,2020-11-01,Sun,FALSE,TRUE,99,51,844,86,41,119,627,13,30,76,3,88.4,79.2,79.8,76.8,86.9,13.1
2020-11-09,2020,Nov,2020-11-01,Mon,FALSE,FALSE,339,30,413,318,28,138,937,21,30,261,12,82.1,79.8,80.5,77,93.8,6.2
2020-11-10,2020,Nov,2020-11-01,Tue,FALSE,FALSE,301,17,223,286,15,135,921,15,30,256,9,89.5,87.7,88,85.1,95,5
2020-11-11,2020,Nov,2020-11-01,Wed,FALSE,FALSE,241,38,977,229,36,135,800,12,30,184,5,80.4,78,78.4,76.4,95,5
2020-11-12,2020,Nov,2020-11-01,Thu,FALSE,FALSE,285,21,336,271,21,152,947,14,30,233,10,86,84.7,85.3,81.8,95.1,4.9
2020-11-13,2020,Nov,2020-11-01,Fri,FALSE,FALSE,271,18,264,255,18,133,745,16,30,219,12,85.9,84.6,85.2,80.8,94.1,5.9
2020-11-14,2020,Nov,2020-11-01,Sat,FALSE,TRUE,107,15,192,106,14,117,614,1,30,94,0,88.7,87.9,87.9,87.9,99.1,0.9
2020-11-15,2020,Nov,2020-11-01,Sun,FALSE,TRUE,150,120,629,117,122,106,557,33,30,63,9,53.9,44.7,48,42,78,22
2020-11-16,2020,Nov,2020-11-01,Mon,FALSE,FALSE,364,62,612,326,61,154,852,38,30,230,21,70.6,67.1,69,63.2,89.6,10.4
2020-11-17,2020,Nov,2020-11-01,Tue,FALSE,FALSE,294,26,1902,278,23,130,999,16,30,253,9,91,88.8,89.1,86.1,94.6,5.4
2020-11-18,2020,Nov,2020-11-01,Wed,FALSE,FALSE,267,29,441,243,29,141,2509,24,30,200,18,82.3,80.3,81.7,74.9,91,9
2020-11-19,2020,Nov,2020-11-01,Thu,FALSE,FALSE,220,10,579,213,11,143,1018,7,30,206,7,96.7,96.7,96.8,93.6,96.8,3.2
2020-11-20,2020,Nov,2020-11-01,Fri,FALSE,FALSE,265,19,773,255,18,119,1324,10,30,230,8,90.2,89.5,89.8,86.8,96.2,3.8
2020-11-21,2020,Nov,2020-11-01,Sat,FALSE,TRUE,85,37,303,76,32,146,718,9,30,58,3,76.3,70.7,71.8,68.2,89.4,10.6
2020-11-22,2020,Nov,2020-11-01,Sun,FALSE,TRUE,145,74,1019,131,70,180,871,14,30,89,3,67.9,62.7,63.5,61.4,90.3,9.7
2020-11-23,2020,Nov,2020-11-01,Mon,FALSE,FALSE,429,35,413,392,31,147,921,37,30,315,20,80.4,77,78.1,73.4,91.4,8.6
2020-11-24,2020,Nov,2020-11-01,Tue,FALSE,FALSE,289,18,335,277,18,130,655,12,30,249,11,89.9,89.6,90,86.2,95.9,4.2
2020-11-25,2020,Nov,2020-11-01,Wed,FALSE,FALSE,237,16,443,227,14,132,1093,10,30,214,7,94.3,93,93.3,90.3,95.8,4.2
2020-11-26,2020,Nov,2020-11-01,Thu,FALSE,FALSE,264,17,273,251,16,126,819,13,30,222,10,88.5,87.4,87.9,84.1,95.1,4.9
2020-11-27,2020,Nov,2020-11-01,Fri,FALSE,FALSE,261,14,424,248,13,127,703,13,30,229,11,92.3,91.6,92,87.7,95,5
2020-11-28,2020,Nov,2020-11-01,Sat,FALSE,TRUE,76,16,345,73,14,118,520,3,30,68,2,93.2,91.9,92.1,89.5,96.1,4
2020-11-29,2020,Nov,2020-11-01,Sun,FALSE,TRUE,66,7,66,64,7,141,1008,2,30,62,2,96.9,96.9,97,93.9,97,3
2020-11-30,2020,Nov,2020-11-01,Mon,FALSE,FALSE,289,23,495,273,23,128,854,16,30,246,13,90.1,89.1,89.6,85.1,94.5,5.5
2020-12-01,2020,Dec,2020-12-01,Tue,FALSE,FALSE,359,18,314,343,17,122,584,16,30,312,12,91,89.9,90.3,86.9,95.5,4.5
2020-12-02,2020,Dec,2020-12-01,Wed,FALSE,FALSE,257,12,219,243,12,124,756,14,30,223,11,91.8,90.7,91.1,86.8,94.6,5.5
2020-12-03,2020,Dec,2020-12-01,Thu,FALSE,FALSE,271,14,195,260,14,120,693,11,30,238,10,91.5,91.2,91.5,87.8,95.9,4.1
2020-12-04,2020,Dec,2020-12-01,Fri,FALSE,FALSE,237,20,438,219,15,129,767,18,30,201,10,91.8,88.6,89,84.8,92.4,7.6
2020-12-05,2020,Dec,2020-12-01,Sat,FALSE,TRUE,112,37,403,100,27,156,628,12,30,85,5,85,79.4,80.4,75.9,89.3,10.7
2020-12-06,2020,Dec,2020-12-01,Sun,FALSE,TRUE,69,19,356,65,17,133,719,4,30,59,3,90.8,89.4,89.9,85.5,94.2,5.8
2020-12-07,2020,Dec,2020-12-01,Mon,FALSE,FALSE,268,17,536,252,13,113,972,16,30,228,10,90.5,88.4,88.8,85.1,94,6
2020-12-08,2020,Dec,2020-12-01,Tue,FALSE,FALSE,226,13,535,208,12,121,741,18,30,200,14,96.2,94.3,94.7,88.5,92,8
2020-12-09,2020,Dec,2020-12-01,Wed,FALSE,FALSE,197,14,498,190,14,111,942,7,30,176,6,92.6,92.2,92.4,89.3,96.5,3.6
2020-12-10,2020,Dec,2020-12-01,Thu,FALSE,FALSE,230,14,318,221,14,118,836,9,30,205,8,92.8,92.3,92.6,89.1,96.1,3.9
2020-12-11,2020,Dec,2020-12-01,Fri,FALSE,FALSE,229,9,287,225,9,124,743,4,30,218,3,96.9,96.5,96.5,95.2,98.3,1.8
2020-12-12,2020,Dec,2020-12-01,Sat,FALSE,TRUE,84,26,444,81,27,117,486,3,30,71,3,87.7,87.7,88.1,84.5,96.4,3.6
2020-12-13,2020,Dec,2020-12-01,Sun,FALSE,TRUE,90,14,295,80,11,112,494,10,30,76,7,95,91.6,92.2,84.4,88.9,11.1
2020-12-14,2020,Dec,2020-12-01,Mon,FALSE,FALSE,240,15,266,229,15,136,706,11,30,207,8,90.4,89.2,89.6,86.3,95.4,4.6
2020-12-15,2020,Dec,2020-12-01,Tue,FALSE,FALSE,224,15,550,210,15,139,1141,14,30,199,13,94.8,94.3,94.6,88.8,93.8,6.3
2020-12-16,2020,Dec,2020-12-01,Wed,FALSE,FALSE,203,26,833,187,27,118,745,16,30,160,14,85.6,84.7,85.7,78.8,92.1,7.9
2020-12-17,2020,Dec,2020-12-01,Thu,FALSE,FALSE,227,36,421,204,37,116,836,23,30,167,16,81.9,79.2,80.6,73.6,89.9,10.1
2020-12-18,2020,Dec,2020-12-01,Fri,FALSE,FALSE,227,22,603,212,16,122,1368,15,30,194,8,91.5,88.6,89,85.5,93.4,6.6
2020-12-19,2020,Dec,2020-12-01,Sat,FALSE,TRUE,74,22,350,71,21,145,882,3,30,64,1,90.1,87.7,87.8,86.5,96,4.1
2020-12-20,2020,Dec,2020-12-01,Sun,FALSE,TRUE,56,20,444,53,13,123,509,3,30,49,2,92.5,90.7,91.1,87.5,94.6,5.4
2020-12-21,2020,Dec,2020-12-01,Mon,FALSE,FALSE,261,9,199,246,8,119,789,15,30,240,12,97.6,96.4,96.6,92,94.3,5.8
2020-12-22,2020,Dec,2020-12-01,Tue,FALSE,FALSE,237,11,229,218,10,119,750,19,30,209,16,95.9,94.6,94.9,88.2,92,8
2020-12-23,2020,Dec,2020-12-01,Wed,FALSE,FALSE,220,14,279,207,14,117,1961,13,30,189,12,91.3,90.9,91.4,85.9,94.1,5.9
2020-12-24,2020,Dec,2020-12-01,Thu,FALSE,FALSE,147,36,568,130,32,116,482,12,30,106,9,81.5,76.8,78.2,72.1,88.4,8.2
2020-12-25,2020,Dec,2020-12-01,Fri,TRUE,TRUE,64,12,246,61,13,115,460,3,30,58,3,95.1,95.1,95.3,90.6,95.3,4.7
2020-12-27,2020,Dec,2020-12-01,Sun,FALSE,TRUE,128,29,395,117,24,116,500,11,30,101,3,86.3,80.8,81.3,78.9,91.4,8.6
2020-12-28,2020,Dec,2020-12-01,Mon,TRUE,TRUE,241,61,606,225,61,128,754,16,30,157,8,69.8,67.4,68.5,65.2,93.4,6.6
2020-12-29,2020,Dec,2020-12-01,Tue,FALSE,FALSE,282,87,925,248,85,168,989,34,30,176,17,71,66.4,68.4,62.4,87.9,12.1
2020-12-30,2020,Dec,2020-12-01,Wed,FALSE,FALSE,262,66,597,235,66,154,1859,27,30,142,17,60.4,58,60.7,54.2,89.7,10.3
2020-12-31,2020,Dec,2020-12-01,Thu,FALSE,FALSE,300,131,692,259,131,144,764,41,30,110,13,42.5,38.3,41,36.7,86.3,13.7
2021-01-01,2021,Jan,2021-01-01,Fri,TRUE,TRUE,108,29,278,99,26,131,1093,9,30,84,6,84.9,82.4,83.3,77.8,91.7,8.3
2021-01-02,2021,Jan,2021-01-01,Sat,FALSE,TRUE,141,68,534,128,60,133,763,13,30,90,3,70.3,65.2,66,63.8,90.8,9.2
2021-01-03,2021,Jan,2021-01-01,Sun,FALSE,TRUE,96,42,331,88,36,148,991,8,30,70,2,79.6,74.5,75,72.9,91.7,8.3
2021-01-04,2021,Jan,2021-01-01,Mon,FALSE,FALSE,333,23,826,316,22,149,1497,17,30,276,12,87.3,86,86.5,82.9,94.9,5.1
2021-01-05,2021,Jan,2021-01-01,Tue,FALSE,FALSE,287,13,173,274,13,141,839,13,30,253,11,92.3,91.7,92,88.2,95.5,4.5
2021-01-06,2021,Jan,2021-01-01,Wed,FALSE,FALSE,235,7,29,225,7,137,1182,10,30,225,10,100,100,100,95.7,95.7,4.3
2021-01-07,2021,Jan,2021-01-01,Thu,FALSE,FALSE,247,10,414,234,11,122,763,13,30,223,13,95.3,95.3,95.6,90.3,94.7,5.3
2021-01-08,2021,Jan,2021-01-01,Fri,FALSE,FALSE,265,8,153,252,8,133,1052,13,30,243,12,96.4,96.1,96.2,91.7,95.1,4.9
2021-01-09,2021,Jan,2021-01-01,Sat,FALSE,TRUE,113,28,527,104,18,132,686,9,30,90,4,86.5,82.6,83.2,79.7,92,8
2021-01-10,2021,Jan,2021-01-01,Sun,FALSE,TRUE,89,31,666,85,32,136,739,4,30,75,4,88.2,88.2,88.8,84.3,95.5,4.5
2021-01-11,2021,Jan,2021-01-01,Mon,FALSE,FALSE,284,10,357,271,10,132,1522,13,30,257,13,94.8,94.8,95.1,90.5,95.4,4.6
2021-01-12,2021,Jan,2021-01-01,Tue,FALSE,FALSE,266,24,592,247,22,127,1044,19,30,216,14,87.5,85.7,86.5,81.2,92.9,7.1
2021-01-13,2021,Jan,2021-01-01,Wed,FALSE,FALSE,279,19,374,264,18,115,536,15,30,239,10,90.5,88.9,89.3,85.7,94.6,5.4
2021-01-14,2021,Jan,2021-01-01,Thu,FALSE,FALSE,271,10,240,261,10,112,636,10,30,252,9,96.6,96.2,96.3,93,96.3,3.7
2021-01-15,2021,Jan,2021-01-01,Fri,FALSE,FALSE,233,8,200,223,8,102,508,10,30,218,10,97.8,97.8,97.9,93.6,95.7,4.3
2021-01-16,2021,Jan,2021-01-01,Sat,FALSE,TRUE,115,26,297,104,22,109,656,11,30,86,3,82.7,76.8,77.4,74.8,90.4,9.6
2021-01-17,2021,Jan,2021-01-01,Sun,FALSE,TRUE,57,6,14,57,6,132,419,0,30,57,0,100,100,100,100,100,0
2021-01-18,2021,Jan,2021-01-01,Mon,FALSE,FALSE,254,7,241,245,6,138,752,9,30,241,8,98.4,98,98,94.9,96.5,3.5
2021-01-19,2021,Jan,2021-01-01,Tue,FALSE,FALSE,215,13,299,202,13,117,636,13,30,191,11,94.6,93.6,94,88.8,94,6.1
2021-01-20,2021,Jan,2021-01-01,Wed,FALSE,FALSE,212,8,129,205,8,127,1264,7,30,202,7,98.5,98.5,98.6,95.3,96.7,3.3
2021-01-21,2021,Jan,2021-01-01,Thu,FALSE,FALSE,220,12,169,215,12,126,936,5,30,199,5,92.6,92.6,92.7,90.5,97.7,2.3
2021-01-22,2021,Jan,2021-01-01,Fri,FALSE,FALSE,232,15,584,220,14,141,1630,12,30,206,10,93.6,92.8,93.1,88.8,94.8,5.2
2021-01-23,2021,Jan,2021-01-01,Sat,FALSE,TRUE,94,37,665,86,39,149,621,8,30,74,7,86.1,85.1,86.2,78.7,91.5,8.5
2021-01-24,2021,Jan,2021-01-01,Sun,FALSE,TRUE,83,14,117,76,14,130,758,7,30,67,6,88.2,87,88,80.7,91.6,8.4
2021-01-25,2021,Jan,2021-01-01,Mon,FALSE,FALSE,293,9,191,283,8,126,704,10,30,274,7,96.8,95.8,95.9,93.5,96.6,3.4
2021-01-26,2021,Jan,2021-01-01,Tue,FALSE,FALSE,276,6,27,269,6,119,1039,7,30,269,7,100,100,100,97.5,97.5,2.5
2021-01-27,2021,Jan,2021-01-01,Wed,FALSE,FALSE,252,8,181,239,8,112,571,13,30,237,13,99.2,99.2,99.2,94.1,94.8,5.2
2021-01-28,2021,Jan,2021-01-01,Thu,FALSE,FALSE,271,16,805,261,16,113,926,10,30,241,6,92.3,90.9,91.1,88.9,96.3,3.7
2021-01-29,2021,Jan,2021-01-01,Fri,FALSE,FALSE,281,15,231,274,15,116,720,7,30,247,6,90.2,89.8,90,87.9,97.5,2.5
2021-01-30,2021,Jan,2021-01-01,Sat,FALSE,TRUE,114,19,157,107,18,121,431,7,30,93,5,86.9,85.3,86,81.6,93.9,6.1
2021-01-31,2021,Jan,2021-01-01,Sun,FALSE,TRUE,64,19,183,62,14,127,505,2,30,56,0,90.3,87.5,87.5,87.5,96.9,3.1
2021-02-01,2021,Feb,2021-02-01,Mon,FALSE,FALSE,308,35,605,284,34,120,697,24,30,235,14,82.8,79.9,80.8,76.3,92.2,7.8
2021-02-02,2021,Feb,2021-02-01,Tue,FALSE,FALSE,255,24,382,246,23,145,2791,9,30,217,7,88.2,87.5,87.8,85.1,96.5,3.5
2021-02-03,2021,Feb,2021-02-01,Wed,FALSE,FALSE,267,18,421,251,17,119,798,16,30,231,13,92,90.9,91.4,86.5,94,6
2021-02-04,2021,Feb,2021-02-01,Thu,FALSE,FALSE,238,7,45,230,7,100,620,8,30,229,8,99.6,99.6,99.6,96.2,96.6,3.4
2021-02-05,2021,Feb,2021-02-01,Fri,FALSE,FALSE,291,10,192,284,10,139,759,7,30,265,6,93.3,93,93.1,91.1,97.6,2.4
2021-02-06,2021,Feb,2021-02-01,Sat,FALSE,TRUE,134,24,437,128,22,112,543,6,30,111,5,86.7,86.1,86.6,82.8,95.5,4.5
2021-02-07,2021,Feb,2021-02-01,Sun,FALSE,TRUE,84,24,283,78,19,111,655,6,30,71,2,91,86.6,86.9,84.5,92.9,7.1
2021-02-08,2021,Feb,2021-02-01,Mon,FALSE,FALSE,306,9,237,296,9,116,671,10,30,285,9,96.3,96,96.1,93.1,96.7,3.3
2021-02-09,2021,Feb,2021-02-01,Tue,FALSE,FALSE,263,9,115,251,9,130,839,12,30,236,11,94,93.7,93.9,89.7,95.4,4.6
2021-02-10,2021,Feb,2021-02-01,Wed,FALSE,FALSE,276,11,300,264,10,135,1267,12,30,251,7,95.1,93.3,93.5,90.9,95.7,4.4
2021-02-11,2021,Feb,2021-02-01,Thu,FALSE,FALSE,243,9,203,239,9,129,1373,4,30,228,3,95.4,95,95.1,93.8,98.4,1.7
2021-02-12,2021,Feb,2021-02-01,Fri,FALSE,FALSE,280,10,320,279,10,124,735,1,30,270,1,96.8,96.8,96.8,96.4,99.6,0.4
2021-02-13,2021,Feb,2021-02-01,Sat,FALSE,TRUE,94,25,672,85,13,109,407,9,30,78,4,91.8,86.7,87.2,83,90.4,9.6
2021-02-14,2021,Feb,2021-02-01,Sun,FALSE,TRUE,87,23,377,79,15,164,1651,8,30,73,3,92.4,86.9,87.4,83.9,90.8,9.2
2021-02-15,2021,Feb,2021-02-01,Mon,TRUE,TRUE,72,15,309,70,11,107,307,2,30,68,1,97.1,95.8,95.8,94.4,97.2,2.8
2021-02-16,2021,Feb,2021-02-01,Tue,FALSE,FALSE,436,65,1214,399,62,145,1405,37,30,303,14,75.9,71.8,72.7,69.5,91.5,8.5
2021-02-17,2021,Feb,2021-02-01,Wed,FALSE,FALSE,356,39,657,342,37,140,583,14,30,287,5,83.9,81.8,82,80.6,96.1,3.9
2021-02-18,2021,Feb,2021-02-01,Thu,FALSE,FALSE,309,15,486,302,15,139,1012,7,30,276,5,91.4,90.8,90.9,89.3,97.7,2.3
2021-02-19,2021,Feb,2021-02-01,Fri,FALSE,FALSE,299,16,203,285,14,131,730,11,30,256,7,89.8,87.7,88,85.6,95.3,3.7
2021-02-20,2021,Feb,2021-02-01,Sat,FALSE,TRUE,114,18,323,105,13,176,1369,9,30,96,6,91.4,88.9,89.5,84.2,92.1,7.9
2021-02-21,2021,Feb,2021-02-01,Sun,FALSE,TRUE,84,19,233,82,19,105,435,2,30,74,2,90.2,90.2,90.5,88.1,97.6,2.4
2021-02-22,2021,Feb,2021-02-01,Mon,FALSE,FALSE,342,15,158,330,13,145,1499,11,30,292,5,88.5,86.7,86.8,85.4,96.5,3.2
2021-02-23,2021,Feb,2021-02-01,Tue,FALSE,FALSE,309,17,372,299,16,161,1421,10,30,271,5,90.6,89.1,89.3,87.7,96.8,3.2
2021-02-24,2021,Feb,2021-02-01,Wed,FALSE,FALSE,276,13,185,260,11,143,1121,16,30,239,13,91.9,90.9,91.3,86.6,94.2,5.8
2021-02-25,2021,Feb,2021-02-01,Thu,FALSE,FALSE,282,8,117,279,7,122,955,3,30,270,3,96.8,96.8,96.8,95.7,98.9,1.1
2021-02-26,2021,Feb,2021-02-01,Fri,FALSE,FALSE,296,13,236,287,13,118,996,9,30,257,9,89.6,89.6,89.9,86.8,97,3
2021-02-27,2021,Feb,2021-02-01,Sat,FALSE,TRUE,86,26,383,81,23,124,526,5,30,74,1,91.4,87.1,87.2,86.1,94.2,5.8
2021-02-28,2021,Feb,2021-02-01,Sun,FALSE,TRUE,75,17,223,72,15,135,576,3,30,69,1,95.8,93.2,93.3,92,96,4
2021-03-01,2021,Mar,2021-03-01,Mon,FALSE,FALSE,387,14,316,375,14,131,1385,12,30,340,10,90.7,90.2,90.4,87.9,96.9,3.1
2021-03-02,2021,Mar,2021-03-01,Tue,FALSE,FALSE,319,81,1441,294,77,125,1144,25,30,223,6,75.9,71.3,71.8,69.9,92.2,7.8
2021-03-03,2021,Mar,2021-03-01,Wed,FALSE,FALSE,297,17,464,274,15,121,822,23,30,243,18,88.7,87.1,87.9,81.8,92.3,7.7
2021-03-04,2021,Mar,2021-03-01,Thu,FALSE,FALSE,271,23,357,262,23,121,1070,9,30,226,7,86.3,85.6,86,83.4,96.7,3.3
2021-03-05,2021,Mar,2021-03-01,Fri,FALSE,FALSE,309,21,333,290,19,122,916,19,30,253,14,87.2,85.8,86.4,81.9,93.9,6.2
2021-03-06,2021,Mar,2021-03-01,Sat,FALSE,TRUE,108,22,416,106,19,94,368,2,30,94,0,88.7,87,87,87,98.2,1.9
2021-03-07,2021,Mar,2021-03-01,Sun,FALSE,TRUE,46,17,201,45,16,111,369,1,30,41,0,91.1,89.1,89.1,89.1,97.8,2.2
2021-03-08,2021,Mar,2021-03-01,Mon,FALSE,FALSE,364,17,480,343,15,110,675,21,30,304,16,88.6,87.4,87.9,83.5,94.2,5.8
2021-03-09,2021,Mar,2021-03-01,Tue,FALSE,FALSE,335,21,408,323,21,129,1021,12,30,289,11,89.5,89.2,89.6,86.3,96.4,3.6
2021-03-10,2021,Mar,2021-03-01,Wed,FALSE,FALSE,308,16,252,297,14,143,1048,11,30,261,6,87.9,86.4,86.7,84.7,96.4,3.6
2021-03-11,2021,Mar,2021-03-01,Thu,FALSE,FALSE,334,62,782,305,61,140,1038,29,30,221,11,72.5,68.4,69.5,66.2,91.3,8.7
2021-03-12,2021,Mar,2021-03-01,Fri,FALSE,FALSE,307,56,486,284,55,165,1127,23,30,187,12,65.9,63.4,64.8,60.9,92.5,7.5
2021-03-13,2021,Mar,2021-03-01,Sat,FALSE,TRUE,82,74,631,65,73,175,835,17,30,45,5,69.2,58.4,61,54.9,79.3,20.7
2021-03-14,2021,Mar,2021-03-01,Sun,FALSE,TRUE,52,5,10,52,5,120,376,0,30,52,0,100,100,100,100,100,0
2021-03-15,2021,Mar,2021-03-01,Mon,FALSE,FALSE,356,55,531,324,53,127,1219,32,30,239,17,73.8,70.5,71.9,67.1,91,9
2021-03-16,2021,Mar,2021-03-01,Tue,FALSE,FALSE,301,19,305,291,19,124,764,10,30,261,9,89.7,89.4,89.7,86.7,96.7,3.3
2021-03-17,2021,Mar,2021-03-01,Wed,FALSE,FALSE,316,15,297,307,14,124,1192,9,30,284,4,92.5,91,91.1,89.9,97.2,2.9
2021-03-18,2021,Mar,2021-03-01,Thu,FALSE,FALSE,307,18,322,297,18,119,1229,10,30,266,8,89.6,89,89.3,86.6,96.7,3.3
2021-03-19,2021,Mar,2021-03-01,Fri,FALSE,FALSE,330,24,613,315,22,136,1047,15,30,274,9,87,85.4,85.8,83,95.5,4.6
2021-03-20,2021,Mar,2021-03-01,Sat,FALSE,TRUE,133,74,1671,114,38,168,2287,19,30,95,6,83.3,74.8,75.9,71.4,85.7,14.3
2021-03-22,2021,Mar,2021-03-01,Mon,FALSE,FALSE,389,25,325,363,25,133,987,26,30,293,22,80.7,79.8,81,75.3,93.3,6.7
2021-03-23,2021,Mar,2021-03-01,Tue,FALSE,FALSE,370,42,345,344,40,141,1257,26,30,218,12,63.4,60.9,62.2,58.9,93,7
2021-03-24,2021,Mar,2021-03-01,Wed,FALSE,FALSE,317,21,286,304,21,125,816,13,30,264,10,86.8,86,86.4,83.3,95.9,4.1
2021-03-25,2021,Mar,2021-03-01,Thu,FALSE,FALSE,333,38,522,319,39,155,1360,14,30,232,11,72.7,72.1,73,69.7,95.8,4.2
2021-03-26,2021,Mar,2021-03-01,Fri,FALSE,FALSE,335,52,481,311,50,163,1297,24,30,218,9,70.1,66.9,67.8,65.1,92.8,7.2
2021-03-27,2021,Mar,2021-03-01,Sat,FALSE,TRUE,96,15,280,92,15,133,911,4,30,85,3,92.4,91.4,91.7,88.5,95.8,4.2
2021-03-28,2021,Mar,2021-03-01,Sun,FALSE,TRUE,68,12,174,66,11,101,437,2,30,62,1,93.9,92.5,92.7,91.2,97.1,2.9
2021-03-29,2021,Mar,2021-03-01,Mon,FALSE,FALSE,378,26,351,360,26,144,952,18,30,294,13,81.7,80.6,81.2,77.8,95.2,4.8
2021-03-30,2021,Mar,2021-03-01,Tue,FALSE,FALSE,369,35,398,349,32,132,766,20,30,284,7,81.4,78.5,78.9,77,94.6,5.4
2021-03-31,2021,Mar,2021-03-01,Wed,FALSE,FALSE,309,25,546,298,25,136,960,11,30,249,8,83.6,82.7,83.2,80.6,96.4,3.6
2021-04-01,2021,Apr,2021-04-01,Thu,FALSE,FALSE,323,29,398,306,28,147,1063,17,30,259,8,84.6,82.2,82.7,80.2,94.7,5.3
2021-04-02,2021,Apr,2021-04-01,Fri,TRUE,TRUE,104,17,295,99,15,101,869,5,30,88,4,88.9,88,88.5,84.6,95.2,4.8
2021-04-03,2021,Apr,2021-04-01,Sat,FALSE,TRUE,101,21,374,93,17,100,532,8,30,84,6,90.3,88.4,89.1,83.2,92.1,7.9
2021-04-04,2021,Apr,2021-04-01,Sun,FALSE,TRUE,74,6,41,72,6,116,441,2,30,70,2,97.2,97.2,97.3,94.6,97.3,2.7
2021-04-05,2021,Apr,2021-04-01,Mon,FALSE,FALSE,254,116,1202,220,120,107,692,34,30,139,17,63.2,58.7,61.4,54.7,86.6,13.4
2021-04-06,2021,Apr,2021-04-01,Tue,FALSE,FALSE,460,110,1103,411,106,129,1073,49,30,242,16,58.9,54.5,56.1,52.6,89.4,10.7
2021-04-07,2021,Apr,2021-04-01,Wed,FALSE,FALSE,388,48,693,372,47,137,1502,16,30,286,8,76.9,75.3,75.8,73.7,95.9,4.1
2021-04-08,2021,Apr,2021-04-01,Thu,FALSE,FALSE,448,34,372,421,33,144,1300,27,30,326,15,77.4,75.3,76.1,72.8,94,6
2021-04-09,2021,Apr,2021-04-01,Fri,FALSE,FALSE,390,20,520,371,16,131,1245,19,30,319,8,86,83.5,83.9,81.8,95.1,4.9
2021-04-10,2021,Apr,2021-04-01,Sat,FALSE,TRUE,175,78,613,152,72,137,732,23,30,106,8,69.7,63.5,65.1,60.6,86.9,13.1
2021-04-11,2021,Apr,2021-04-01,Sun,FALSE,TRUE,87,19,298,81,12,132,451,6,30,77,2,95.1,90.6,90.8,88.5,93.1,6.9
2021-04-12,2021,Apr,2021-04-01,Mon,FALSE,FALSE,373,22,617,365,22,143,1142,8,30,314,5,86,85.3,85.5,84.2,97.9,2.1
2021-04-13,2021,Apr,2021-04-01,Tue,FALSE,FALSE,367,20,272,350,19,155,3816,17,30,298,11,85.1,83.7,84.2,81.2,95.4,4.6
2021-04-14,2021,Apr,2021-04-01,Wed,FALSE,FALSE,337,10,200,324,10,139,1591,13,30,308,11,95.1,94.5,94.7,91.4,96.1,3.9
2021-04-15,2021,Apr,2021-04-01,Thu,FALSE,FALSE,327,40,393,315,39,142,902,12,30,239,7,75.9,74.7,75.2,73.1,96.3,3.7
2021-04-16,2021,Apr,2021-04-01,Fri,FALSE,FALSE,315,15,345,303,14,144,1122,12,30,278,8,91.8,90.6,90.8,88.3,96.2,3.8
2021-04-17,2021,Apr,2021-04-01,Sat,FALSE,TRUE,144,21,246,134,17,151,1732,10,30,122,6,91,88.4,88.9,84.7,93.1,6.9
2021-04-18,2021,Apr,2021-04-01,Sun,FALSE,TRUE,97,9,170,91,9,124,587,6,30,88,5,96.7,95.7,95.9,90.7,93.8,6.2
2021-04-19,2021,Apr,2021-04-01,Mon,FALSE,FALSE,332,7,98,322,7,138,817,10,30,313,9,97.2,96.9,97,94.3,97,3
2021-04-20,2021,Apr,2021-04-01,Tue,FALSE,FALSE,316,23,681,302,22,141,1264,14,30,266,8,88.1,86.4,86.7,84.2,95.6,4.4
2021-04-21,2021,Apr,2021-04-01,Wed,FALSE,FALSE,293,12,295,284,12,128,1194,8,30,268,8,94.4,94,94.2,91.5,96.9,2.7
2021-04-22,2021,Apr,2021-04-01,Thu,FALSE,FALSE,281,10,119,270,9,108,537,11,30,253,8,93.7,92.7,92.9,90,96.1,3.9
2021-04-23,2021,Apr,2021-04-01,Fri,FALSE,FALSE,320,19,378,308,17,141,802,11,30,282,4,91.6,89.2,89.4,88.1,96.3,3.4
2021-04-24,2021,Apr,2021-04-01,Sat,FALSE,TRUE,141,35,500,124,31,129,1171,17,30,99,7,79.8,73.9,75.2,70.2,87.9,12.1
2021-04-25,2021,Apr,2021-04-01,Sun,FALSE,TRUE,78,32,465,74,27,142,799,4,30,66,1,89.2,85.7,85.9,84.6,94.9,5.1
2021-04-27,2021,Apr,2021-04-01,Tue,FALSE,FALSE,303,21,460,295,21,120,554,8,30,278,6,94.2,93.6,93.7,91.8,97.4,2.6
2021-04-28,2021,Apr,2021-04-01,Wed,FALSE,FALSE,326,9,301,318,8,120,682,8,30,312,5,98.1,97.2,97.2,95.7,97.6,2.5
2021-04-29,2021,Apr,2021-04-01,Thu,FALSE,FALSE,314,12,178,306,11,117,924,8,30,288,5,94.1,93.2,93.3,91.7,97.5,2.6
2021-04-30,2021,Apr,2021-04-01,Fri,FALSE,FALSE,291,13,273,285,13,146,924,6,30,264,5,92.6,92.3,92.4,90.7,97.9,2.1
2021-05-01,2021,May,2021-05-01,Sat,FALSE,TRUE,97,46,510,87,35,168,761,10,30,68,2,78.2,71.6,72.2,70.1,89.7,10.3
2021-05-02,2021,May,2021-05-01,Sun,FALSE,TRUE,96,47,494,88,46,171,1041,8,30,65,4,73.9,70.7,71.9,67.7,91.7,8.3
2021-05-03,2021,May,2021-05-01,Mon,FALSE,FALSE,379,33,472,363,31,135,1624,16,30,315,8,86.8,84.9,85.2,83.1,95.8,4.2
2021-05-04,2021,May,2021-05-01,Tue,FALSE,FALSE,316,13,283,305,13,133,1690,11,30,288,7,94.4,93.2,93.4,91.1,96.5,3.5
2021-05-05,2021,May,2021-05-01,Wed,FALSE,FALSE,269,10,245,265,10,127,818,4,30,258,3,97.4,97,97,95.9,98.5,1.5
2021-05-06,2021,May,2021-05-01,Thu,FALSE,FALSE,286,22,304,271,21,135,1196,15,30,238,8,87.8,85.6,86,83.2,94.8,5.2
2021-05-07,2021,May,2021-05-01,Fri,FALSE,FALSE,296,30,464,281,30,140,738,15,30,238,13,84.7,84.1,84.8,80.4,94.9,5.1
2021-05-08,2021,May,2021-05-01,Sat,FALSE,TRUE,108,45,608,100,43,167,1175,8,30,77,4,77,74,75,71.3,92.6,7.4
2021-05-09,2021,May,2021-05-01,Sun,FALSE,TRUE,86,38,492,76,32,138,687,10,30,64,4,84.2,78.1,79.1,74.4,88.4,11.6
2021-05-10,2021,May,2021-05-01,Mon,FALSE,FALSE,380,73,1073,355,71,139,1020,25,30,252,10,71,68.1,69,66.3,93.4,6.6
2021-05-11,2021,May,2021-05-01,Tue,FALSE,FALSE,303,54,582,286,53,124,804,17,30,217,10,75.9,74.1,74.9,71.6,94.4,5.6
2021-05-12,2021,May,2021-05-01,Wed,FALSE,FALSE,362,17,245,352,17,141,956,10,30,320,6,90.9,89.9,90.1,88.4,97.2,2.8
2021-05-13,2021,May,2021-05-01,Thu,FALSE,FALSE,330,38,657,315,37,172,1683,15,30,269,9,85.4,83.8,84.2,81.5,95.5,4.6
2021-05-14,2021,May,2021-05-01,Fri,FALSE,FALSE,350,18,386,340,17,167,1812,10,30,308,6,90.6,89.5,89.7,88,97.1,2.9
2021-05-15,2021,May,2021-05-01,Sat,FALSE,TRUE,142,46,826,130,39,138,1078,12,30,102,2,78.5,72.9,73.2,71.8,91.6,8.5
2021-05-16,2021,May,2021-05-01,Sun,FALSE,TRUE,89,66,1087,82,49,153,1459,7,30,65,2,79.3,74.7,75.3,73,92.1,7.9
2021-05-17,2021,May,2021-05-01,Mon,FALSE,FALSE,402,36,360,378,36,168,841,24,30,285,17,75.4,74,75.1,70.9,94,6
2021-05-18,2021,May,2021-05-01,Tue,FALSE,FALSE,343,30,455,335,29,153,857,8,30,285,2,85.1,83.6,83.7,83.1,97.7,2.3
2021-05-19,2021,May,2021-05-01,Wed,FALSE,FALSE,329,18,452,313,17,159,1384,16,30,287,11,91.7,90.3,90.6,87.2,95.1,4.9
2021-05-20,2021,May,2021-05-01,Thu,FALSE,FALSE,383,45,645,356,45,155,810,27,30,262,16,73.6,71.4,72.6,68.4,93,7.1
2021-05-21,2021,May,2021-05-01,Fri,FALSE,FALSE,361,18,575,345,16,156,2253,16,30,300,9,87,85.2,85.6,83.1,95.6,4.4
2021-05-22,2021,May,2021-05-01,Sat,FALSE,TRUE,160,45,528,148,41,113,638,12,30,115,5,77.7,74.2,75,71.9,92.5,7.5
2021-05-23,2021,May,2021-05-01,Sun,FALSE,TRUE,126,89,930,98,65,117,527,28,30,77,7,78.6,64.7,66.7,61.1,77.8,22.2
2021-05-24,2021,May,2021-05-01,Mon,TRUE,TRUE,119,26,403,109,22,109,635,10,30,98,5,89.9,86,86.6,82.4,91.6,8.4
2021-05-25,2021,May,2021-05-01,Tue,FALSE,FALSE,518,78,674,470,78,142,900,48,30,318,24,67.7,64.4,66,61.4,90.7,9.3
2021-05-26,2021,May,2021-05-01,Wed,FALSE,FALSE,383,14,482,371,12,151,2119,12,30,339,7,91.4,90.2,90.3,88.5,96.9,3.1
2021-05-27,2021,May,2021-05-01,Thu,FALSE,FALSE,348,20,504,334,20,142,1476,14,30,289,10,86.5,85.5,85.9,83.1,96,4
2021-05-28,2021,May,2021-05-01,Fri,FALSE,FALSE,260,18,546,250,17,124,738,8,30,233,7,93.2,92.1,92.3,89.6,96.2,3.1
2021-05-29,2021,May,2021-05-01,Sat,FALSE,TRUE,120,31,424,112,28,134,693,8,30,99,4,88.4,85.3,85.8,82.5,93.3,6.7
2021-05-30,2021,May,2021-05-01,Sun,FALSE,TRUE,71,23,286,65,15,142,577,6,30,60,2,92.3,87,87.3,84.5,91.6,8.5
2021-05-31,2021,May,2021-05-01,Mon,FALSE,FALSE,485,25,467,465,25,149,938,20,30,382,14,82.2,81.1,81.7,78.8,95.9,4.1
2021-06-01,2021,Jun,2021-06-01,Tue,FALSE,FALSE,426,45,690,393,43,154,880,33,30,301,18,76.6,73.8,74.9,70.7,92.3,7.8
2021-06-02,2021,Jun,2021-06-01,Wed,FALSE,FALSE,388,21,263,372,20,157,1275,16,30,310,9,83.3,81.8,82.2,79.9,95.9,4.1
2021-06-03,2021,Jun,2021-06-01,Thu,FALSE,FALSE,333,11,288,328,11,136,1660,5,30,312,4,95.1,94.8,94.9,93.7,98.5,1.5
2021-06-04,2021,Jun,2021-06-01,Fri,FALSE,FALSE,410,17,292,393,17,132,747,17,30,354,13,90.1,89.2,89.5,86.3,95.9,4.2
2021-06-05,2021,Jun,2021-06-01,Sat,FALSE,TRUE,154,62,737,135,57,157,674,19,30,103,9,76.3,71,72.7,66.9,87.7,12.3
2021-06-06,2021,Jun,2021-06-01,Sun,FALSE,TRUE,127,37,488,117,30,127,719,10,30,98,3,83.8,79,79.5,77.2,92.1,7.9
2021-06-07,2021,Jun,2021-06-01,Mon,FALSE,FALSE,457,18,211,443,17,128,807,14,30,389,5,87.8,86.1,86.2,85.1,96.9,3.1
2021-06-08,2021,Jun,2021-06-01,Tue,FALSE,FALSE,364,17,237,355,16,133,874,9,30,302,5,85.1,84.1,84.3,83,97.5,2.5
2021-06-09,2021,Jun,2021-06-01,Wed,FALSE,FALSE,402,20,380,386,20,143,1399,16,30,343,12,88.9,88,88.3,85.3,96,4
2021-06-10,2021,Jun,2021-06-01,Thu,FALSE,FALSE,369,34,1438,352,25,161,1090,17,30,305,10,86.7,85,85.4,82.7,95.4,4.6
2021-06-11,2021,Jun,2021-06-01,Fri,FALSE,FALSE,343,16,371,340,16,159,963,3,30,312,2,91.8,91.5,91.6,91,99.1,0.9
2021-06-12,2021,Jun,2021-06-01,Sat,FALSE,TRUE,111,41,631,105,31,123,685,6,30,90,2,85.7,82.6,82.9,81.1,94.6,5.4
2021-06-13,2021,Jun,2021-06-01,Sun,FALSE,TRUE,107,21,297,102,18,121,401,5,30,91,3,89.2,87.5,87.9,85.1,95.3,4.7
2021-06-14,2021,Jun,2021-06-01,Mon,FALSE,FALSE,499,74,1007,460,71,145,1699,39,30,320,13,69.6,65.8,66.7,64.1,92.2,7.8
2021-06-15,2021,Jun,2021-06-01,Tue,FALSE,FALSE,391,56,710,348,56,139,1800,43,30,238,20,68.4,64.2,66,60.9,89,11
2021-06-16,2021,Jun,2021-06-01,Wed,FALSE,FALSE,357,24,498,342,21,138,725,15,30,305,8,89.2,87.4,87.7,85.4,95.8,4.2
2021-06-17,2021,Jun,2021-06-01,Thu,FALSE,FALSE,322,17,434,312,16,153,1309,10,30,283,6,90.7,89.6,89.8,87.9,96.9,3.1
2021-06-18,2021,Jun,2021-06-01,Fri,FALSE,FALSE,313,28,696,288,26,150,978,25,30,244,17,84.7,82.4,83.4,78,92,8
2021-06-19,2021,Jun,2021-06-01,Sat,FALSE,TRUE,141,65,699,118,54,184,1739,23,30,86,10,72.9,65.7,68.1,61,83.7,16.3
2021-06-20,2021,Jun,2021-06-01,Sun,FALSE,TRUE,113,18,537,107,17,105,558,6,30,100,3,93.5,90.9,91.2,88.5,94.7,5.3
2021-06-21,2021,Jun,2021-06-01,Mon,FALSE,FALSE,428,47,656,405,46,135,1265,23,30,288,10,71.1,68.9,69.6,67.3,94.6,5.4
2021-06-22,2021,Jun,2021-06-01,Tue,FALSE,FALSE,343,12,255,330,12,136,1366,13,30,309,11,93.6,93.1,93.3,90.1,96.2,3.8
2021-06-23,2021,Jun,2021-06-01,Wed,FALSE,FALSE,355,12,461,347,10,125,1052,8,30,329,6,94.8,94.3,94.4,92.7,97.8,2.3
2021-06-24,2021,Jun,2021-06-01,Thu,FALSE,FALSE,306,11,121,296,10,126,913,10,30,277,7,93.6,92.6,92.8,90.5,96.7,3.3
2021-06-25,2021,Jun,2021-06-01,Fri,FALSE,FALSE,291,23,395,278,21,130,963,13,30,230,9,82.7,81.6,82.1,79,95.5,4.5
2021-06-26,2021,Jun,2021-06-01,Sat,FALSE,TRUE,116,52,785,108,47,130,903,8,30,87,5,80.6,78.4,79.3,75,93.1,6.9
2021-06-27,2021,Jun,2021-06-01,Sun,FALSE,TRUE,108,36,483,95,30,132,620,13,30,81,4,85.3,77.9,78.7,75,88,12
2021-06-28,2021,Jun,2021-06-01,Mon,FALSE,FALSE,464,21,297,442,20,103,904,22,30,370,12,83.7,81.9,82.3,79.7,95.3,4.7
2021-06-29,2021,Jun,2021-06-01,Tue,FALSE,FALSE,617,406,3637,443,479,136,1146,174,30,205,41,46.3,35.6,39.9,33.2,71.8,28.2
2021-06-30,2021,Jun,2021-06-01,Wed,FALSE,FALSE,626,310,2163,482,355,143,762,144,30,221,31,45.9,37.1,40.3,35.3,77,23
2021-07-01,2021,Jul,2021-07-01,Thu,TRUE,TRUE,224,42,818,208,38,132,1248,16,30,156,8,75,72.2,73.2,69.6,92.9,7.1
2021-07-02,2021,Jul,2021-07-01,Fri,FALSE,FALSE,421,180,1394,325,196,163,1221,96,30,127,22,39.1,31.8,35.4,30.2,77.2,22.8
2021-07-03,2021,Jul,2021-07-01,Sat,FALSE,TRUE,192,57,581,151,43,148,3177,41,30,120,11,79.5,66.3,68.2,62.5,78.7,21.4
2021-07-04,2021,Jul,2021-07-01,Sun,FALSE,TRUE,134,22,341,129,22,103,1166,5,30,112,4,86.8,86.2,86.6,83.6,96.3,3.7
2021-07-05,2021,Jul,2021-07-01,Mon,FALSE,FALSE,590,126,1236,515,133,132,1054,75,30,297,28,57.7,52.9,55.1,50.3,87.3,12.7
2021-07-06,2021,Jul,2021-07-01,Tue,FALSE,FALSE,454,62,557,420,62,138,1284,34,30,313,15,74.5,71.3,72.3,68.9,92.5,7.5
2021-07-07,2021,Jul,2021-07-01,Wed,FALSE,FALSE,391,39,377,366,38,135,796,25,30,287,14,78.4,76.1,77,73.4,93.6,6.4
2021-07-08,2021,Jul,2021-07-01,Thu,FALSE,FALSE,308,26,371,289,25,131,657,19,30,244,12,84.4,82.4,83.1,79.2,93.8,6.2
2021-07-09,2021,Jul,2021-07-01,Fri,FALSE,FALSE,345,29,771,327,26,156,708,18,30,263,10,80.4,78.5,79.1,76.2,94.8,5.2
2021-07-10,2021,Jul,2021-07-01,Sat,FALSE,TRUE,142,91,1067,111,79,171,874,31,30,82,9,73.9,61.7,64.1,57.8,78.2,21.8
2021-07-11,2021,Jul,2021-07-01,Sun,FALSE,TRUE,67,47,650,62,40,174,618,5,30,52,2,83.9,80,80.6,77.6,92.5,7.5
2021-07-12,2021,Jul,2021-07-01,Mon,FALSE,FALSE,422,139,1070,379,142,157,1232,43,30,241,11,63.6,58.6,59.7,57.1,89.8,10.2
2021-07-13,2021,Jul,2021-07-01,Tue,FALSE,FALSE,383,14,274,374,13,136,904,9,30,345,6,92.3,91.5,91.6,90.1,97.7,2.4
2021-07-14,2021,Jul,2021-07-01,Wed,FALSE,FALSE,412,18,445,402,17,140,1002,10,30,375,7,93.3,92.6,92.7,91,97.6,2.4
2021-07-15,2021,Jul,2021-07-01,Thu,FALSE,FALSE,376,27,616,350,25,164,1845,26,30,286,18,81.7,79.9,80.9,76.1,93.1,6.9
2021-07-16,2021,Jul,2021-07-01,Fri,FALSE,FALSE,302,9,257,290,8,119,663,12,30,278,11,95.9,95.5,95.7,92.1,96,4
2021-07-17,2021,Jul,2021-07-01,Sat,FALSE,TRUE,97,29,366,90,22,129,704,7,30,80,4,88.9,86,86.6,82.5,92.8,7.2
2021-07-18,2021,Jul,2021-07-01,Sun,FALSE,TRUE,107,38,824,96,32,115,522,11,30,81,6,84.4,80.2,81.3,75.7,89.7,10.3
2021-07-19,2021,Jul,2021-07-01,Mon,FALSE,FALSE,465,59,524,422,59,152,929,43,30,284,18,67.3,63.5,65,61.1,90.8,9.3
2021-07-20,2021,Jul,2021-07-01,Tue,FALSE,FALSE,400,35,526,376,35,137,867,24,30,291,13,77.4,75.2,76,72.8,94,6
2021-07-21,2021,Jul,2021-07-01,Wed,FALSE,FALSE,370,20,229,353,20,146,1112,17,30,302,12,85.6,84.4,84.9,81.6,95.4,4.6
2021-07-22,2021,Jul,2021-07-01,Thu,FALSE,FALSE,385,36,517,361,34,128,763,24,30,288,10,79.8,76.8,77.4,74.8,93.8,6.2
2021-07-23,2021,Jul,2021-07-01,Fri,FALSE,FALSE,318,38,635,298,37,137,2258,20,30,234,11,78.5,76.2,77,73.6,93.7,6.3
2021-07-24,2021,Jul,2021-07-01,Sat,FALSE,TRUE,89,42,648,76,29,145,1645,13,30,67,5,88.2,79.8,80.9,75.3,85.4,14.6
2021-07-26,2021,Jul,2021-07-01,Mon,FALSE,FALSE,461,166,1010,374,177,152,1394,87,30,169,26,45.2,38.9,42.3,36.7,81.1,18.9
2021-07-27,2021,Jul,2021-07-01,Tue,FALSE,FALSE,373,40,491,352,39,134,924,21,30,262,11,74.4,72.4,73.2,70.2,94.4,5.6
2021-07-28,2021,Jul,2021-07-01,Wed,FALSE,FALSE,376,100,1060,331,101,139,800,45,30,191,20,57.7,53.7,56.1,50.8,88,12
2021-07-29,2021,Jul,2021-07-01,Thu,FALSE,FALSE,347,39,645,332,39,132,1078,15,30,272,9,81.9,80.5,81,78.4,95.7,4.3
2021-07-30,2021,Jul,2021-07-01,Fri,FALSE,FALSE,336,23,560,323,21,118,1069,13,30,283,8,87.6,86.3,86.6,84.2,96.1,3.9
2021-07-31,2021,Jul,2021-07-01,Sat,FALSE,TRUE,115,43,717,99,34,162,1810,16,30,80,5,80.8,72.7,73.9,69.6,86.1,13.9
2021-08-01,2021,Aug,2021-08-01,Sun,FALSE,TRUE,78,40,387,73,39,134,492,4,30,57,1,78.1,74,74.4,73.1,93.6,5.1
2021-08-02,2021,Aug,2021-08-01,Mon,TRUE,TRUE,184,49,488,166,46,119,1052,18,30,121,9,72.9,69.1,70.7,65.8,90.2,9.8
2021-08-03,2021,Aug,2021-08-01,Tue,FALSE,FALSE,428,43,465,397,41,118,1031,31,30,290,16,73.1,70.4,71.5,67.8,92.8,7.2
2021-08-04,2021,Aug,2021-08-01,Wed,FALSE,FALSE,381,52,569,348,49,125,1727,33,30,244,14,70.1,66.5,67.7,64,91.3,8.7
2021-08-05,2021,Aug,2021-08-01,Thu,FALSE,FALSE,364,50,583,324,48,135,850,40,30,242,19,74.7,70.1,71.7,66.5,89,11
2021-08-06,2021,Aug,2021-08-01,Fri,FALSE,FALSE,313,35,413,296,35,139,773,17,30,231,10,78,76.2,77,73.8,94.6,5.4
2021-08-07,2021,Aug,2021-08-01,Sat,FALSE,TRUE,134,25,317,128,22,114,914,6,30,111,2,86.7,84.1,84.3,82.8,95.5,4.5
2021-08-08,2021,Aug,2021-08-01,Sun,FALSE,TRUE,88,37,612,81,29,206,4549,7,30,69,3,85.2,81.2,81.8,78.4,92.1,8
2021-08-09,2021,Aug,2021-08-01,Mon,FALSE,FALSE,446,141,1238,379,144,148,1107,67,30,214,18,56.5,50,52,48,85,15
2021-08-10,2021,Aug,2021-08-01,Tue,FALSE,FALSE,363,18,384,351,18,117,769,12,30,307,8,87.5,86.5,86.8,84.6,96.7,3.3
2021-08-11,2021,Aug,2021-08-01,Wed,FALSE,FALSE,382,56,524,350,53,119,1780,32,30,234,12,66.9,63.2,64.4,61.3,91.6,8.4
2021-08-12,2021,Aug,2021-08-01,Thu,FALSE,FALSE,346,36,728,327,35,123,720,19,30,258,11,78.9,77,77.8,74.6,94.5,5.5
2021-08-13,2021,Aug,2021-08-01,Fri,FALSE,FALSE,334,25,382,310,24,141,1216,24,30,259,19,83.6,82.2,83.2,77.5,92.8,7.2
2021-08-14,2021,Aug,2021-08-01,Sat,FALSE,TRUE,137,30,303,131,27,113,502,6,30,107,2,81.7,79.3,79.6,78.1,95.6,4.4
2021-08-15,2021,Aug,2021-08-01,Sun,FALSE,TRUE,99,17,231,93,13,148,1498,6,30,87,3,93.6,90.6,90.9,87.9,93.9,6.1
2021-08-16,2021,Aug,2021-08-01,Mon,FALSE,FALSE,396,127,1170,347,122,148,2370,49,30,247,12,71.2,64.3,65.4,62.4,87.6,12.4
2021-08-17,2021,Aug,2021-08-01,Tue,FALSE,FALSE,351,30,334,334,29,142,1410,17,30,268,9,80.2,78.4,78.9,76.4,95.2,4.8
2021-08-18,2021,Aug,2021-08-01,Wed,FALSE,FALSE,357,48,562,325,49,122,698,32,30,238,17,73.2,70,71.4,66.7,91,9
2021-08-19,2021,Aug,2021-08-01,Thu,FALSE,FALSE,378,28,978,347,25,126,747,31,30,294,18,84.7,81.7,82.5,77.8,91.8,8.2
2021-08-20,2021,Aug,2021-08-01,Fri,FALSE,FALSE,301,18,351,290,17,141,1236,11,30,258,8,89,88.1,88.4,85.7,96.4,3.7
2021-08-21,2021,Aug,2021-08-01,Sat,FALSE,TRUE,117,26,393,103,22,116,885,14,30,92,8,89.3,84.4,85.5,78.6,88,12
2021-08-22,2021,Aug,2021-08-01,Sun,FALSE,TRUE,106,19,224,99,19,97,626,7,30,88,5,88.9,87.1,87.7,83,93.4,6.6
2021-08-23,2021,Aug,2021-08-01,Mon,FALSE,FALSE,443,15,295,426,14,121,634,16,30,392,12,92,91,91.2,88.5,96.2,3.6
2021-08-24,2021,Aug,2021-08-01,Tue,FALSE,FALSE,421,19,269,405,19,132,1022,16,30,343,15,84.7,84.5,85,81.5,96.2,3.8
2021-08-25,2021,Aug,2021-08-01,Wed,FALSE,FALSE,320,8,141,315,8,126,1050,5,30,306,5,97.1,97.1,97.2,95.6,98.4,1.6
2021-08-26,2021,Aug,2021-08-01,Thu,FALSE,FALSE,348,19,345,331,18,147,1980,17,30,294,11,88.8,87.2,87.6,84.5,95.1,4.9
2021-08-27,2021,Aug,2021-08-01,Fri,FALSE,FALSE,284,15,288,274,14,124,766,10,30,253,7,92.3,91.3,91.6,89.1,96.5,3.5
2021-08-28,2021,Aug,2021-08-01,Sat,FALSE,TRUE,97,29,390,86,27,167,1923,11,30,75,7,87.2,83.3,84.5,77.3,88.7,11.3
2021-08-29,2021,Aug,2021-08-01,Sun,FALSE,TRUE,125,35,561,111,30,133,1158,14,30,96,6,86.5,80.7,81.6,76.8,88.8,11.2
2021-08-30,2021,Aug,2021-08-01,Mon,FALSE,FALSE,422,37,410,389,35,153,1334,33,30,311,19,80,77.2,78.2,73.7,92.2,7.8
2021-08-31,2021,Aug,2021-08-01,Tue,FALSE,FALSE,394,44,698,367,41,132,1365,24,30,295,12,80.4,77.2,77.9,74.9,93.2,6.1
2021-09-01,2021,Sep,2021-09-01,Wed,FALSE,FALSE,355,60,1108,323,57,147,1540,32,30,226,15,70,66.5,67.9,63.7,91,9
2021-09-02,2021,Sep,2021-09-01,Thu,FALSE,FALSE,359,54,762,331,53,135,1312,28,30,254,14,76.7,73.6,74.7,70.8,92.2,7.8
2021-09-03,2021,Sep,2021-09-01,Fri,FALSE,FALSE,304,23,287,285,23,125,1599,19,30,239,13,83.9,82.1,82.9,78.6,93.8,6.3
2021-09-04,2021,Sep,2021-09-01,Sat,FALSE,TRUE,97,8,92,92,8,101,419,5,30,89,4,96.7,95.7,95.9,91.8,94.9,5.2
2021-09-05,2021,Sep,2021-09-01,Sun,FALSE,TRUE,72,20,303,69,21,108,583,3,30,62,2,89.9,88.6,88.9,86.1,95.8,4.2
2021-09-06,2021,Sep,2021-09-01,Mon,TRUE,TRUE,73,14,163,71,14,115,589,2,30,64,2,90.1,90.1,90.4,87.7,97.3,2.7
2021-09-07,2021,Sep,2021-09-01,Tue,FALSE,FALSE,420,90,708,364,92,153,1299,56,30,194,22,53.3,48.7,51.4,46.2,86.7,13.3
2021-09-08,2021,Sep,2021-09-01,Wed,FALSE,FALSE,374,57,342,354,57,137,900,20,30,221,11,62.4,60.9,62,59.1,94.7,5.4
2021-09-09,2021,Sep,2021-09-01,Thu,FALSE,FALSE,332,17,200,322,16,128,890,10,30,285,7,88.5,87.7,88,85.8,97,3
2021-09-10,2021,Sep,2021-09-01,Fri,FALSE,FALSE,341,15,445,326,13,142,3194,15,30,301,11,92.3,91.2,91.5,88.3,95.6,4.4
2021-09-11,2021,Sep,2021-09-01,Sat,FALSE,TRUE,104,45,856,94,39,114,357,10,30,81,5,86.2,81.8,82.7,77.9,90.4,9.6
2021-09-12,2021,Sep,2021-09-01,Sun,FALSE,TRUE,83,43,515,73,38,157,941,10,30,63,6,86.3,81.8,83.1,75.9,88,12.1
2021-09-13,2021,Sep,2021-09-01,Mon,FALSE,FALSE,359,21,348,345,20,150,1189,14,30,304,7,88.1,86.4,86.6,84.7,96.1,3.9
2021-09-14,2021,Sep,2021-09-01,Tue,FALSE,FALSE,355,21,374,347,21,142,914,8,30,306,5,88.2,87.4,87.6,86.2,97.8,2.3
2021-09-15,2021,Sep,2021-09-01,Wed,FALSE,FALSE,325,14,297,316,13,126,1235,9,30,293,5,92.7,91.6,91.7,90.2,97.2,2.8
2021-09-16,2021,Sep,2021-09-01,Thu,FALSE,FALSE,287,23,262,277,22,120,1356,10,30,236,6,85.2,84,84.3,82.2,96.5,3.5
2021-09-17,2021,Sep,2021-09-01,Fri,FALSE,FALSE,382,49,538,344,48,110,891,38,30,244,20,70.9,67.4,69.1,63.9,90.1,10
2021-09-18,2021,Sep,2021-09-01,Sat,FALSE,TRUE,91,38,546,81,37,133,847,10,30,68,4,84,78.2,79.1,74.7,89,11
2021-09-19,2021,Sep,2021-09-01,Sun,FALSE,TRUE,87,20,295,79,12,155,1070,8,30,72,2,91.1,84.7,85.1,82.8,90.8,9.2
2021-09-20,2021,Sep,2021-09-01,Mon,FALSE,FALSE,400,9,99,395,9,118,724,5,30,371,5,93.9,93.9,94,92.8,98.8,1.3
2021-09-21,2021,Sep,2021-09-01,Tue,FALSE,FALSE,349,13,302,341,13,125,2350,8,30,318,6,93.3,92.7,92.8,91.1,97.7,2.3
2021-09-22,2021,Sep,2021-09-01,Wed,FALSE,FALSE,313,31,674,299,27,135,2288,14,30,268,6,89.6,87.3,87.5,85.6,95.5,4.5
2021-09-23,2021,Sep,2021-09-01,Thu,FALSE,FALSE,363,79,753,317,82,166,1558,46,30,204,21,64.4,59.7,62,56.2,87.3,12.7
2021-09-24,2021,Sep,2021-09-01,Fri,FALSE,FALSE,306,19,238,289,19,150,783,17,30,251,15,86.9,86.3,86.9,82,94.4,5.6
2021-09-25,2021,Sep,2021-09-01,Sat,FALSE,TRUE,96,17,230,88,17,148,981,8,30,78,6,88.6,86.7,87.5,81.3,91.7,8.3
2021-09-26,2021,Sep,2021-09-01,Sun,FALSE,TRUE,105,45,503,94,39,171,1735,11,30,71,4,75.5,70.3,71.4,67.6,89.5,10.5
2021-09-27,2021,Sep,2021-09-01,Mon,FALSE,FALSE,343,16,453,330,16,112,1032,13,30,296,10,89.7,88.9,89.2,86.3,96.2,3.8
2021-09-28,2021,Sep,2021-09-01,Tue,FALSE,FALSE,357,8,121,345,8,121,634,12,30,331,8,95.9,94.8,95,92.7,96.6,3.4
2021-09-29,2021,Sep,2021-09-01,Wed,FALSE,FALSE,324,16,742,306,13,133,796,18,30,285,11,93.1,91.1,91.4,88,94.4,5.6
2021-09-30,2021,Sep,2021-09-01,Thu,FALSE,FALSE,271,13,257,257,12,141,1079,14,30,242,11,94.2,93.1,93.4,89.3,94.8,5.2
2021-10-01,2021,Oct,2021-10-01,Fri,FALSE,FALSE,288,27,1417,276,25,166,3065,12,30,240,8,87,85.7,86.1,83.3,95.8,4.2
2021-10-02,2021,Oct,2021-10-01,Sat,FALSE,TRUE,137,103,1431,115,84,168,1313,22,30,83,6,72.2,63.4,65,60.6,83.9,16.1
2021-10-03,2021,Oct,2021-10-01,Sun,FALSE,TRUE,64,34,673,61,24,185,1196,3,30,56,1,91.8,88.9,89.1,87.5,95.3,4.7
2021-10-04,2021,Oct,2021-10-01,Mon,FALSE,FALSE,357,15,199,349,15,125,1400,8,30,323,6,92.6,92,92.2,90.5,97.8,2.2
2021-10-05,2021,Oct,2021-10-01,Tue,FALSE,FALSE,307,20,785,297,18,136,846,10,30,267,7,89.9,89,89.3,87,96.7,3.3
2021-10-06,2021,Oct,2021-10-01,Wed,FALSE,FALSE,343,43,558,326,41,120,683,17,30,236,6,72.4,70,70.6,68.8,95,5
2021-10-07,2021,Oct,2021-10-01,Thu,FALSE,FALSE,336,38,539,312,39,143,903,24,30,249,17,79.8,78.1,79.2,74.1,92.9,7.1
2021-10-08,2021,Oct,2021-10-01,Fri,FALSE,FALSE,274,55,891,242,46,165,3117,32,30,180,12,74.4,68.7,70.1,65.7,88.3,11.7
2021-10-10,2021,Oct,2021-10-01,Sun,FALSE,TRUE,69,35,372,68,32,116,1728,1,30,56,0,82.4,81.2,81.2,81.2,98.6,1.5
2021-10-11,2021,Oct,2021-10-01,Mon,TRUE,TRUE,62,28,569,59,29,115,598,3,30,52,2,88.1,86.7,87.1,83.9,95.2,4.8
2021-10-12,2021,Oct,2021-10-01,Tue,FALSE,FALSE,362,22,259,343,22,134,927,19,30,291,10,84.8,82.7,83.2,80.4,94.8,5.3
2021-10-13,2021,Oct,2021-10-01,Wed,FALSE,FALSE,333,17,192,318,16,148,894,15,30,282,11,88.7,87.6,88,84.7,95.5,4.5
2021-10-14,2021,Oct,2021-10-01,Thu,FALSE,FALSE,356,19,493,341,18,128,1741,15,30,294,10,86.2,85,85.4,82.6,95.8,4.2
2021-10-15,2021,Oct,2021-10-01,Fri,FALSE,FALSE,283,55,742,260,57,173,2086,23,30,199,16,76.5,74.5,76,70.3,91.9,8.1
2021-10-16,2021,Oct,2021-10-01,Sat,FALSE,TRUE,92,67,534,86,60,142,787,6,30,64,1,74.4,70.3,70.7,69.6,93.5,6.5
2021-10-17,2021,Oct,2021-10-01,Sun,FALSE,TRUE,63,34,411,55,35,117,588,8,30,46,5,83.6,79.3,81,73,87.3,12.7
2021-10-18,2021,Oct,2021-10-01,Mon,FALSE,FALSE,395,20,242,385,19,128,1337,10,30,336,6,87.3,86.4,86.6,85.1,97.5,2.5
2021-10-19,2021,Oct,2021-10-01,Tue,FALSE,FALSE,372,35,887,351,30,133,753,21,30,287,11,81.8,79.5,80.1,77.2,94.4,5.7
2021-10-20,2021,Oct,2021-10-01,Wed,FALSE,FALSE,388,30,504,364,29,144,2067,24,30,297,14,81.6,79.4,80.2,76.6,93.8,6.2
2021-10-21,2021,Oct,2021-10-01,Thu,FALSE,FALSE,328,41,550,301,41,142,1336,27,30,222,17,73.8,71.4,72.9,67.7,91.8,8.2
2021-10-22,2021,Oct,2021-10-01,Fri,FALSE,FALSE,368,89,1302,341,81,133,1052,27,30,278,14,81.5,78.5,79.4,75.5,92.7,7.3
2021-10-23,2021,Oct,2021-10-01,Sat,FALSE,TRUE,98,58,1170,91,54,121,669,7,30,73,2,80.2,76,76.5,74.5,92.9,7.1
2021-10-24,2021,Oct,2021-10-01,Sun,FALSE,TRUE,75,25,326,72,24,129,1658,3,30,62,1,86.1,83.8,84,82.7,96,4
2021-10-25,2021,Oct,2021-10-01,Mon,FALSE,FALSE,366,20,262,361,20,121,709,5,30,305,5,84.5,84.5,84.7,83.3,98.6,1.4
2021-10-26,2021,Oct,2021-10-01,Tue,FALSE,FALSE,316,15,411,301,15,144,1149,15,30,277,10,92,90.5,90.8,87.7,95.3,4.8
2021-10-27,2021,Oct,2021-10-01,Wed,FALSE,FALSE,331,12,130,317,11,141,978,14,30,296,10,93.4,92.2,92.5,89.4,95.8,4.2
2021-10-28,2021,Oct,2021-10-01,Thu,FALSE,FALSE,331,51,809,307,48,130,1166,24,30,229,12,74.6,71.8,72.8,69.2,92.8,7.3
2021-10-29,2021,Oct,2021-10-01,Fri,FALSE,FALSE,281,11,312,273,11,127,668,8,30,259,7,94.9,94.5,94.7,92.2,97.2,2.9
2021-10-30,2021,Oct,2021-10-01,Sat,FALSE,TRUE,69,10,200,65,7,133,510,4,30,64,3,98.5,97,97.1,92.8,94.2,5.8
2021-10-31,2021,Oct,2021-10-01,Sun,FALSE,TRUE,77,85,1141,69,83,227,5001,8,30,52,3,75.4,70.3,71.4,67.5,89.6,10.4
2021-11-01,2021,Nov,2021-11-01,Mon,FALSE,FALSE,332,30,482,315,29,151,1155,17,30,252,8,80,77.8,78.3,75.9,94.9,5.1
2021-11-02,2021,Nov,2021-11-01,Tue,FALSE,FALSE,285,9,144,277,10,131,1895,8,30,262,8,94.6,94.6,94.7,91.9,97.2,2.8
2021-11-03,2021,Nov,2021-11-01,Wed,FALSE,FALSE,303,11,266,291,10,126,1242,12,30,274,9,94.2,93.2,93.4,90.4,96,4
2021-11-04,2021,Nov,2021-11-01,Thu,FALSE,FALSE,332,39,653,300,29,119,841,32,30,250,11,83.3,77.9,78.6,75.3,90.4,9.6
2021-11-05,2021,Nov,2021-11-01,Fri,FALSE,FALSE,249,32,1858,233,28,137,1016,16,30,206,10,88.4,86.2,86.8,82.7,93.6,6.4
2021-11-06,2021,Nov,2021-11-01,Sat,FALSE,TRUE,88,22,227,87,22,129,705,1,30,72,1,82.8,82.8,83,81.8,98.9,1.1
2021-11-07,2021,Nov,2021-11-01,Sun,FALSE,TRUE,75,25,263,70,26,162,997,5,30,60,4,85.7,84.5,85.3,80,93.3,6.7
2021-11-08,2021,Nov,2021-11-01,Mon,FALSE,FALSE,316,7,103,303,7,127,797,13,30,292,12,96.4,96.1,96.2,92.4,95.9,4.1
2021-11-09,2021,Nov,2021-11-01,Tue,FALSE,FALSE,320,15,283,307,14,138,1216,13,30,284,9,92.5,91.3,91.6,88.8,95.9,4.1
2021-11-11,2021,Nov,2021-11-01,Thu,FALSE,FALSE,263,8,112,257,8,117,841,6,30,252,6,98.1,98.1,98.1,95.8,97.7,2.3
2021-11-12,2021,Nov,2021-11-01,Fri,FALSE,FALSE,358,25,321,333,26,150,1527,25,30,282,21,84.7,83.7,84.6,78.8,93,7
2021-11-13,2021,Nov,2021-11-01,Sat,FALSE,TRUE,76,38,239,67,37,147,724,9,30,50,5,74.6,70.4,72.4,65.8,88.2,11.8
2021-11-14,2021,Nov,2021-11-01,Sun,FALSE,TRUE,52,25,527,50,26,174,852,2,30,46,2,92,92,92.3,88.5,96.2,3.9
2021-11-15,2021,Nov,2021-11-01,Mon,FALSE,FALSE,389,16,215,372,15,121,1865,17,30,334,14,89.8,89.1,89.5,85.9,95.6,4.4
2021-11-16,2021,Nov,2021-11-01,Tue,FALSE,FALSE,288,25,591,275,25,132,1278,13,30,236,8,85.8,84.3,84.7,81.9,95.5,4.5
2021-11-17,2021,Nov,2021-11-01,Wed,FALSE,FALSE,287,16,265,276,15,116,717,11,30,247,7,89.5,88.2,88.5,86.1,96.2,3.8
2021-11-18,2021,Nov,2021-11-01,Thu,FALSE,FALSE,297,15,305,288,15,134,1629,9,30,255,7,88.5,87.9,88.2,85.9,97,3
2021-11-19,2021,Nov,2021-11-01,Fri,FALSE,FALSE,240,19,525,238,18,154,2280,2,30,221,0,92.9,92.1,92.1,92.1,99.2,0.8
2021-11-20,2021,Nov,2021-11-01,Sat,FALSE,TRUE,84,38,351,78,32,187,908,6,30,65,3,83.3,80.3,81,77.4,92.9,7.1
2021-11-21,2021,Nov,2021-11-01,Sun,FALSE,TRUE,79,43,879,72,32,147,760,7,30,65,2,90.3,84.4,84.8,82.3,91.1,8.9
2021-11-22,2021,Nov,2021-11-01,Mon,FALSE,FALSE,351,18,394,345,18,115,975,6,30,301,5,87.3,87,87.2,85.8,98.3,1.7
2021-11-23,2021,Nov,2021-11-01,Tue,FALSE,FALSE,265,15,287,259,16,99,699,6,30,235,6,90.7,90.7,90.9,88.7,97.7,2.3
2021-11-24,2021,Nov,2021-11-01,Wed,FALSE,FALSE,281,32,384,257,28,132,922,24,30,215,11,83.7,79.6,80.4,76.5,91.5,8.5
2021-11-25,2021,Nov,2021-11-01,Thu,FALSE,FALSE,268,30,677,255,28,134,772,13,30,227,9,89,87.6,88.1,84.7,95.2,4.9
2021-11-26,2021,Nov,2021-11-01,Fri,FALSE,FALSE,234,10,185,228,9,139,1939,6,30,216,3,94.7,93.5,93.6,92.3,97.4,2.6
2021-11-27,2021,Nov,2021-11-01,Sat,FALSE,TRUE,78,40,1046,72,19,136,560,6,30,63,1,87.5,81.8,82.1,80.8,92.3,7.7
2021-11-28,2021,Nov,2021-11-01,Sun,FALSE,TRUE,75,32,317,68,22,120,395,7,30,60,0,88.2,80,80,80,90.7,9.3
2021-11-29,2021,Nov,2021-11-01,Mon,FALSE,FALSE,324,14,439,315,12,129,878,9,30,296,4,94,92.5,92.6,91.4,97.2,2.8
2021-11-30,2021,Nov,2021-11-01,Tue,FALSE,FALSE,346,17,627,332,15,130,2229,14,30,309,10,93.1,92,92.2,89.3,96,4.1
2021-12-01,2021,Dec,2021-12-01,Wed,FALSE,FALSE,274,19,349,265,19,115,728,9,30,228,7,86,85.4,85.8,83.2,96.7,3.3
2021-12-02,2021,Dec,2021-12-01,Thu,FALSE,FALSE,293,58,829,277,58,118,781,16,30,215,10,77.6,76,76.8,73.4,94.5,5.5
2021-12-03,2021,Dec,2021-12-01,Fri,FALSE,FALSE,303,50,1115,287,45,118,938,16,30,236,7,82.2,79.7,80.2,77.9,94.7,5.3
2021-12-04,2021,Dec,2021-12-01,Sat,FALSE,TRUE,126,46,904,115,42,149,679,11,30,92,5,80,76,77,73,91.3,8.7
2021-12-05,2021,Dec,2021-12-01,Sun,FALSE,TRUE,73,11,206,71,11,157,631,2,30,69,2,97.2,97.2,97.3,94.5,97.3,2.7
2021-12-06,2021,Dec,2021-12-01,Mon,FALSE,FALSE,351,12,187,340,12,141,2494,11,30,316,10,92.9,92.7,92.9,90,96.9,3.1
2021-12-07,2021,Dec,2021-12-01,Tue,FALSE,FALSE,289,20,268,277,21,141,1172,12,30,237,10,85.6,85,85.5,82,95.9,4.2
2021-12-08,2021,Dec,2021-12-01,Wed,FALSE,FALSE,300,16,952,288,16,138,1420,12,30,267,9,92.7,91.8,92,89,96,4
2021-12-09,2021,Dec,2021-12-01,Thu,FALSE,FALSE,269,30,414,255,27,126,1368,14,30,213,7,83.5,81.3,81.8,79.2,94.8,5.2
2021-12-10,2021,Dec,2021-12-01,Fri,FALSE,FALSE,240,11,243,233,11,122,1675,7,30,223,6,95.7,95.3,95.4,92.9,97.1,2.9
2021-12-11,2021,Dec,2021-12-01,Sat,FALSE,TRUE,212,92,754,183,92,110,1045,29,30,120,9,65.6,59.1,60.9,56.6,86.3,13.7
2021-12-12,2021,Dec,2021-12-01,Sun,FALSE,TRUE,84,38,420,78,32,127,689,6,30,64,1,82.1,77.1,77.4,76.2,92.9,7.1
2021-12-13,2021,Dec,2021-12-01,Mon,FALSE,FALSE,328,35,599,312,35,137,889,16,30,255,10,81.7,80.2,80.8,77.7,95.1,4.9
2021-12-14,2021,Dec,2021-12-01,Tue,FALSE,FALSE,294,14,552,284,14,142,1533,10,30,266,7,93.7,92.7,92.9,90.5,96.6,3.4
2021-12-15,2021,Dec,2021-12-01,Wed,FALSE,FALSE,250,20,207,235,18,116,893,15,30,201,8,85.5,83.1,83.6,80.4,94,6
2021-12-16,2021,Dec,2021-12-01,Thu,FALSE,FALSE,333,17,273,324,17,122,1353,9,30,287,4,88.6,87.2,87.4,86.2,97.3,2.7
2021-12-17,2021,Dec,2021-12-01,Fri,FALSE,FALSE,253,16,286,245,16,118,590,8,30,224,7,91.4,91.1,91.3,88.5,96.8,3.2
2021-12-18,2021,Dec,2021-12-01,Sat,FALSE,TRUE,100,47,480,88,42,162,979,12,30,66,5,75,69.5,71,66,88,12
2021-12-19,2021,Dec,2021-12-01,Sun,FALSE,TRUE,131,47,879,118,41,148,732,13,30,96,6,81.4,76.8,77.9,73.3,90.1,9.9
2021-12-20,2021,Dec,2021-12-01,Mon,FALSE,FALSE,325,34,398,307,34,122,1656,18,30,243,12,79.2,77.6,78.5,74.8,94.5,5.5
2021-12-21,2021,Dec,2021-12-01,Tue,FALSE,FALSE,254,13,306,247,10,119,1444,7,30,229,4,92.7,91.6,91.7,90.2,97.2,2.8
2021-12-22,2021,Dec,2021-12-01,Wed,FALSE,FALSE,213,12,241,208,12,116,637,5,30,199,4,95.7,95.2,95.3,93.4,97.7,2.4
2021-12-23,2021,Dec,2021-12-01,Thu,FALSE,FALSE,211,51,711,197,50,125,976,14,30,168,7,85.3,82.4,82.9,79.6,93.4,6.6
2021-12-24,2021,Dec,2021-12-01,Fri,FALSE,FALSE,144,76,1042,133,63,131,2109,11,30,108,3,81.2,76.6,77.1,75,92.4,7.6
2021-12-25,2021,Dec,2021-12-01,Sat,FALSE,TRUE,27,8,47,25,7,119,247,2,30,25,1,100,96.2,96.3,92.6,92.6,7.4
2021-12-26,2021,Dec,2021-12-01,Sun,FALSE,TRUE,49,9,65,45,7,132,435,4,30,44,2,97.8,93.6,93.9,89.8,91.8,8.2
2021-12-27,2021,Dec,2021-12-01,Mon,TRUE,TRUE,109,10,194,105,9,149,1666,4,30,103,2,98.1,96.3,96.3,94.5,96.3,3.7
2021-12-28,2021,Dec,2021-12-01,Tue,TRUE,TRUE,128,18,183,122,16,156,861,6,30,109,4,89.3,87.9,88.3,85.2,95.3,4.7
2021-12-29,2021,Dec,2021-12-01,Wed,FALSE,FALSE,257,33,564,245,32,115,679,12,30,209,5,85.3,82.9,83.3,81.3,95.3,4.7
2021-12-30,2021,Dec,2021-12-01,Thu,FALSE,FALSE,191,9,305,185,7,109,1956,6,30,184,4,99.5,98.4,98.4,96.3,96.9,3.1
2021-12-31,2021,Dec,2021-12-01,Fri,FALSE,FALSE,176,22,388,164,18,128,911,12,30,143,7,87.2,84.6,85.2,81.3,93.2,6.8
2022-01-01,2022,Jan,2022-01-01,Sat,FALSE,TRUE,55,20,386,51,21,135,758,4,30,48,4,94.1,94.1,94.6,87.3,92.7,7.3
2022-01-02,2022,Jan,2022-01-01,Sun,FALSE,TRUE,71,17,277,66,16,134,494,5,30,60,4,90.9,89.6,90.1,84.5,93,7
2022-01-03,2022,Jan,2022-01-01,Mon,TRUE,TRUE,191,22,355,175,15,138,1013,16,30,163,6,93.1,88.1,88.5,85.3,91.6,8.4
2022-01-05,2022,Jan,2022-01-01,Wed,FALSE,FALSE,242,29,472,223,26,147,1648,19,30,183,11,82.1,79.2,80.2,75.6,92.2,7.9
2022-01-06,2022,Jan,2022-01-01,Thu,FALSE,FALSE,243,27,382,236,28,94,604,7,30,190,6,80.5,80.2,80.7,78.2,97.1,2.9
2022-01-07,2022,Jan,2022-01-01,Fri,FALSE,FALSE,241,20,326,231,20,113,3569,10,30,198,6,85.7,84.3,84.7,82.2,95.9,4.2
2022-01-08,2022,Jan,2022-01-01,Sat,FALSE,TRUE,72,41,548,65,34,120,574,7,30,56,2,86.2,80,80.6,77.8,90.3,9.7
2022-01-09,2022,Jan,2022-01-01,Sun,FALSE,TRUE,61,37,374,57,35,110,577,4,30,49,1,86,81.7,82,80.3,93.4,6.6
2022-01-10,2022,Jan,2022-01-01,Mon,FALSE,FALSE,265,10,253,257,10,100,568,8,30,247,7,96.1,95.7,95.9,93.2,97,3
2022-01-11,2022,Jan,2022-01-01,Tue,FALSE,FALSE,258,11,160,253,11,115,661,5,30,241,4,95.3,94.9,95,93.4,98.1,1.9
2022-01-12,2022,Jan,2022-01-01,Wed,FALSE,FALSE,234,15,338,227,14,124,669,7,30,208,5,91.6,90.8,91,88.9,97,3
2022-01-13,2022,Jan,2022-01-01,Thu,FALSE,FALSE,221,21,422,212,21,140,985,9,30,193,7,91,90.2,90.5,87.3,95.9,4.1
2022-01-14,2022,Jan,2022-01-01,Fri,FALSE,FALSE,294,25,1000,276,24,116,725,18,30,236,11,85.5,83.4,84,80.3,93.9,6.1
2022-01-15,2022,Jan,2022-01-01,Sat,FALSE,TRUE,97,30,497,92,29,118,571,5,30,76,3,82.6,80.9,81.4,78.4,94.9,5.2
2022-01-16,2022,Jan,2022-01-01,Sun,FALSE,TRUE,75,15,207,72,16,114,991,3,30,64,3,88.9,88.9,89.3,85.3,96,4
2022-01-17,2022,Jan,2022-01-01,Mon,FALSE,FALSE,661,85,879,600,85,142,1077,61,30,361,26,60.2,56.9,58.6,54.6,90.8,9.2
2022-01-18,2022,Jan,2022-01-01,Tue,FALSE,FALSE,833,311,1743,587,351,167,1471,246,30,239,40,40.7,30.1,33.5,28.7,70.5,29.5
2022-01-19,2022,Jan,2022-01-01,Wed,FALSE,FALSE,437,115,924,380,117,178,1508,57,30,202,26,53.2,49.2,52.2,46.2,87,13
2022-01-20,2022,Jan,2022-01-01,Thu,FALSE,FALSE,366,46,653,340,46,147,1210,25,30,253,16,74.4,72.3,73.5,69.1,92.9,6.8
2022-01-21,2022,Jan,2022-01-01,Fri,FALSE,FALSE,298,44,573,285,40,153,1489,13,30,238,5,83.5,81.2,81.5,79.9,95.6,4.4
2022-01-22,2022,Jan,2022-01-01,Sat,FALSE,TRUE,133,38,600,126,34,139,1718,7,30,100,3,79.4,76.9,77.4,75.2,94.7,5.3
2022-01-23,2022,Jan,2022-01-01,Sun,FALSE,TRUE,104,37,458,96,27,156,753,8,30,77,4,80.2,77,77.9,74,92.3,7.7
2022-01-24,2022,Jan,2022-01-01,Mon,FALSE,FALSE,320,17,290,297,17,134,1191,23,30,272,19,91.6,90.4,90.9,85,92.8,7.2
2022-01-25,2022,Jan,2022-01-01,Tue,FALSE,FALSE,328,16,234,318,15,122,767,10,30,292,6,91.8,90.7,90.9,89,97,3.1
2022-01-26,2022,Jan,2022-01-01,Wed,FALSE,FALSE,324,11,267,309,11,122,1678,15,30,295,12,95.5,94.6,94.8,91.1,95.4,4.6
2022-01-27,2022,Jan,2022-01-01,Thu,FALSE,FALSE,273,18,932,262,15,116,841,11,30,247,7,94.3,92.9,93,90.5,96,4
2022-01-28,2022,Jan,2022-01-01,Fri,FALSE,FALSE,279,11,302,270,10,124,1078,9,30,256,7,94.8,94.1,94.3,91.8,96.8,3.2
2022-01-29,2022,Jan,2022-01-01,Sat,FALSE,TRUE,89,54,1019,83,46,125,688,6,30,71,3,85.5,82.6,83.2,79.8,93.3,6.7
2022-01-30,2022,Jan,2022-01-01,Sun,FALSE,TRUE,106,24,302,100,18,90,371,6,30,90,2,90,86.5,86.8,84.9,94.3,5.7
2022-01-31,2022,Jan,2022-01-01,Mon,FALSE,FALSE,405,16,318,389,15,128,1586,15,30,350,12,90,89.1,89.4,86.4,96.1,3.7
2022-02-01,2022,Feb,2022-02-01,Tue,FALSE,FALSE,378,29,638,359,24,133,1299,19,30,309,6,86.1,83.1,83.3,81.8,95,5
2022-02-02,2022,Feb,2022-02-01,Wed,FALSE,FALSE,362,14,297,344,14,111,996,18,30,314,16,91.3,90.8,91.2,86.7,95,5
2022-02-03,2022,Feb,2022-02-01,Thu,FALSE,FALSE,464,43,532,433,41,123,1306,31,30,318,17,73.4,71.1,72.2,68.5,93.3,6.7
2022-02-04,2022,Feb,2022-02-01,Fri,FALSE,FALSE,443,56,675,404,56,104,900,39,30,290,21,71.8,68.7,70.2,65.5,91.2,8.8
2022-02-05,2022,Feb,2022-02-01,Sat,FALSE,TRUE,118,65,452,93,54,166,885,25,30,73,8,78.5,66.4,68.6,61.9,78.8,21.2
2022-02-06,2022,Feb,2022-02-01,Sun,FALSE,TRUE,101,49,359,85,46,149,715,16,30,65,6,76.5,68.4,70.3,64.4,84.2,15.8
2022-02-08,2022,Feb,2022-02-01,Tue,FALSE,FALSE,371,21,433,354,20,128,825,17,30,318,11,89.8,88.3,88.7,85.7,95.4,4.6
2022-02-09,2022,Feb,2022-02-01,Wed,FALSE,FALSE,316,20,286,309,19,125,764,7,30,264,5,85.4,84.9,85.1,83.5,97.8,2.2
2022-02-10,2022,Feb,2022-02-01,Thu,FALSE,FALSE,302,39,553,283,37,118,788,19,30,239,11,84.5,82.1,82.8,79.1,93.7,6.3
2022-02-11,2022,Feb,2022-02-01,Fri,FALSE,FALSE,322,79,1099,280,76,140,1059,42,30,189,20,67.5,62.6,64.9,58.7,87,13
2022-02-12,2022,Feb,2022-02-01,Sat,FALSE,TRUE,175,117,1115,156,117,132,1185,19,30,99,8,63.5,59.3,61.1,56.6,89.1,10.9
2022-02-13,2022,Feb,2022-02-01,Sun,FALSE,TRUE,136,44,774,117,34,165,980,19,30,96,3,82.1,72.2,72.8,70.6,86,14
2022-02-14,2022,Feb,2022-02-01,Mon,FALSE,FALSE,375,24,258,366,24,124,906,9,30,303,4,82.8,81.7,81.9,80.8,97.6,2.4
2022-02-15,2022,Feb,2022-02-01,Tue,FALSE,FALSE,371,30,518,347,30,127,1056,24,30,283,15,81.6,79.5,80.3,76.3,93.5,6.5
2022-02-16,2022,Feb,2022-02-01,Wed,FALSE,FALSE,394,23,363,386,23,118,713,8,30,323,6,83.7,83.3,83.5,82,98,2
2022-02-17,2022,Feb,2022-02-01,Thu,FALSE,FALSE,379,63,846,349,59,172,1518,30,30,251,13,71.9,68.6,69.7,66.2,92.1,7.9
2022-02-18,2022,Feb,2022-02-01,Fri,FALSE,FALSE,437,37,466,412,35,157,1237,25,30,333,11,80.8,78.2,78.7,76.2,94.3,5.7
2022-02-19,2022,Feb,2022-02-01,Sat,FALSE,TRUE,244,104,720,193,94,174,1530,51,30,107,16,55.4,46.9,50.4,43.9,79.1,20.9
2022-02-20,2022,Feb,2022-02-01,Sun,FALSE,TRUE,270,159,1222,221,153,157,791,49,30,106,13,48,41.3,44.1,39.3,81.9,18.2
2022-02-21,2022,Feb,2022-02-01,Mon,TRUE,TRUE,144,12,181,143,12,131,1183,1,30,135,1,94.4,94.4,94.4,93.8,99.3,0.7
2022-02-22,2022,Feb,2022-02-01,Tue,FALSE,FALSE,524,69,717,482,69,124,1235,42,30,285,17,59.1,56.2,57.6,54.4,92,8
2022-02-24,2022,Feb,2022-02-01,Thu,FALSE,FALSE,430,57,509,396,53,129,772,34,30,284,13,71.7,68.1,69.1,66.1,92.1,7.9
2022-02-25,2022,Feb,2022-02-01,Fri,FALSE,FALSE,407,88,693,363,85,124,1629,44,30,224,16,61.7,57.3,59,55,89.2,10.8
2022-02-26,2022,Feb,2022-02-01,Sat,FALSE,TRUE,130,46,632,119,42,129,695,11,30,102,5,85.7,81.6,82.3,78.5,91.5,8.5
2022-02-27,2022,Feb,2022-02-01,Sun,FALSE,TRUE,80,24,300,78,20,121,725,2,30,71,1,91,89.9,90,88.8,97.5,2.5
2022-02-28,2022,Feb,2022-02-01,Mon,FALSE,FALSE,481,16,253,458,15,112,2652,23,30,413,14,90.2,88.4,88.8,85.9,95.2,4.8
2022-03-01,2022,Mar,2022-03-01,Tue,FALSE,FALSE,351,14,282,336,13,131,1526,15,30,310,13,92.3,91.7,92,88.3,95.7,4.3
2022-03-02,2022,Mar,2022-03-01,Wed,FALSE,FALSE,347,25,417,327,22,131,1930,20,30,268,9,82,79.3,79.8,77.2,94.2,5.8
2022-03-03,2022,Mar,2022-03-01,Thu,FALSE,FALSE,352,51,519,324,51,119,646,28,30,242,12,74.7,71.2,72.2,68.8,92.1,8
2022-03-04,2022,Mar,2022-03-01,Fri,FALSE,FALSE,354,36,370,329,36,112,928,25,30,253,21,76.9,76,77.4,71.5,92.9,7.1
2022-03-05,2022,Mar,2022-03-01,Sat,FALSE,TRUE,121,37,692,114,32,137,780,7,30,98,3,86,83.1,83.5,81,94.2,5.8
2022-03-06,2022,Mar,2022-03-01,Sun,FALSE,TRUE,98,33,287,89,29,113,637,9,30,69,5,77.5,74.2,75.5,70.4,90.8,9.2
2022-03-07,2022,Mar,2022-03-01,Mon,FALSE,FALSE,380,22,444,368,21,123,964,12,30,327,6,88.9,87.4,87.6,86.1,96.8,3.2
2022-03-08,2022,Mar,2022-03-01,Tue,FALSE,FALSE,362,49,749,324,46,125,1268,38,30,249,19,76.9,72.6,74,68.8,89.5,10.5
2022-03-09,2022,Mar,2022-03-01,Wed,FALSE,FALSE,348,24,345,315,22,122,1215,33,30,261,23,82.9,80.3,81.6,75,90.5,9.5
2022-03-10,2022,Mar,2022-03-01,Thu,FALSE,FALSE,325,50,482,297,48,141,1669,28,30,214,17,72.1,69.5,71.1,65.9,91.4,8.6
2022-03-11,2022,Mar,2022-03-01,Fri,FALSE,FALSE,299,60,601,283,60,143,1123,16,30,204,6,72.1,69.6,70.2,68.2,94.7,5.4
2022-03-12,2022,Mar,2022-03-01,Sat,FALSE,TRUE,126,219,2868,94,189,190,1540,32,30,61,5,64.9,50.4,52.4,48.4,74.6,25.4
2022-03-13,2022,Mar,2022-03-01,Sun,FALSE,TRUE,74,65,984,67,47,195,1039,7,30,57,2,85.1,79.2,79.7,77,90.5,9.5
2022-03-14,2022,Mar,2022-03-01,Mon,FALSE,FALSE,339,37,1099,314,35,108,831,25,30,236,14,75.2,72.6,73.8,69.6,92.6,7.4
2022-03-15,2022,Mar,2022-03-01,Tue,FALSE,FALSE,330,21,583,313,21,118,947,17,30,273,14,87.2,86.4,87,82.7,94.9,5.2
2022-03-16,2022,Mar,2022-03-01,Wed,FALSE,FALSE,330,18,286,313,18,109,980,17,30,274,13,87.5,86.4,87,83,94.9,5.2
2022-03-17,2022,Mar,2022-03-01,Thu,FALSE,FALSE,305,29,609,285,24,132,989,20,30,243,10,85.3,82.4,83,79.7,93.4,6.6
2022-03-18,2022,Mar,2022-03-01,Fri,FALSE,FALSE,293,21,553,282,19,115,876,11,30,241,5,85.5,83.7,84,82.3,96.3,3.8
2022-03-19,2022,Mar,2022-03-01,Sat,FALSE,TRUE,99,21,444,92,17,154,997,7,30,86,2,93.5,88.7,88.9,86.9,92.9,7.1
2022-03-20,2022,Mar,2022-03-01,Sun,FALSE,TRUE,81,35,619,75,24,117,612,6,30,67,2,89.3,84.8,85.2,82.7,92.6,7.4
2022-03-21,2022,Mar,2022-03-01,Mon,FALSE,FALSE,408,138,1497,350,145,138,1350,58,30,173,23,49.4,44.9,48,42.4,85.8,14.2
2022-03-22,2022,Mar,2022-03-01,Tue,FALSE,FALSE,320,28,347,301,27,134,1114,19,30,252,9,83.7,81,81.6,78.8,94.1,5.9
2022-03-23,2022,Mar,2022-03-01,Wed,FALSE,FALSE,309,18,402,301,18,120,787,8,30,271,8,90,90,90.3,87.7,97.4,2.6
2022-03-24,2022,Mar,2022-03-01,Thu,FALSE,FALSE,312,34,311,298,34,112,900,14,30,239,10,80.2,79.1,79.8,76.6,95.5,4.5
2022-03-25,2022,Mar,2022-03-01,Fri,FALSE,FALSE,269,26,362,250,24,114,1259,19,30,218,12,87.2,84.8,85.5,81,92.9,7.1
2022-03-26,2022,Mar,2022-03-01,Sat,FALSE,TRUE,89,20,317,86,20,137,999,3,30,78,2,90.7,89.7,89.9,87.6,96.6,3.4
2022-03-27,2022,Mar,2022-03-01,Sun,FALSE,TRUE,56,29,271,53,26,112,510,3,30,46,2,86.8,85.2,85.7,82.1,94.6,5.4
2022-03-28,2022,Mar,2022-03-01,Mon,FALSE,FALSE,331,14,280,322,14,126,1842,9,30,293,7,91,90.4,90.6,88.5,97.3,2.7
2022-03-29,2022,Mar,2022-03-01,Tue,FALSE,FALSE,292,23,1316,281,20,116,1757,11,30,254,7,90.4,89.1,89.4,87,96.2,3.8
2022-03-30,2022,Mar,2022-03-01,Wed,FALSE,FALSE,264,13,343,255,12,121,1726,9,30,243,6,95.3,94.2,94.3,92.1,96.6,3.4
2022-03-31,2022,Mar,2022-03-01,Thu,FALSE,FALSE,325,38,498,305,37,112,830,20,30,226,7,74.1,71.1,71.7,69.5,93.9,6.2
2022-04-01,2022,Apr,2022-04-01,Fri,FALSE,FALSE,260,26,343,246,24,113,917,14,30,206,7,83.7,81.4,81.9,79.2,94.6,5.4
2022-04-02,2022,Apr,2022-04-01,Sat,FALSE,TRUE,105,35,387,99,33,148,735,6,30,82,4,82.8,81.2,81.9,78.1,94.3,5.7
2022-04-03,2022,Apr,2022-04-01,Sun,FALSE,TRUE,79,28,235,71,24,163,1874,8,30,61,4,85.9,81.3,82.3,77.2,89.9,10.1
2022-04-04,2022,Apr,2022-04-01,Mon,FALSE,FALSE,360,35,460,342,35,121,1156,18,30,267,12,78.1,76.7,77.5,74.2,95,5
2022-04-05,2022,Apr,2022-04-01,Tue,FALSE,FALSE,302,17,415,289,15,115,592,13,30,273,10,94.5,93.5,93.7,90.4,95.7,4.3
2022-04-06,2022,Apr,2022-04-01,Wed,FALSE,FALSE,299,22,551,291,22,112,879,7,30,253,4,86.9,85.8,86,84.6,97.3,2.3
2022-04-07,2022,Apr,2022-04-01,Thu,FALSE,FALSE,339,26,205,327,26,94,1198,12,30,254,8,77.7,76.7,77.3,74.9,96.5,3.5
2022-04-08,2022,Apr,2022-04-01,Fri,FALSE,FALSE,302,42,471,284,43,138,1306,18,30,219,13,77.1,75.8,76.8,72.5,94,6
2022-04-09,2022,Apr,2022-04-01,Sat,FALSE,TRUE,63,28,331,57,27,203,1604,6,30,50,4,87.7,84.8,85.7,79.4,90.5,9.5
2022-04-10,2022,Apr,2022-04-01,Sun,FALSE,TRUE,54,16,222,53,16,174,1251,1,30,49,1,92.5,92.5,92.6,90.7,98.2,1.9
2022-04-11,2022,Apr,2022-04-01,Mon,FALSE,FALSE,351,43,601,326,39,105,724,25,30,247,11,75.8,72.7,73.5,70.4,92.9,7.1
2022-04-12,2022,Apr,2022-04-01,Tue,FALSE,FALSE,294,80,657,268,79,114,773,26,30,181,7,67.5,63.1,64,61.6,91.2,8.8
2022-04-13,2022,Apr,2022-04-01,Wed,FALSE,FALSE,310,34,586,288,34,97,733,22,30,232,16,80.6,78.9,80,74.8,92.9,7.1
2022-04-14,2022,Apr,2022-04-01,Thu,FALSE,FALSE,318,27,473,299,21,125,963,19,30,255,9,85.3,82.5,83,80.2,94,6
2022-04-15,2022,Apr,2022-04-01,Fri,TRUE,TRUE,82,78,919,70,52,192,1804,12,30,59,3,84.3,74.7,75.6,72,85.4,14.6
2022-04-16,2022,Apr,2022-04-01,Sat,FALSE,TRUE,89,37,511,85,37,149,635,4,30,73,1,85.9,83,83.2,82,95.5,4.5
2022-04-17,2022,Apr,2022-04-01,Sun,FALSE,TRUE,59,14,103,56,14,95,270,3,30,50,3,89.3,89.3,89.8,84.8,94.9,5.1
2022-04-18,2022,Apr,2022-04-01,Mon,FALSE,FALSE,227,54,397,200,50,134,1368,27,30,151,13,75.5,70.6,72.3,66.5,88.1,11.9
2022-04-19,2022,Apr,2022-04-01,Tue,FALSE,FALSE,457,146,945,389,153,113,808,68,30,189,20,48.6,43.3,45.7,41.4,85.1,14.9
2022-04-20,2022,Apr,2022-04-01,Wed,FALSE,FALSE,380,38,344,350,37,117,1169,30,30,265,19,75.7,73.4,74.7,69.7,92.1,7.9
2022-04-21,2022,Apr,2022-04-01,Thu,FALSE,FALSE,330,52,735,308,51,140,1089,22,30,211,14,68.5,66.8,68.2,63.9,93.3,6.7
2022-04-22,2022,Apr,2022-04-01,Fri,FALSE,FALSE,346,114,1208,305,113,142,1012,41,30,184,14,60.3,55.4,57.2,53.2,88.2,11.9
2022-04-23,2022,Apr,2022-04-01,Sat,FALSE,TRUE,102,20,305,95,18,139,551,7,30,85,4,89.5,86.7,87.3,83.3,93.1,6.9
2022-04-24,2022,Apr,2022-04-01,Sun,FALSE,TRUE,85,30,991,82,14,122,978,3,30,74,0,90.2,87.1,87.1,87.1,96.5,3.5
2022-04-25,2022,Apr,2022-04-01,Mon,FALSE,FALSE,430,43,594,409,44,142,1576,21,30,284,16,69.4,68.6,69.8,66.1,95.1,4.9
2022-04-26,2022,Apr,2022-04-01,Tue,FALSE,FALSE,336,60,625,307,59,135,979,29,30,186,12,60.6,57.4,58.9,55.4,91.4,8.6
2022-04-27,2022,Apr,2022-04-01,Wed,FALSE,FALSE,275,33,397,258,30,138,1158,17,30,202,8,78.3,75.7,76.4,73.5,93.8,6.2
2022-04-28,2022,Apr,2022-04-01,Thu,FALSE,FALSE,331,65,854,298,61,125,972,33,30,190,15,63.8,60.1,61.9,57.4,90,10
2022-04-29,2022,Apr,2022-04-01,Fri,FALSE,FALSE,305,61,746,274,61,120,988,31,30,160,17,58.4,55.6,58,52.5,89.8,10.2
2022-04-30,2022,Apr,2022-04-01,Sat,FALSE,TRUE,95,39,295,81,33,188,2827,14,30,63,5,77.8,70,71.6,66.3,85.3,14.7
2022-05-01,2022,May,2022-05-01,Sun,FALSE,TRUE,67,22,382,64,23,136,569,3,30,56,3,87.5,87.5,88.1,83.6,95.5,4.5
2022-05-02,2022,May,2022-05-01,Mon,FALSE,FALSE,383,67,674,353,68,126,884,30,30,223,14,63.2,60.4,61.9,58.2,92.2,7.8
2022-05-03,2022,May,2022-05-01,Tue,FALSE,FALSE,382,25,401,363,24,120,1088,19,30,301,11,82.9,81.1,81.7,78.8,95,5
2022-05-04,2022,May,2022-05-01,Wed,FALSE,FALSE,348,21,293,334,20,125,1896,14,30,289,10,86.5,85.5,85.9,83.1,96,4
2022-05-06,2022,May,2022-05-01,Fri,FALSE,FALSE,314,70,1156,287,66,112,761,27,30,197,12,68.6,65.2,66.6,62.7,91.4,8.6
2022-05-07,2022,May,2022-05-01,Sat,FALSE,TRUE,113,88,1222,97,69,158,662,16,30,77,5,79.4,71.3,72.6,68.1,85.8,14.2
2022-05-08,2022,May,2022-05-01,Sun,FALSE,TRUE,89,35,836,80,21,168,1315,9,30,70,5,87.5,83.3,84.3,78.7,89.9,10.1
2022-05-09,2022,May,2022-05-01,Mon,FALSE,FALSE,395,222,3536,315,207,144,1029,80,30,178,18,56.5,47.2,49.6,45.1,79.8,20.3
2022-05-10,2022,May,2022-05-01,Tue,FALSE,FALSE,382,50,984,352,50,142,955,30,30,245,16,69.6,66.9,68.3,64.1,92.2,7.9
2022-05-11,2022,May,2022-05-01,Wed,FALSE,FALSE,365,29,915,348,27,113,737,17,30,286,10,82.2,80.6,81.1,78.4,95.3,4.7
2022-05-12,2022,May,2022-05-01,Thu,FALSE,FALSE,359,42,450,332,40,114,794,27,30,252,12,75.9,72.6,73.5,70.2,92.5,7.5
2022-05-13,2022,May,2022-05-01,Fri,FALSE,FALSE,371,113,785,319,120,131,977,52,30,179,23,56.1,51.4,54.5,48.3,86,14
2022-05-14,2022,May,2022-05-01,Sat,FALSE,TRUE,115,58,507,105,51,141,638,10,30,78,3,74.3,69.6,70.4,67.8,91.3,8.7
2022-05-15,2022,May,2022-05-01,Sun,FALSE,TRUE,128,64,711,114,58,142,1024,14,30,93,4,81.6,75,75.8,72.7,89.1,10.9
2022-05-16,2022,May,2022-05-01,Mon,FALSE,FALSE,421,73,715,384,75,126,1051,37,30,252,20,65.6,62.8,64.6,59.9,91.2,8.8
2022-05-17,2022,May,2022-05-01,Tue,FALSE,FALSE,355,36,411,334,35,134,1666,21,30,260,11,77.8,75.6,76.3,73.2,94.1,5.9
2022-05-18,2022,May,2022-05-01,Wed,FALSE,FALSE,322,34,1258,311,34,131,1266,11,30,251,8,80.7,79.9,80.4,78,96.6,3.4
2022-05-19,2022,May,2022-05-01,Thu,FALSE,FALSE,330,41,449,303,38,132,1801,27,30,229,15,75.6,72.7,73.9,69.4,91.8,8.2
2022-05-20,2022,May,2022-05-01,Fri,FALSE,FALSE,300,76,672,275,77,144,1344,25,30,192,13,69.8,66.9,68.3,64,91.7,8.3
2022-05-21,2022,May,2022-05-01,Sat,FALSE,TRUE,551,832,3131,303,1263,131,1292,248,30,45,42,14.9,8.8,15.8,8.2,55,45
2022-05-22,2022,May,2022-05-01,Sun,FALSE,TRUE,220,109,770,189,101,147,1223,31,30,105,8,55.6,49.5,51.4,47.7,85.9,14.1
2022-05-23,2022,May,2022-05-01,Mon,TRUE,TRUE,153,29,579,137,29,129,888,16,30,119,10,86.9,83.2,84.3,77.8,89.5,10.5
2022-05-24,2022,May,2022-05-01,Tue,FALSE,FALSE,611,278,1702,449,287,140,877,162,30,215,36,47.9,37.4,41.1,35.2,73.5,26.5
2022-05-25,2022,May,2022-05-01,Wed,FALSE,FALSE,438,70,689,386,71,140,1235,52,30,248,25,64.3,60.1,62.3,56.6,88.1,11.9
2022-05-26,2022,May,2022-05-01,Thu,FALSE,FALSE,447,122,825,396,123,154,953,51,30,229,21,57.8,53.8,55.9,51.2,88.6,11.4
2022-05-27,2022,May,2022-05-01,Fri,FALSE,FALSE,347,124,866,301,124,161,1454,46,30,166,16,55.2,50.2,52.5,47.8,86.7,13.3
2022-05-28,2022,May,2022-05-01,Sat,FALSE,TRUE,135,67,560,122,59,172,552,13,30,88,4,72.1,67.2,68.2,65.2,90.4,9.6
2022-05-29,2022,May,2022-05-01,Sun,FALSE,TRUE,95,17,313,91,14,136,595,4,30,83,2,91.2,89.3,89.5,87.4,95.8,4.2
2022-05-30,2022,May,2022-05-01,Mon,FALSE,FALSE,542,118,1051,464,123,158,894,78,30,266,34,57.3,52.4,55.4,49.1,85.6,14.4
2022-05-31,2022,May,2022-05-01,Tue,FALSE,FALSE,420,33,565,400,32,126,1061,20,30,319,10,79.8,77.8,78.3,76,95.2,4.8
2022-06-01,2022,Jun,2022-06-01,Wed,FALSE,FALSE,444,107,955,397,109,129,957,47,30,241,16,60.7,56.3,57.9,54.3,89.4,10.6
2022-06-02,2022,Jun,2022-06-01,Thu,FALSE,FALSE,380,71,646,333,70,129,884,47,30,230,22,69.1,64.3,66.3,60.5,87.6,12.4
2022-06-03,2022,Jun,2022-06-01,Fri,FALSE,FALSE,314,91,843,279,86,130,927,35,30,161,15,57.7,53.9,56.1,51.3,88.9,11.2
2022-06-04,2022,Jun,2022-06-01,Sat,FALSE,TRUE,117,30,326,99,26,146,609,18,30,85,10,85.9,79.4,81.2,72.7,84.6,15.4
2022-06-05,2022,Jun,2022-06-01,Sun,FALSE,TRUE,80,52,732,71,40,155,991,9,30,63,4,88.7,82.9,83.8,78.8,88.8,11.3
2022-06-06,2022,Jun,2022-06-01,Mon,FALSE,FALSE,385,26,397,366,26,135,1259,19,30,307,12,83.9,82.3,82.9,79.7,95.1,4.9
2022-06-07,2022,Jun,2022-06-01,Tue,FALSE,FALSE,376,22,325,352,21,132,1754,24,30,311,13,88.4,85.7,86.2,82.7,93.6,6.4
2022-06-08,2022,Jun,2022-06-01,Wed,FALSE,FALSE,404,35,813,381,35,121,667,23,30,305,15,80.1,78.4,79.2,75.5,94.3,5.7
2022-06-09,2022,Jun,2022-06-01,Thu,FALSE,FALSE,426,67,581,386,67,129,1081,40,30,235,19,60.9,57.7,59.6,55.2,90.6,9.4
2022-06-10,2022,Jun,2022-06-01,Fri,FALSE,FALSE,415,92,1001,376,91,135,1014,39,30,197,17,52.4,49.5,51.6,47.5,90.6,9.4
2022-06-11,2022,Jun,2022-06-01,Sat,FALSE,TRUE,107,32,473,104,24,127,892,3,30,92,1,88.5,86.8,86.9,86,97.2,2.8
2022-06-12,2022,Jun,2022-06-01,Sun,FALSE,TRUE,87,75,1249,77,57,133,839,10,30,63,4,81.8,75.9,77,72.4,88.5,11.5
2022-06-13,2022,Jun,2022-06-01,Mon,FALSE,FALSE,493,62,539,456,62,121,1086,37,30,297,19,65.1,62.7,64.1,60.2,92.5,7.5
2022-06-14,2022,Jun,2022-06-01,Tue,FALSE,FALSE,396,45,383,364,43,137,941,32,30,246,15,67.6,64.6,65.9,62.1,91.9,8.1
2022-06-15,2022,Jun,2022-06-01,Wed,FALSE,FALSE,417,66,663,373,66,143,1090,44,30,270,24,72.4,68.7,70.5,64.8,89.5,10.6
2022-06-16,2022,Jun,2022-06-01,Thu,FALSE,FALSE,383,36,844,349,34,138,1958,34,30,276,26,79.1,77.3,78.9,72.1,91.1,8.9
2022-06-17,2022,Jun,2022-06-01,Fri,FALSE,FALSE,444,85,800,391,84,131,510,53,30,246,27,62.9,59,61.5,55.4,88.1,11.9
2022-06-18,2022,Jun,2022-06-01,Sat,FALSE,TRUE,126,52,804,114,52,153,1088,12,30,87,8,76.3,73.7,75.4,69.1,90.5,9.5
2022-06-19,2022,Jun,2022-06-01,Sun,FALSE,TRUE,70,26,258,66,23,162,1659,4,30,58,0,87.9,82.9,82.9,82.9,94.3,5.7
2022-06-20,2022,Jun,2022-06-01,Mon,FALSE,FALSE,474,165,2016,378,171,153,810,96,30,226,39,59.8,52,55.9,47.7,79.8,20.3
2022-06-21,2022,Jun,2022-06-01,Tue,FALSE,FALSE,452,116,1141,380,121,127,900,72,30,242,31,63.7,57.5,60.4,53.5,84.1,15.9
2022-06-22,2022,Jun,2022-06-01,Wed,FALSE,FALSE,476,37,944,437,36,134,1253,39,30,332,19,76,72.7,73.7,69.8,91.8,8.2
2022-06-23,2022,Jun,2022-06-01,Thu,FALSE,FALSE,385,61,843,346,61,138,866,39,30,245,19,70.8,66.9,68.6,63.6,89.9,10.1
2022-06-24,2022,Jun,2022-06-01,Fri,FALSE,FALSE,399,69,672,355,69,143,2372,44,30,244,23,68.7,64.9,66.9,61.2,89,11
2022-06-25,2022,Jun,2022-06-01,Sat,FALSE,TRUE,202,52,591,172,46,113,561,30,30,134,13,77.9,70.9,72.8,66.3,85.2,14.9
2022-06-26,2022,Jun,2022-06-01,Sun,FALSE,TRUE,112,23,404,103,24,91,486,9,30,93,8,90.3,89.4,90.2,83,92,8
2022-06-27,2022,Jun,2022-06-01,Mon,FALSE,FALSE,423,155,1146,371,163,148,826,52,30,215,21,58,53.5,55.8,50.8,87.7,12.3
2022-06-28,2022,Jun,2022-06-01,Tue,FALSE,FALSE,356,51,620,328,50,141,1321,28,30,237,14,72.3,69.3,70.5,66.6,92.1,7.9
2022-06-29,2022,Jun,2022-06-01,Wed,FALSE,FALSE,369,42,507,348,40,135,2428,20,30,264,11,75.9,73.7,74.5,71.5,94.3,5.4
2022-06-30,2022,Jun,2022-06-01,Thu,FALSE,FALSE,375,36,464,339,34,131,1381,36,30,273,21,80.5,77.1,78.4,72.8,90.4,9.6
2022-07-01,2022,Jul,2022-07-01,Fri,TRUE,TRUE,138,20,531,131,16,85,317,7,30,117,3,89.3,86.7,87,84.8,94.9,5.1
2022-07-02,2022,Jul,2022-07-01,Sat,FALSE,TRUE,160,34,466,141,24,118,635,19,30,113,7,80.1,73.9,75,70.6,88.1,11.9
2022-07-03,2022,Jul,2022-07-01,Sun,FALSE,TRUE,138,19,405,131,18,110,603,7,30,115,6,87.8,87.1,87.7,83.3,94.9,5.1
2022-07-04,2022,Jul,2022-07-01,Mon,FALSE,FALSE,551,171,1346,456,181,132,1087,95,30,231,29,50.7,44.3,47.2,41.9,82.8,17.2
2022-07-05,2022,Jul,2022-07-01,Tue,FALSE,FALSE,388,36,571,363,36,127,1420,25,30,297,16,81.8,79.8,80.7,76.6,93.6,6.4
2022-07-06,2022,Jul,2022-07-01,Wed,FALSE,FALSE,412,44,803,387,45,122,1668,24,30,295,16,76.2,74.5,75.5,71.6,93.9,5.8
2022-07-07,2022,Jul,2022-07-01,Thu,FALSE,FALSE,411,59,897,377,59,113,1179,34,30,265,19,70.3,67.6,69.1,64.5,91.7,8.3
2022-07-08,2022,Jul,2022-07-01,Fri,FALSE,FALSE,24,14,35,11,12,51,79,13,30,10,13,90.9,90.9,95.8,41.7,45.8,54.2
2022-07-09,2022,Jul,2022-07-01,Sat,FALSE,TRUE,92,109,1592,66,39,143,595,26,30,51,3,77.3,57.3,58.7,55.4,71.7,28.3
2022-07-10,2022,Jul,2022-07-01,Sun,FALSE,TRUE,148,25,376,123,16,139,1402,25,30,112,17,91.1,85.5,87.2,75.7,83.1,16.9
2022-07-11,2022,Jul,2022-07-01,Mon,FALSE,FALSE,469,55,912,430,54,115,832,39,30,319,21,74.2,71.2,72.5,68,91.7,8.3
2022-07-12,2022,Jul,2022-07-01,Tue,FALSE,FALSE,386,14,133,363,14,94,708,23,30,329,21,90.6,90.1,90.7,85.2,94,6
2022-07-13,2022,Jul,2022-07-01,Wed,FALSE,FALSE,357,24,383,333,24,120,781,24,30,282,19,84.7,83.4,84.3,79,93.3,6.7
2022-07-14,2022,Jul,2022-07-01,Thu,FALSE,FALSE,340,25,354,315,26,107,765,25,30,263,19,83.5,81.9,82.9,77.4,92.7,7.4
2022-07-15,2022,Jul,2022-07-01,Fri,FALSE,FALSE,358,23,309,340,22,115,807,18,30,287,13,84.4,83.2,83.8,80.2,95,5
2022-07-16,2022,Jul,2022-07-01,Sat,FALSE,TRUE,183,38,496,169,36,108,483,14,30,136,8,80.5,77.7,78.7,74.3,92.4,7.7
2022-07-17,2022,Jul,2022-07-01,Sun,FALSE,TRUE,83,31,374,74,29,137,666,9,30,62,3,83.8,77.5,78.3,74.7,89.2,10.8
2022-07-18,2022,Jul,2022-07-01,Mon,FALSE,FALSE,360,20,343,330,19,109,1261,30,30,301,19,91.2,88.3,88.9,83.6,91.7,8.3
2022-07-19,2022,Jul,2022-07-01,Tue,FALSE,FALSE,371,66,1086,336,62,102,564,35,30,244,18,72.6,69.1,70.6,65.8,90.6,9.4
2022-07-20,2022,Jul,2022-07-01,Wed,FALSE,FALSE,344,36,454,325,36,107,959,19,30,266,13,81.9,80.4,81.1,77.3,94.5,5.5
2022-07-21,2022,Jul,2022-07-01,Thu,FALSE,FALSE,344,73,886,301,75,116,1363,43,30,205,20,68.1,63.3,65.4,59.6,87.5,12.5
2022-07-22,2022,Jul,2022-07-01,Fri,FALSE,FALSE,348,311,3205,270,334,131,912,78,30,173,15,64.1,52,54,49.7,77.6,22.4
2022-07-23,2022,Jul,2022-07-01,Sat,FALSE,TRUE,138,30,506,128,22,116,1013,10,30,110,4,85.9,82.1,82.6,79.7,92.8,7.3
2022-07-24,2022,Jul,2022-07-01,Sun,FALSE,TRUE,89,23,234,83,18,139,1098,6,30,73,2,88,83.9,84.3,82,93.3,6.7
2022-07-25,2022,Jul,2022-07-01,Mon,FALSE,FALSE,388,74,769,362,75,117,1530,26,30,253,12,69.9,67.3,68.3,65.2,93.3,6.7
2022-07-26,2022,Jul,2022-07-01,Tue,FALSE,FALSE,351,13,174,335,13,123,861,16,30,297,13,88.7,87.9,88.3,84.6,95.4,4.6
2022-07-27,2022,Jul,2022-07-01,Wed,FALSE,FALSE,348,20,223,333,19,119,862,15,30,290,6,87.1,84.8,85.1,83.3,95.7,4.3
2022-07-28,2022,Jul,2022-07-01,Thu,FALSE,FALSE,304,75,934,260,73,126,792,44,30,180,18,69.2,62.9,65.1,59.2,85.5,14.5
2022-07-29,2022,Jul,2022-07-01,Fri,FALSE,FALSE,316,48,538,285,43,133,1693,31,30,198,16,69.5,66,67.7,62.7,90.2,9.8
2022-07-30,2022,Jul,2022-07-01,Sat,FALSE,TRUE,122,41,688,109,41,114,1008,13,30,96,7,88.1,83.5,84.4,78.7,89.3,10.7
2022-07-31,2022,Jul,2022-07-01,Sun,FALSE,TRUE,120,13,231,112,12,80,306,8,30,107,5,95.5,93,93.3,89.2,93.3,6.7
2022-08-01,2022,Aug,2022-08-01,Mon,TRUE,TRUE,122,26,522,115,24,129,1275,7,30,105,3,91.3,88.2,88.5,86.1,94.3,5.7
2022-08-02,2022,Aug,2022-08-01,Tue,FALSE,FALSE,398,101,1183,357,104,134,1010,41,30,235,25,65.8,63,65.3,59.1,89.7,10.3
2022-08-03,2022,Aug,2022-08-01,Wed,FALSE,FALSE,350,70,805,312,64,134,2142,37,30,229,20,73.4,69.4,71.1,65.4,89.1,10.6
2022-08-04,2022,Aug,2022-08-01,Thu,FALSE,FALSE,301,59,533,269,59,145,1017,32,30,169,15,62.8,59.1,61.1,56.2,89.4,10.6
2022-08-05,2022,Aug,2022-08-01,Fri,FALSE,FALSE,358,100,726,321,99,135,741,37,30,189,17,58.9,55.4,57.5,52.8,89.7,10.3
2022-08-06,2022,Aug,2022-08-01,Sat,FALSE,TRUE,138,25,580,126,23,130,772,12,30,113,8,89.7,86.9,87.7,81.9,91.3,8.7
2022-08-07,2022,Aug,2022-08-01,Sun,FALSE,TRUE,131,18,339,124,16,94,702,7,30,113,5,91.1,89.7,90.1,86.3,94.7,5.3
2022-08-08,2022,Aug,2022-08-01,Mon,FALSE,FALSE,356,56,535,324,54,126,872,32,30,228,12,70.4,66.3,67.4,64,91,9
2022-08-09,2022,Aug,2022-08-01,Tue,FALSE,FALSE,347,70,876,311,72,120,713,36,30,200,23,64.3,61.7,64.3,57.6,89.6,10.4
2022-08-10,2022,Aug,2022-08-01,Wed,FALSE,FALSE,350,85,826,309,85,129,780,41,30,199,12,64.4,58.9,60.3,56.9,88.3,11.7
2022-08-11,2022,Aug,2022-08-01,Thu,FALSE,FALSE,300,64,641,268,63,119,894,32,30,180,15,67.2,63.2,65,60,89.3,10.7
2022-08-12,2022,Aug,2022-08-01,Fri,FALSE,FALSE,304,307,1836,244,337,120,762,60,30,97,14,39.8,33.5,36.5,31.9,80.3,19.7
2022-08-13,2022,Aug,2022-08-01,Sat,FALSE,TRUE,112,35,843,99,35,106,407,13,30,88,10,88.9,86.3,87.5,78.6,88.4,11.6
2022-08-14,2022,Aug,2022-08-01,Sun,FALSE,TRUE,92,18,283,87,16,88,552,5,30,79,4,90.8,89.8,90.2,85.9,94.6,5.4
2022-08-15,2022,Aug,2022-08-01,Mon,FALSE,FALSE,378,68,650,345,68,138,1048,33,30,231,18,67,64.2,65.9,61.1,91.3,8.7
2022-08-16,2022,Aug,2022-08-01,Tue,FALSE,FALSE,314,20,547,302,19,132,1151,12,30,263,7,87.1,85.7,86,83.8,96.2,3.8
2022-08-17,2022,Aug,2022-08-01,Wed,FALSE,FALSE,355,18,523,331,15,123,1076,24,30,296,14,89.4,86.8,87.3,83.4,93.2,6.8
2022-08-18,2022,Aug,2022-08-01,Thu,FALSE,FALSE,323,20,607,307,20,94,820,16,30,273,14,88.9,88.4,88.9,84.5,95.1,5
2022-08-19,2022,Aug,2022-08-01,Fri,FALSE,FALSE,363,57,684,332,55,94,657,31,30,238,18,71.7,69,70.5,65.6,91.5,8.5
2022-08-20,2022,Aug,2022-08-01,Sat,FALSE,TRUE,163,22,564,153,18,97,441,9,30,138,6,90.2,87.9,88.3,84.7,93.9,5.5
2022-08-21,2022,Aug,2022-08-01,Sun,FALSE,TRUE,54,19,458,53,20,118,512,1,30,50,1,94.3,94.3,94.4,92.6,98.2,1.9
2022-08-22,2022,Aug,2022-08-01,Mon,FALSE,FALSE,372,35,851,356,32,116,615,16,30,302,9,84.8,83.2,83.6,81.2,95.7,4.3
2022-08-23,2022,Aug,2022-08-01,Tue,FALSE,FALSE,332,19,372,314,19,117,1328,18,30,281,15,89.5,88.6,89.2,84.6,94.6,5.4
2022-08-24,2022,Aug,2022-08-01,Wed,FALSE,FALSE,314,19,426,301,17,122,1291,13,30,280,8,93,91.5,91.7,89.2,95.9,4.1
2022-08-25,2022,Aug,2022-08-01,Thu,FALSE,FALSE,330,93,1260,294,88,117,1108,36,30,199,7,67.7,61.6,62.4,60.3,89.1,10.9
2022-08-26,2022,Aug,2022-08-01,Fri,FALSE,FALSE,263,47,701,239,48,108,886,24,30,171,16,71.6,69.2,71.1,65,90.9,9.1
2022-08-27,2022,Aug,2022-08-01,Sat,FALSE,TRUE,112,63,987,98,62,120,672,14,30,81,8,82.7,77.9,79.5,72.3,87.5,12.5
2022-08-28,2022,Aug,2022-08-01,Sun,FALSE,TRUE,103,11,141,97,12,115,370,6,30,90,6,92.8,92.8,93.2,87.4,94.2,5.8
2022-08-29,2022,Aug,2022-08-01,Mon,FALSE,FALSE,384,26,326,363,25,112,1188,21,30,295,13,81.3,79.5,80.2,76.8,94.5,5.5
2022-08-30,2022,Aug,2022-08-01,Tue,FALSE,FALSE,387,26,333,368,24,115,2409,19,30,312,8,84.8,82.3,82.7,80.6,95.1,4.9
2022-08-31,2022,Aug,2022-08-01,Wed,FALSE,FALSE,334,30,458,312,29,118,1206,22,30,253,13,81.1,78.8,79.6,75.8,93.4,6.6
2022-09-01,2022,Sep,2022-09-01,Thu,FALSE,FALSE,326,97,1064,286,95,115,1085,40,30,179,12,62.6,57,58.6,54.9,87.7,12.3
2022-09-02,2022,Sep,2022-09-01,Fri,FALSE,FALSE,302,62,641,272,58,119,946,30,30,167,10,61.4,57.2,58.6,55.3,90.1,9.9
2022-09-03,2022,Sep,2022-09-01,Sat,FALSE,TRUE,123,26,347,119,25,126,992,4,30,103,3,86.6,85.8,86.2,83.7,96.8,3.3
2022-09-04,2022,Sep,2022-09-01,Sun,FALSE,TRUE,82,39,751,75,34,135,646,7,30,67,2,89.3,83.8,84.2,81.7,91.5,8.5
2022-09-05,2022,Sep,2022-09-01,Mon,TRUE,TRUE,76,14,275,74,15,112,487,2,30,71,2,96,96,96.1,93.4,97.4,2.6
2022-09-06,2022,Sep,2022-09-01,Tue,FALSE,FALSE,384,37,285,363,36,116,624,21,30,264,12,72.7,71,71.9,68.8,94.5,5.5
2022-09-07,2022,Sep,2022-09-01,Wed,FALSE,FALSE,362,95,1748,321,86,116,1127,41,30,244,11,76,69.5,70.4,67.4,88.7,11.3
2022-09-08,2022,Sep,2022-09-01,Thu,FALSE,FALSE,327,174,1388,273,183,119,673,54,30,100,20,36.6,32.6,36.7,30.6,83.5,16.5
2022-09-09,2022,Sep,2022-09-01,Fri,FALSE,FALSE,384,285,1650,273,325,122,842,111,30,76,29,27.8,21.4,27.3,19.8,71.1,28.9
2022-09-10,2022,Sep,2022-09-01,Sat,FALSE,TRUE,141,43,390,122,39,137,801,19,30,97,11,79.5,74.6,76.6,68.8,86.5,13.5
2022-09-11,2022,Sep,2022-09-01,Sun,FALSE,TRUE,80,32,497,76,31,116,395,4,30,67,2,88.2,85.9,86.3,83.8,95,5
2022-09-12,2022,Sep,2022-09-01,Mon,FALSE,FALSE,424,68,833,384,69,112,980,40,30,254,21,66.2,63,64.9,59.9,90.6,9.4
2022-09-13,2022,Sep,2022-09-01,Tue,FALSE,FALSE,389,85,692,354,86,137,1056,35,30,215,22,60.7,58.6,60.9,55.3,91,9
2022-09-14,2022,Sep,2022-09-01,Wed,FALSE,FALSE,349,69,612,311,72,129,744,38,30,199,19,64,60.3,62.5,57,89.1,10.9
2022-09-15,2022,Sep,2022-09-01,Thu,FALSE,FALSE,366,127,903,338,128,114,1070,27,30,175,10,51.8,49.2,50.6,47.8,92.4,7.4
2022-09-16,2022,Sep,2022-09-01,Fri,FALSE,FALSE,318,78,595,292,76,122,684,26,30,182,7,62.3,58.5,59.4,57.2,91.8,8.2
2022-09-17,2022,Sep,2022-09-01,Sat,FALSE,TRUE,118,28,926,111,25,105,452,7,30,102,2,91.9,87.9,88.1,86.4,94.1,5.9
2022-09-18,2022,Sep,2022-09-01,Sun,FALSE,TRUE,87,24,267,82,17,110,824,5,30,71,1,86.6,82.6,82.8,81.6,94.3,5.8
2022-09-19,2022,Sep,2022-09-01,Mon,FALSE,FALSE,389,84,876,348,84,121,845,41,30,217,16,62.4,58.2,59.9,55.8,89.5,10.5
2022-09-20,2022,Sep,2022-09-01,Tue,FALSE,FALSE,358,47,454,322,45,139,1038,36,30,236,22,73.3,70.2,72.1,65.9,89.9,10.1
2022-09-21,2022,Sep,2022-09-01,Wed,FALSE,FALSE,327,32,704,307,30,133,896,20,30,257,8,83.7,80.6,81,78.6,93.9,6.1
2022-09-22,2022,Sep,2022-09-01,Thu,FALSE,FALSE,270,48,491,236,46,130,972,30,30,183,19,77.5,72.9,74.8,67.8,87.4,11.1
2022-09-23,2022,Sep,2022-09-01,Fri,FALSE,FALSE,261,35,398,243,33,120,709,18,30,191,10,78.6,76.1,77,73.2,93.1,6.9
2022-09-24,2022,Sep,2022-09-01,Sat,FALSE,TRUE,83,44,809,80,45,140,1069,3,30,71,3,88.8,88.8,89.2,85.5,96.4,3.6
2022-09-25,2022,Sep,2022-09-01,Sun,FALSE,TRUE,71,34,654,65,29,106,309,6,30,60,3,92.3,88.2,88.7,84.5,91.6,8.5
2022-09-26,2022,Sep,2022-09-01,Mon,FALSE,FALSE,329,78,943,300,78,164,1223,29,30,213,15,71,67.8,69.3,64.7,91.2,8.8
2022-09-27,2022,Sep,2022-09-01,Tue,FALSE,FALSE,272,24,650,260,20,130,871,12,30,241,7,92.7,90.9,91.2,88.6,95.6,4.4
2022-09-28,2022,Sep,2022-09-01,Wed,FALSE,FALSE,278,14,398,262,11,145,1030,16,30,249,8,95,92.2,92.5,89.6,94.2,5.8
2022-09-29,2022,Sep,2022-09-01,Thu,FALSE,FALSE,315,31,507,296,29,121,1671,19,30,236,11,79.7,77.6,78.4,74.9,94,6
2022-09-30,2022,Sep,2022-09-01,Fri,FALSE,FALSE,306,48,645,281,47,97,927,25,30,212,16,75.4,73.1,74.5,69.3,91.8,8.2
2022-10-01,2022,Oct,2022-10-01,Sat,FALSE,TRUE,106,36,379,100,31,119,477,6,30,81,1,81,77.1,77.4,76.4,94.3,5.7
2022-10-02,2022,Oct,2022-10-01,Sun,FALSE,TRUE,88,18,234,86,15,199,779,2,30,79,0,91.9,89.8,89.8,89.8,97.7,2.3
2022-10-03,2022,Oct,2022-10-01,Mon,FALSE,FALSE,364,18,244,349,18,120,722,15,30,308,12,88.3,87.5,87.9,84.6,95.9,4.1
2022-10-04,2022,Oct,2022-10-01,Tue,FALSE,FALSE,364,82,671,327,81,134,1083,37,30,216,18,66.1,62.4,64.3,59.3,89.8,10.2
2022-10-05,2022,Oct,2022-10-01,Wed,FALSE,FALSE,328,18,294,319,18,122,986,9,30,287,9,90,90,90.2,87.5,97.3,2.7
2022-10-06,2022,Oct,2022-10-01,Thu,FALSE,FALSE,312,31,368,293,31,120,810,19,30,227,12,77.5,75.7,76.6,72.8,93.9,6.1
2022-10-07,2022,Oct,2022-10-01,Fri,FALSE,FALSE,288,288,1827,228,311,138,836,60,30,105,13,46.1,38.2,41,36.5,79.2,20.8
2022-10-08,2022,Oct,2022-10-01,Sat,FALSE,TRUE,73,36,516,68,30,132,606,5,30,58,1,85.3,80.6,80.8,79.5,93.2,6.9
2022-10-09,2022,Oct,2022-10-01,Sun,FALSE,TRUE,63,22,330,62,22,111,418,1,30,58,1,93.6,93.6,93.7,92.1,98.4,1.6
2022-10-10,2022,Oct,2022-10-01,Mon,TRUE,TRUE,71,16,228,70,15,116,978,1,30,64,0,91.4,90.1,90.1,90.1,98.6,1.4
2022-10-11,2022,Oct,2022-10-01,Tue,FALSE,FALSE,372,55,1014,346,55,140,1005,26,30,258,15,74.6,72.3,73.4,69.4,93,7
2022-10-12,2022,Oct,2022-10-01,Wed,FALSE,FALSE,351,40,590,320,37,123,895,31,30,266,18,83.1,79.9,80.9,75.8,91.2,8.8
2022-10-13,2022,Oct,2022-10-01,Thu,FALSE,FALSE,352,91,825,316,95,130,949,36,30,194,17,61.4,57.9,59.9,55.1,89.8,10.2
2022-10-14,2022,Oct,2022-10-01,Fri,FALSE,FALSE,296,184,981,241,197,205,1629,55,30,86,17,35.7,30.8,34.8,29.1,81.4,18.6
2022-10-15,2022,Oct,2022-10-01,Sat,FALSE,TRUE,81,20,235,77,19,123,501,4,30,69,2,89.6,87.3,87.7,85.2,95.1,4.9
2022-10-16,2022,Oct,2022-10-01,Sun,FALSE,TRUE,82,26,522,78,26,143,726,4,30,71,3,91,89.9,90.2,86.6,95.1,4.9
2022-10-17,2022,Oct,2022-10-01,Mon,FALSE,FALSE,361,53,684,333,51,118,789,28,30,243,15,73,70.2,71.5,67.3,92.2,7.8
2022-10-18,2022,Oct,2022-10-01,Tue,FALSE,FALSE,302,20,302,293,20,111,577,9,30,261,7,89.1,88.5,88.7,86.4,97,3
2022-10-19,2022,Oct,2022-10-01,Wed,FALSE,FALSE,298,27,448,281,27,110,508,17,30,241,13,85.8,84.6,85.2,80.9,94.3,5.7
2022-10-20,2022,Oct,2022-10-01,Thu,FALSE,FALSE,277,31,528,261,29,107,1301,16,30,223,10,85.4,83.5,84.1,80.5,94.2,5.8
2022-10-21,2022,Oct,2022-10-01,Fri,FALSE,FALSE,299,62,565,270,59,125,688,29,30,183,13,67.8,64,65.6,61.2,90.3,9.7
2022-10-23,2022,Oct,2022-10-01,Sun,FALSE,TRUE,126,40,818,108,13,180,932,18,30,100,4,92.6,82,82.5,79.4,85.7,14.3
2022-10-24,2022,Oct,2022-10-01,Mon,FALSE,FALSE,693,192,1497,517,205,145,1326,176,30,225,37,43.5,34.3,37.8,32.5,74.6,25.4
2022-10-25,2022,Oct,2022-10-01,Tue,FALSE,FALSE,372,148,1669,317,154,126,947,55,30,200,22,63.1,57.1,59.7,53.8,85.2,14.8
2022-10-26,2022,Oct,2022-10-01,Wed,FALSE,FALSE,273,47,1084,254,44,139,1911,19,30,222,9,87.4,84.1,84.6,81.3,93,7
2022-10-27,2022,Oct,2022-10-01,Thu,FALSE,FALSE,300,25,382,288,24,100,820,12,30,240,7,83.3,81.9,82.3,80,96,4
2022-10-28,2022,Oct,2022-10-01,Fri,FALSE,FALSE,316,19,453,301,18,117,1278,15,30,268,10,89,87.6,88,84.8,95.3,4.8
2022-10-29,2022,Oct,2022-10-01,Sat,FALSE,TRUE,106,50,638,99,51,162,818,7,30,77,4,77.8,75.5,76.4,72.6,93.4,6.6
2022-10-30,2022,Oct,2022-10-01,Sun,FALSE,TRUE,104,22,265,97,21,150,548,7,30,84,3,86.6,83.2,83.7,80.8,93.3,6.7
2022-10-31,2022,Oct,2022-10-01,Mon,FALSE,FALSE,349,71,1205,321,64,115,938,28,30,234,12,72.9,69.4,70.5,67.1,92,8
2022-11-01,2022,Nov,2022-11-01,Tue,FALSE,FALSE,330,34,420,303,32,127,1213,27,30,252,14,83.2,79.8,80.6,76.4,91.8,8.2
2022-11-02,2022,Nov,2022-11-01,Wed,FALSE,FALSE,306,27,401,294,27,134,804,12,30,256,8,87.1,85.9,86.3,83.7,96.1,3.9
2022-11-03,2022,Nov,2022-11-01,Thu,FALSE,FALSE,339,231,2223,263,243,161,1306,76,30,127,17,48.3,39.4,42.5,37.5,77.6,22.4
2022-11-04,2022,Nov,2022-11-01,Fri,FALSE,FALSE,274,57,619,248,58,148,881,26,30,176,13,71,67.4,69,64.2,90.5,9.5
2022-11-05,2022,Nov,2022-11-01,Sat,FALSE,TRUE,101,65,759,94,57,148,813,7,30,67,3,71.3,68.4,69.3,66.3,93.1,6.9
2022-11-06,2022,Nov,2022-11-01,Sun,FALSE,TRUE,87,20,270,81,16,112,387,6,30,73,3,90.1,86.9,87.4,83.9,93.1,6.9
2022-11-07,2022,Nov,2022-11-01,Mon,FALSE,FALSE,328,61,468,304,63,99,935,24,30,179,18,58.9,57.7,60.1,54.6,92.7,7.3
2022-11-08,2022,Nov,2022-11-01,Tue,FALSE,FALSE,308,54,640,279,51,126,1200,28,30,209,15,74.9,71.3,72.7,67.9,90.6,9.1
2022-11-09,2022,Nov,2022-11-01,Wed,FALSE,FALSE,287,17,280,275,17,116,656,12,30,250,9,90.9,89.9,90.2,87.1,95.8,4.2
2022-11-10,2022,Nov,2022-11-01,Thu,FALSE,FALSE,283,185,2271,238,181,123,1602,45,30,153,14,64.3,56.9,59,54.1,84.1,15.9
2022-11-11,2022,Nov,2022-11-01,Fri,FALSE,FALSE,241,125,816,196,130,131,787,45,30,103,20,52.6,46.6,51,42.7,81.3,18.7
2022-11-12,2022,Nov,2022-11-01,Sat,FALSE,TRUE,65,23,315,62,19,208,1819,3,30,51,2,82.3,81,81.5,78.5,95.4,4.6
2022-11-13,2022,Nov,2022-11-01,Sun,FALSE,TRUE,57,21,223,50,12,180,1292,7,30,49,2,98,89.1,89.5,86,87.7,12.3
2022-11-14,2022,Nov,2022-11-01,Mon,FALSE,FALSE,336,19,187,321,18,131,1706,14,30,274,9,85.4,83.8,84.2,81.6,95.5,4.2
2022-11-15,2022,Nov,2022-11-01,Tue,FALSE,FALSE,322,21,348,308,19,119,1180,14,30,263,8,85.4,83.8,84.2,81.7,95.7,4.4
2022-11-16,2022,Nov,2022-11-01,Wed,FALSE,FALSE,290,29,495,269,27,135,739,21,30,227,9,84.4,80.8,81.4,78.3,92.8,7.2
2022-11-17,2022,Nov,2022-11-01,Thu,FALSE,FALSE,263,30,538,252,30,129,1146,11,30,218,6,86.5,84.8,85.2,82.9,95.8,4.2
2022-11-18,2022,Nov,2022-11-01,Fri,FALSE,FALSE,268,31,405,249,31,124,1354,19,30,197,12,79.1,77,78,73.5,92.9,7.1
2022-11-19,2022,Nov,2022-11-01,Sat,FALSE,TRUE,100,64,589,88,53,163,868,12,30,67,5,76.1,70.5,72,67,88,12
2022-11-20,2022,Nov,2022-11-01,Sun,FALSE,TRUE,92,32,270,85,31,127,455,7,30,65,4,76.5,73.9,75,70.7,92.4,7.6
2022-11-21,2022,Nov,2022-11-01,Mon,FALSE,FALSE,311,17,705,299,17,120,856,12,30,275,11,92,91.7,92,88.4,96.1,3.9
2022-11-22,2022,Nov,2022-11-01,Tue,FALSE,FALSE,260,18,294,246,14,123,767,14,30,226,7,91.9,89.3,89.6,86.9,94.6,5.4
2022-11-23,2022,Nov,2022-11-01,Wed,FALSE,FALSE,241,18,223,227,18,110,678,14,30,199,11,87.7,86.5,87.1,82.6,94.2,5.8
2022-11-24,2022,Nov,2022-11-01,Thu,FALSE,FALSE,266,22,363,253,22,119,658,12,30,215,9,85,83.7,84.2,80.8,95.1,4.5
2022-11-25,2022,Nov,2022-11-01,Fri,FALSE,FALSE,262,22,415,247,21,159,1230,15,30,211,9,85.4,83.4,84,80.5,94.3,5.7
2022-11-26,2022,Nov,2022-11-01,Sat,FALSE,TRUE,73,31,319,66,25,152,639,7,30,57,3,86.4,81.4,82.2,78.1,90.4,9.6
2022-11-27,2022,Nov,2022-11-01,Sun,FALSE,TRUE,61,29,440,58,28,168,821,3,30,48,1,82.8,80,80.3,78.7,95.1,4.9
2022-11-28,2022,Nov,2022-11-01,Mon,FALSE,FALSE,290,17,586,274,9,137,1381,16,30,263,8,96,93.3,93.5,90.7,94.5,5.5
2022-11-29,2022,Nov,2022-11-01,Tue,FALSE,FALSE,266,15,439,255,15,125,803,10,30,234,9,91.8,91.1,91.4,88,95.9,3.8
2022-11-30,2022,Nov,2022-11-01,Wed,FALSE,FALSE,257,7,170,253,7,118,808,4,30,246,2,97.2,96.5,96.5,95.7,98.4,1.6
2022-12-01,2022,Dec,2022-12-01,Thu,FALSE,FALSE,280,33,1144,265,32,129,1309,15,30,223,8,84.2,82,82.5,79.6,94.6,5.4
2022-12-02,2022,Dec,2022-12-01,Fri,FALSE,FALSE,310,60,515,276,58,148,1132,34,30,186,16,67.4,63.3,65.2,60,89,11
2022-12-03,2022,Dec,2022-12-01,Sat,FALSE,TRUE,146,80,976,128,71,113,708,18,30,93,4,72.7,65.5,66.4,63.7,87.7,12.3
2022-12-04,2022,Dec,2022-12-01,Sun,FALSE,TRUE,91,31,406,85,28,139,554,6,30,70,2,82.4,78.7,79.1,76.9,93.4,6.6
2022-12-05,2022,Dec,2022-12-01,Mon,FALSE,FALSE,307,43,766,287,39,103,808,20,30,227,10,79.1,76.4,77.2,73.9,93.5,6.5
2022-12-06,2022,Dec,2022-12-01,Tue,FALSE,FALSE,299,13,210,286,13,106,1126,13,30,265,10,92.7,91.7,92,88.6,95.7,4.4
2022-12-07,2022,Dec,2022-12-01,Wed,FALSE,FALSE,272,15,234,258,14,109,951,14,30,241,12,93.4,92.7,93,88.6,94.9,5.2
2022-12-08,2022,Dec,2022-12-01,Thu,FALSE,FALSE,295,35,487,274,34,109,636,21,30,228,13,83.2,80.9,81.7,77.3,92.9,7.1
2022-12-09,2022,Dec,2022-12-01,Fri,FALSE,FALSE,281,34,447,263,33,130,1164,18,30,202,9,76.8,74.3,75.1,71.9,93.6,6.4
2022-12-10,2022,Dec,2022-12-01,Sat,FALSE,TRUE,84,27,276,83,27,175,661,1,30,68,1,81.9,81.9,82.1,81,98.8,1.2
2022-12-11,2022,Dec,2022-12-01,Sun,FALSE,TRUE,93,43,577,92,39,153,1166,1,30,76,0,82.6,81.7,81.7,81.7,98.9,1.1
2022-12-12,2022,Dec,2022-12-01,Mon,FALSE,FALSE,292,28,501,282,27,126,1044,10,30,242,4,85.8,84,84.3,82.9,96.6,3.4
2022-12-13,2022,Dec,2022-12-01,Tue,FALSE,FALSE,300,16,250,280,14,99,1128,20,30,256,13,91.4,89.2,89.7,85.3,93.3,6.7
2022-12-14,2022,Dec,2022-12-01,Wed,FALSE,FALSE,231,12,200,219,12,119,789,12,30,204,12,93.2,93.2,93.5,88.3,94.8,5.2
2022-12-15,2022,Dec,2022-12-01,Thu,FALSE,FALSE,244,18,347,230,17,114,872,14,30,213,11,92.6,91.4,91.8,87.3,94.3,5.7
2022-12-16,2022,Dec,2022-12-01,Fri,FALSE,FALSE,232,47,748,209,44,116,752,23,30,144,15,68.9,66.4,68.5,62.1,90.1,9.9
2022-12-17,2022,Dec,2022-12-01,Sat,FALSE,TRUE,103,27,294,98,24,159,673,5,30,84,2,85.7,83.2,83.5,81.6,95.2,4.9
2022-12-18,2022,Dec,2022-12-01,Sun,FALSE,TRUE,66,14,214,64,13,142,930,2,30,60,1,93.8,92.3,92.4,90.9,97,3
2022-12-19,2022,Dec,2022-12-01,Mon,FALSE,FALSE,278,23,331,266,21,122,1928,12,30,236,7,88.7,87.1,87.4,84.9,95.7,4.3
2022-12-20,2022,Dec,2022-12-01,Tue,FALSE,FALSE,239,13,344,234,13,113,735,5,30,223,4,95.3,94.9,95,93.3,97.9,2.1
2022-12-21,2022,Dec,2022-12-01,Wed,FALSE,FALSE,190,10,148,184,10,111,748,6,30,176,5,95.7,95.1,95.3,92.6,96.8,3.2
2022-12-22,2022,Dec,2022-12-01,Thu,FALSE,FALSE,218,22,420,206,21,105,562,12,30,173,8,84,82.4,83,79.4,94.5,5.5
2022-12-23,2022,Dec,2022-12-01,Fri,FALSE,FALSE,190,31,599,178,25,119,617,12,30,149,7,83.7,81.4,82.1,78.4,93.7,6.3
2022-12-24,2022,Dec,2022-12-01,Sat,FALSE,TRUE,138,57,558,121,49,117,506,17,30,87,8,71.9,66.9,68.8,63,87.7,12.3
2022-12-25,2022,Dec,2022-12-01,Sun,FALSE,TRUE,77,29,337,71,27,132,491,6,30,62,4,87.3,84.9,85.7,80.5,92.2,7.8
2022-12-26,2022,Dec,2022-12-01,Mon,TRUE,TRUE,104,25,358,102,25,108,359,2,30,86,2,84.3,84.3,84.6,82.7,98.1,1.9
2022-12-27,2022,Dec,2022-12-01,Tue,TRUE,TRUE,181,113,969,151,116,146,1048,30,30,80,8,53,46.2,48.6,44.2,83.4,16.6
2022-12-28,2022,Dec,2022-12-01,Wed,FALSE,FALSE,274,195,1176,219,192,123,719,55,30,94,12,42.9,35.9,38.7,34.3,79.9,20.1
2022-12-29,2022,Dec,2022-12-01,Thu,FALSE,FALSE,279,167,1025,232,167,167,1258,47,30,110,12,47.4,41.2,43.7,39.4,83.2,16.9
2022-12-30,2022,Dec,2022-12-01,Fri,FALSE,FALSE,226,175,1664,183,179,120,654,42,30,119,14,65,56.1,58.9,52.7,81,18.6
2022-12-31,2022,Dec,2022-12-01,Sat,FALSE,TRUE,114,48,1071,107,46,187,1080,7,30,84,3,78.5,75.7,76.3,73.7,93.9,6.1
2023-01-01,2023,Jan,2023-01-01,Sun,FALSE,TRUE,67,35,297,59,33,175,979,8,30,48,6,81.4,78.7,80.6,71.6,88.1,11.9
2023-01-02,2023,Jan,2023-01-01,Mon,TRUE,TRUE,140,79,730,124,75,160,653,16,30,77,4,62.1,56.6,57.9,55,88.6,11.4
2023-01-03,2023,Jan,2023-01-01,Tue,FALSE,FALSE,276,44,556,257,44,123,803,19,30,195,13,75.9,74.1,75.4,70.7,93.1,6.9
2023-01-04,2023,Jan,2023-01-01,Wed,FALSE,FALSE,257,14,466,250,14,106,1248,7,30,240,6,96,95.6,95.7,93.4,97.3,2.7
2023-01-05,2023,Jan,2023-01-01,Thu,FALSE,FALSE,278,21,297,264,18,120,906,14,30,225,7,85.2,83,83.5,80.9,95,5
2023-01-06,2023,Jan,2023-01-01,Fri,FALSE,FALSE,246,20,440,238,20,120,1133,7,30,204,5,85.7,84.7,85,82.9,96.8,2.9
2023-01-07,2023,Jan,2023-01-01,Sat,FALSE,TRUE,104,18,211,101,17,142,534,3,30,90,2,89.1,88.2,88.5,86.5,97.1,2.9
2023-01-08,2023,Jan,2023-01-01,Sun,FALSE,TRUE,79,34,503,75,31,116,357,4,30,66,3,88,86.8,87.3,83.5,94.9,5.1
2023-01-09,2023,Jan,2023-01-01,Mon,FALSE,FALSE,294,25,555,278,23,131,880,16,30,246,11,88.5,86.9,87.4,83.7,94.6,5.4
2023-01-10,2023,Jan,2023-01-01,Tue,FALSE,FALSE,304,35,1017,279,24,119,861,25,30,245,11,87.8,83.6,84.2,80.6,91.8,8.2
2023-01-11,2023,Jan,2023-01-01,Wed,FALSE,FALSE,261,21,736,222,9,113,1190,15,30,212,9,95.5,84.1,84.7,81.2,85.1,5.8
2023-01-12,2023,Jan,2023-01-01,Thu,FALSE,FALSE,251,17,302,239,16,125,1014,11,30,216,7,90.4,88.5,88.8,86.1,95.2,4.4
2023-01-13,2023,Jan,2023-01-01,Fri,FALSE,FALSE,271,75,626,234,69,153,1304,37,30,158,13,67.5,61.2,63.1,58.3,86.4,13.7
2023-01-14,2023,Jan,2023-01-01,Sat,FALSE,TRUE,108,35,324,98,29,151,788,10,30,83,6,84.7,81.4,82.4,76.9,90.7,9.3
2023-01-17,2023,Jan,2023-01-01,Tue,FALSE,FALSE,257,58,1040,228,51,110,859,29,30,203,16,89,84.2,85.2,79,88.7,11.3
2023-01-18,2023,Jan,2023-01-01,Wed,FALSE,FALSE,268,30,504,254,27,128,875,14,30,211,9,83.1,81.5,82.1,78.7,94.8,5.2
2023-01-19,2023,Jan,2023-01-01,Thu,FALSE,FALSE,234,30,498,216,26,128,994,18,30,183,7,84.7,80.6,81.2,78.2,92.3,7.7
2023-01-20,2023,Jan,2023-01-01,Fri,FALSE,FALSE,269,95,696,235,96,139,862,34,30,137,14,58.3,53.7,56.1,50.9,87.4,12.6
2023-01-21,2023,Jan,2023-01-01,Sat,FALSE,TRUE,139,65,471,126,54,149,1085,13,30,90,4,71.4,66.7,67.6,64.8,90.7,9.4
2023-01-22,2023,Jan,2023-01-01,Sun,FALSE,TRUE,94,18,337,89,16,131,444,5,30,84,2,94.4,91.3,91.5,89.4,94.7,5.3
2023-01-23,2023,Jan,2023-01-01,Mon,FALSE,FALSE,298,21,368,280,20,115,776,18,30,248,12,88.6,86.7,87.3,83.2,94,6
2023-01-24,2023,Jan,2023-01-01,Tue,FALSE,FALSE,271,31,597,266,31,107,733,5,30,238,4,89.5,89.1,89.3,87.8,98.2,1.9
2023-01-25,2023,Jan,2023-01-01,Wed,FALSE,FALSE,249,50,1780,240,33,117,1221,9,30,219,3,91.3,89,89.2,88,96.4,3.6
2023-01-26,2023,Jan,2023-01-01,Thu,FALSE,FALSE,380,59,763,341,54,143,832,39,30,249,15,73,68.2,69.5,65.5,89.7,10.3
2023-01-27,2023,Jan,2023-01-01,Fri,FALSE,FALSE,419,194,1417,325,205,142,1442,94,30,137,31,42.2,35.3,40.1,32.7,77.6,22.4
2023-01-28,2023,Jan,2023-01-01,Sat,FALSE,TRUE,234,100,841,193,96,166,1217,41,30,117,14,60.6,53.2,56,50,82.5,17.5
2023-01-29,2023,Jan,2023-01-01,Sun,FALSE,TRUE,221,70,779,202,62,131,479,19,30,132,4,65.4,60.8,61.5,59.7,91.4,8.6
2023-01-30,2023,Jan,2023-01-01,Mon,FALSE,FALSE,436,74,762,404,74,127,872,32,30,288,15,71.3,68.4,69.5,66.1,92.7,7.3
2023-01-31,2023,Jan,2023-01-01,Tue,FALSE,FALSE,366,23,379,347,23,104,603,19,30,292,15,84.2,83.2,83.9,79.8,94.8,5.2
2023-02-01,2023,Feb,2023-02-01,Wed,FALSE,FALSE,319,22,448,313,21,118,807,6,30,268,3,85.6,84.8,85,84,98.1,1.9
2023-02-02,2023,Feb,2023-02-01,Thu,FALSE,FALSE,360,62,650,321,55,145,793,39,30,229,8,71.3,65.1,65.8,63.6,89.2,10.8
2023-02-03,2023,Feb,2023-02-01,Fri,FALSE,FALSE,279,19,540,262,18,127,825,17,30,237,13,90.5,89.1,89.6,85,93.9,6.1
2023-02-04,2023,Feb,2023-02-01,Sat,FALSE,TRUE,109,27,381,101,20,135,523,8,30,90,1,89.1,83.3,83.5,82.6,92.7,7.3
2023-02-05,2023,Feb,2023-02-01,Sun,FALSE,TRUE,101,24,696,99,24,131,485,2,30,88,2,88.9,88.9,89.1,87.1,98,2
2023-02-06,2023,Feb,2023-02-01,Mon,FALSE,FALSE,360,26,355,341,26,121,955,19,30,281,15,82.4,81.5,82.2,78.1,94.7,5.3
2023-02-07,2023,Feb,2023-02-01,Tue,FALSE,FALSE,337,24,366,324,23,120,1181,13,30,274,10,84.6,83.8,84.3,81.3,96.1,3.9
2023-02-08,2023,Feb,2023-02-01,Wed,FALSE,FALSE,305,14,303,290,12,115,918,13,30,266,11,91.7,90.5,90.8,87.2,95.1,4.3
2023-02-09,2023,Feb,2023-02-01,Thu,FALSE,FALSE,287,52,872,262,52,120,847,25,30,192,17,73.3,71.1,72.8,66.9,91.3,8.7
2023-02-10,2023,Feb,2023-02-01,Fri,FALSE,FALSE,291,69,2740,263,55,125,714,28,30,181,10,68.8,64.4,65.6,62.2,90.4,9.6
2023-02-11,2023,Feb,2023-02-01,Sat,FALSE,TRUE,128,59,788,117,51,164,778,11,30,94,4,80.3,75.8,76.6,73.4,91.4,8.6
2023-02-12,2023,Feb,2023-02-01,Sun,FALSE,TRUE,100,22,274,92,19,133,592,8,30,82,4,89.1,85.4,86,82,92,8
2023-02-13,2023,Feb,2023-02-01,Mon,FALSE,FALSE,329,14,283,317,15,113,912,12,30,289,11,91.2,90.9,91.2,87.8,96.4,3.7
2023-02-14,2023,Feb,2023-02-01,Tue,FALSE,FALSE,246,17,342,231,14,139,1354,14,30,216,8,93.5,90.8,91.1,87.8,93.9,5.7
2023-02-15,2023,Feb,2023-02-01,Wed,FALSE,FALSE,247,12,215,239,11,126,1130,6,30,224,4,93.7,92.2,92.3,90.7,96.8,2.4
2023-02-16,2023,Feb,2023-02-01,Thu,FALSE,FALSE,248,13,180,241,13,116,534,7,30,223,6,92.5,92.2,92.3,89.9,97.2,2.8
2023-02-17,2023,Feb,2023-02-01,Fri,FALSE,FALSE,272,17,342,258,14,114,756,14,30,243,8,94.2,92.1,92.3,89.3,94.9,5.2
2023-02-18,2023,Feb,2023-02-01,Sat,FALSE,TRUE,109,52,929,96,42,138,488,13,30,75,5,78.1,72.1,73.4,68.8,88.1,11.9
2023-02-19,2023,Feb,2023-02-01,Sun,FALSE,TRUE,107,21,245,94,19,126,473,13,30,84,9,89.4,85.7,86.9,78.5,87.9,12.2
2023-02-20,2023,Feb,2023-02-01,Mon,TRUE,TRUE,94,17,444,90,16,111,926,4,30,87,3,96.7,95.6,95.7,92.6,95.7,4.3
2023-02-21,2023,Feb,2023-02-01,Tue,FALSE,FALSE,310,38,641,302,38,123,1432,8,30,260,5,86.1,85.3,85.5,83.9,97.4,2.6
2023-02-22,2023,Feb,2023-02-01,Wed,FALSE,FALSE,251,8,108,237,8,104,865,14,30,234,12,98.7,97.9,98,93.2,94.4,5.6
2023-02-23,2023,Feb,2023-02-01,Thu,FALSE,FALSE,406,50,527,371,48,157,989,35,30,270,16,72.8,69.2,70.4,66.5,91.4,8.6
2023-02-24,2023,Feb,2023-02-01,Fri,FALSE,FALSE,383,38,592,360,36,126,854,23,30,300,14,83.3,81.3,82,78.3,94,6
2023-02-25,2023,Feb,2023-02-01,Sat,FALSE,TRUE,153,126,838,130,116,165,847,23,30,66,8,50.8,45.5,48.4,43.1,85,15
2023-02-26,2023,Feb,2023-02-01,Sun,FALSE,TRUE,129,53,438,118,47,136,1103,11,30,84,5,71.2,67.7,69,65.1,91.5,8.5
2023-02-27,2023,Feb,2023-02-01,Mon,FALSE,FALSE,368,93,654,334,94,131,833,34,30,210,14,62.9,59.3,60.9,57.1,90.8,9.2
2023-02-28,2023,Feb,2023-02-01,Tue,FALSE,FALSE,489,54,748,448,53,129,1448,41,30,314,20,70.1,67,68.3,64.2,91.6,8.4
2023-03-01,2023,Mar,2023-03-01,Wed,FALSE,FALSE,467,51,796,432,49,114,650,35,30,344,13,79.6,75.8,76.5,73.7,92.5,7.5
2023-03-02,2023,Mar,2023-03-01,Thu,FALSE,FALSE,436,59,674,399,57,122,965,37,30,283,15,70.9,67.2,68.4,64.9,91.5,8.5
2023-03-03,2023,Mar,2023-03-01,Fri,FALSE,FALSE,333,54,959,310,52,147,1538,23,30,239,10,77.1,74,74.8,71.8,93.1,6.9
2023-03-04,2023,Mar,2023-03-01,Sat,FALSE,TRUE,596,477,3611,393,593,197,1213,203,30,84,39,21.4,15.1,20.6,14.1,65.9,34.1
2023-03-05,2023,Mar,2023-03-01,Sun,FALSE,TRUE,237,184,2115,197,182,155,811,40,30,97,6,49.2,42,43.5,40.9,83.1,16.9
2023-03-06,2023,Mar,2023-03-01,Mon,FALSE,FALSE,496,232,1664,401,249,138,1078,95,30,199,20,49.6,41.8,44.2,40.1,80.9,19.2
2023-03-07,2023,Mar,2023-03-01,Tue,FALSE,FALSE,531,82,776,474,83,120,1785,57,30,297,31,62.7,59.4,61.8,55.9,89.3,10.7
2023-03-08,2023,Mar,2023-03-01,Wed,FALSE,FALSE,395,37,517,357,33,126,1040,38,30,277,20,77.6,73.9,75.2,70.1,90.4,9.6
2023-03-09,2023,Mar,2023-03-01,Thu,FALSE,FALSE,375,109,1288,331,105,142,1540,44,30,228,17,68.9,63.7,65.3,60.8,88.3,11.7
2023-03-10,2023,Mar,2023-03-01,Fri,FALSE,FALSE,290,39,620,270,36,119,716,20,30,218,11,80.7,78.1,79,75.2,93.1,6.9
2023-03-11,2023,Mar,2023-03-01,Sat,FALSE,TRUE,135,51,377,118,49,145,605,17,30,78,10,66.1,62.4,65.2,57.8,87.4,12.6
2023-03-12,2023,Mar,2023-03-01,Sun,FALSE,TRUE,75,41,584,72,42,127,509,3,30,60,3,83.3,83.3,84,80,96,4
2023-03-13,2023,Mar,2023-03-01,Mon,FALSE,FALSE,302,9,252,294,9,125,1279,8,30,285,6,96.9,96.3,96.4,94.4,97.4,2.7
2023-03-14,2023,Mar,2023-03-01,Tue,FALSE,FALSE,285,35,422,266,33,113,948,19,30,214,12,80.5,78.4,79.3,75.1,93.3,6.7
2023-03-15,2023,Mar,2023-03-01,Wed,FALSE,FALSE,329,12,322,322,12,117,1756,7,30,302,5,93.8,93.2,93.3,91.8,97.9,2.1
2023-03-16,2023,Mar,2023-03-01,Thu,FALSE,FALSE,322,17,281,301,16,108,1109,21,30,272,16,90.4,88.9,89.4,84.5,93.5,6.5
2023-03-17,2023,Mar,2023-03-01,Fri,FALSE,FALSE,301,27,393,281,24,120,1023,20,30,242,11,86.1,83.5,84.1,80.4,93.4,6.6
2023-03-18,2023,Mar,2023-03-01,Sat,FALSE,TRUE,121,43,833,112,41,152,973,9,30,92,5,82.1,79.3,80.2,76,92.6,7.4
2023-03-19,2023,Mar,2023-03-01,Sun,FALSE,TRUE,91,27,286,86,21,145,598,5,30,77,1,89.5,85.6,85.7,84.6,94.5,5.5
2023-03-20,2023,Mar,2023-03-01,Mon,FALSE,FALSE,327,18,256,308,18,112,890,19,30,272,15,88.3,87.2,87.8,83.2,94.2,5.8
2023-03-21,2023,Mar,2023-03-01,Tue,FALSE,FALSE,334,26,399,315,25,112,1345,19,30,271,13,86,84.4,85,81.1,94.3,5.7
2023-03-22,2023,Mar,2023-03-01,Wed,FALSE,FALSE,289,70,950,264,63,121,1077,25,30,210,10,79.6,75.3,76.1,72.7,91.4,8.7
2023-03-23,2023,Mar,2023-03-01,Thu,FALSE,FALSE,300,121,899,253,130,117,799,47,30,150,19,59.3,53.4,56.3,50,84.3,15.7
2023-03-24,2023,Mar,2023-03-01,Fri,FALSE,FALSE,268,91,2384,251,89,129,922,17,30,175,8,69.7,67.3,68.3,65.3,93.7,6.3
2023-03-25,2023,Mar,2023-03-01,Sat,FALSE,TRUE,105,35,351,97,33,158,1267,8,30,80,4,82.5,79.2,80,76.2,92.4,7.6
2023-03-26,2023,Mar,2023-03-01,Sun,FALSE,TRUE,79,33,438,72,24,124,913,7,30,59,3,81.9,77.6,78.5,74.7,91.1,8.9
2023-03-27,2023,Mar,2023-03-01,Mon,FALSE,FALSE,341,156,1001,300,166,122,1103,41,30,159,17,53,49.1,51.6,46.6,88,12
2023-03-28,2023,Mar,2023-03-01,Tue,FALSE,FALSE,327,27,401,302,26,116,766,25,30,246,16,81.5,79.1,80.1,75.2,92.4,7.7
2023-03-29,2023,Mar,2023-03-01,Wed,FALSE,FALSE,283,18,320,268,17,106,837,15,30,243,12,90.7,89.7,90.1,85.9,94.7,5.3
2023-03-30,2023,Mar,2023-03-01,Thu,FALSE,FALSE,294,42,369,272,41,142,1046,22,30,206,14,75.7,73.6,74.8,70.1,92.5,7.5
2023-03-31,2023,Mar,2023-03-01,Fri,FALSE,FALSE,295,22,645,281,21,113,838,14,30,251,7,89.3,87.2,87.5,85.1,95.3,4.8
2023-04-01,2023,Apr,2023-04-01,Sat,FALSE,TRUE,145,60,457,123,60,122,750,22,30,82,11,66.7,61.2,64.1,56.6,84.8,15.2
2023-04-02,2023,Apr,2023-04-01,Sun,FALSE,TRUE,80,42,747,75,34,140,958,5,30,65,1,86.7,82.3,82.5,81.3,93.8,6.3
2023-04-03,2023,Apr,2023-04-01,Mon,FALSE,FALSE,372,67,793,342,66,124,1186,30,30,233,12,68.1,64.7,65.9,62.6,91.9,8.1
2023-04-04,2023,Apr,2023-04-01,Tue,FALSE,FALSE,333,15,249,320,14,106,953,13,30,287,10,89.7,88.9,89.2,86.2,96.1,3.9
2023-04-05,2023,Apr,2023-04-01,Wed,FALSE,FALSE,318,25,476,303,25,127,695,15,30,269,11,88.8,87.6,88.1,84.6,95.3,4.7
2023-04-06,2023,Apr,2023-04-01,Thu,FALSE,FALSE,316,26,567,302,25,144,1113,14,30,265,7,87.8,85.8,86.1,83.9,95.6,4.4
2023-04-07,2023,Apr,2023-04-01,Fri,TRUE,TRUE,80,53,1106,68,28,133,723,12,30,56,5,82.4,74.7,76.3,70,85,15
2023-04-08,2023,Apr,2023-04-01,Sat,FALSE,TRUE,94,101,1118,82,95,156,695,12,30,50,1,61,53.8,54.3,53.2,87.2,12.8
2023-04-09,2023,Apr,2023-04-01,Sun,FALSE,TRUE,54,42,528,50,31,111,385,4,30,42,1,84,79.3,79.6,77.8,92.6,7.4
2023-04-10,2023,Apr,2023-04-01,Mon,FALSE,FALSE,235,42,367,220,37,133,964,15,30,171,5,77.7,74.4,74.9,72.8,93.6,6.4
2023-04-11,2023,Apr,2023-04-01,Tue,FALSE,FALSE,438,39,471,414,38,118,679,24,30,317,12,76.6,74.4,75.1,72.4,94.5,5.5
2023-04-12,2023,Apr,2023-04-01,Wed,FALSE,FALSE,376,44,557,350,43,129,742,26,30,266,16,76,73.9,75,70.7,93.1,6.9
2023-04-13,2023,Apr,2023-04-01,Thu,FALSE,FALSE,358,36,440,331,37,142,1392,27,30,272,20,82.2,80.5,81.6,76,92.5,7.5
2023-04-14,2023,Apr,2023-04-01,Fri,FALSE,FALSE,397,51,584,355,50,111,1132,42,30,239,19,67.3,63.2,65,60.2,89.4,10.6
2023-04-15,2023,Apr,2023-04-01,Sat,FALSE,TRUE,145,49,417,131,41,123,1012,14,30,101,6,77.1,72.7,73.8,69.7,90.3,9.7
2023-04-16,2023,Apr,2023-04-01,Sun,FALSE,TRUE,74,20,217,72,20,102,410,2,30,64,2,88.9,88.9,89.2,86.5,97.3,2.7
2023-04-17,2023,Apr,2023-04-01,Mon,FALSE,FALSE,372,140,1275,332,138,135,1612,40,30,205,9,61.8,56.5,57.5,55.1,89.3,10.8
2023-04-18,2023,Apr,2023-04-01,Tue,FALSE,FALSE,341,18,257,328,18,125,1578,13,30,293,9,89.3,88.3,88.6,85.9,96.2,3.8
2023-04-19,2023,Apr,2023-04-01,Wed,FALSE,FALSE,379,36,420,362,34,131,913,17,30,281,12,77.6,76.6,77.3,74.1,95.5,4.5
2023-04-20,2023,Apr,2023-04-01,Thu,FALSE,FALSE,372,94,655,330,96,125,537,42,30,180,17,54.6,50.7,53,48.4,88.7,11.3
2023-04-21,2023,Apr,2023-04-01,Fri,FALSE,FALSE,285,44,486,258,43,106,678,27,30,192,15,74.4,71.1,72.6,67.4,90.5,9.5
2023-04-22,2023,Apr,2023-04-01,Sat,FALSE,TRUE,103,83,672,87,78,148,782,16,30,60,7,69,62.5,65.1,58.3,84.5,15.5
2023-04-23,2023,Apr,2023-04-01,Sun,FALSE,TRUE,82,55,615,72,45,139,637,10,30,56,3,77.8,70.9,72,68.3,87.8,12.2
2023-04-24,2023,Apr,2023-04-01,Mon,FALSE,FALSE,424,113,721,378,115,126,1137,46,30,184,18,48.7,45.3,47.6,43.4,89.2,10.9
2023-04-25,2023,Apr,2023-04-01,Tue,FALSE,FALSE,333,36,648,310,35,114,888,23,30,262,16,84.5,82.7,83.5,78.7,93.1,6.9
2023-04-26,2023,Apr,2023-04-01,Wed,FALSE,FALSE,337,73,924,312,73,121,933,25,30,227,13,72.8,70.1,71.2,67.4,92.6,7.4
2023-04-27,2023,Apr,2023-04-01,Thu,FALSE,FALSE,318,47,529,296,46,137,1076,22,30,226,12,76.4,73.9,74.8,71.1,93.1,6.9
2023-04-28,2023,Apr,2023-04-01,Fri,FALSE,FALSE,312,63,629,286,65,133,2148,26,30,186,15,65,62.6,64.4,59.6,91.7,8.3
2023-04-29,2023,Apr,2023-04-01,Sat,FALSE,TRUE,86,53,721,76,41,134,421,10,30,62,2,81.6,73.8,74.4,72.1,88.4,11.6
2023-04-30,2023,Apr,2023-04-01,Sun,FALSE,TRUE,83,41,1094,72,13,117,592,11,30,66,3,91.7,82.5,83.1,79.5,86.8,13.3
2023-05-01,2023,May,2023-05-01,Mon,FALSE,FALSE,370,54,728,342,52,132,1576,28,30,284,15,83,80,80.8,76.8,92.4,7.6
2023-05-02,2023,May,2023-05-01,Tue,FALSE,FALSE,311,17,352,306,17,105,1063,5,30,280,5,91.5,91.5,91.6,90,98.4,1.6
2023-05-03,2023,May,2023-05-01,Wed,FALSE,FALSE,331,23,318,320,21,122,882,11,30,278,7,86.9,85.8,86.1,84,96.7,3.3
2023-05-04,2023,May,2023-05-01,Thu,FALSE,FALSE,289,26,683,278,26,127,1717,11,30,243,7,87.4,86.2,86.5,84.1,96.2,3.8
2023-05-05,2023,May,2023-05-01,Fri,FALSE,FALSE,303,56,1131,273,45,155,1218,30,30,204,11,74.7,69.9,71,67.3,90.1,9.9
2023-05-06,2023,May,2023-05-01,Sat,FALSE,TRUE,107,50,665,93,42,151,901,14,30,75,6,80.7,74.3,75.7,70.1,86.9,13.1
2023-05-08,2023,May,2023-05-01,Mon,FALSE,FALSE,396,176,1409,350,181,138,970,46,30,207,13,59.1,54.1,55.6,52.3,88.4,11.6
2023-05-09,2023,May,2023-05-01,Tue,FALSE,FALSE,368,36,435,355,36,131,1446,13,30,278,8,78.3,77.2,77.7,75.5,96.5,3.5
2023-05-10,2023,May,2023-05-01,Wed,FALSE,FALSE,328,59,647,306,59,102,564,22,30,234,11,76.5,73.8,74.7,71.3,93.3,6.7
2023-05-11,2023,May,2023-05-01,Thu,FALSE,FALSE,304,43,681,288,39,139,1041,16,30,222,4,77.1,74,74.3,73,94.7,5.3
2023-05-12,2023,May,2023-05-01,Fri,FALSE,FALSE,373,48,368,350,47,144,925,23,30,247,14,70.6,68.8,70,66.2,93.8,6.2
2023-05-13,2023,May,2023-05-01,Sat,FALSE,TRUE,147,44,423,129,39,146,715,18,30,100,7,77.5,71.4,72.8,68,87.8,12.2
2023-05-14,2023,May,2023-05-01,Sun,FALSE,TRUE,86,48,480,80,50,172,1292,6,30,60,4,75,73.2,74.4,69.8,93,7
2023-05-15,2023,May,2023-05-01,Mon,FALSE,FALSE,456,315,1639,334,373,165,1468,122,30,74,27,22.2,17.3,22.2,16.2,73.3,26.8
2023-05-16,2023,May,2023-05-01,Tue,FALSE,FALSE,363,48,676,336,49,116,670,27,30,254,16,75.6,73.2,74.4,70,92.6,7.4
2023-05-17,2023,May,2023-05-01,Wed,FALSE,FALSE,395,69,826,345,62,145,1577,50,30,235,22,68.1,63,65.1,59.5,87.3,12.7
2023-05-18,2023,May,2023-05-01,Thu,FALSE,FALSE,363,67,786,324,67,146,1597,39,30,210,16,64.8,60.5,62.3,57.9,89.3,10.7
2023-05-19,2023,May,2023-05-01,Fri,FALSE,FALSE,339,54,1091,306,48,157,2101,32,30,225,17,73.5,69.9,71.4,66.4,90.3,9.4
2023-05-20,2023,May,2023-05-01,Sat,FALSE,TRUE,118,108,1086,98,100,165,688,20,30,63,6,64.3,56.3,58.5,53.4,83.1,17
2023-05-21,2023,May,2023-05-01,Sun,FALSE,TRUE,129,75,733,109,65,163,1231,20,30,74,6,67.9,60.2,62,57.4,84.5,15.5
2023-05-22,2023,May,2023-05-01,Mon,TRUE,TRUE,123,23,338,117,23,114,623,6,30,103,5,88,87.3,87.8,83.7,95.1,4.9
2023-05-23,2023,May,2023-05-01,Tue,FALSE,FALSE,469,124,1133,420,126,152,1362,49,30,257,21,61.2,57.4,59.3,54.8,89.6,10.5
2023-05-24,2023,May,2023-05-01,Wed,FALSE,FALSE,383,52,580,349,53,134,767,34,30,255,24,73.1,71,72.9,66.6,91.1,8.9
2023-05-25,2023,May,2023-05-01,Thu,FALSE,FALSE,389,67,904,347,65,165,1289,42,30,214,20,61.7,58,60.2,55,89.2,10.8
2023-05-26,2023,May,2023-05-01,Fri,FALSE,FALSE,391,104,1012,342,105,173,1234,49,30,195,17,57,52.1,54.2,49.9,87.5,12.5
2023-05-27,2023,May,2023-05-01,Sat,FALSE,TRUE,161,175,2061,127,160,174,1175,34,30,68,6,53.5,43.9,46,42.2,78.9,21.1
2023-05-28,2023,May,2023-05-01,Sun,FALSE,TRUE,109,48,527,101,43,132,880,8,30,83,2,82.2,77.6,78,76.2,92.7,7.3
2023-05-29,2023,May,2023-05-01,Mon,FALSE,FALSE,466,97,934,424,100,149,1249,42,30,256,20,60.4,57.4,59.2,54.9,91,9
2023-05-30,2023,May,2023-05-01,Tue,FALSE,FALSE,422,74,1129,375,71,152,909,47,30,273,25,72.8,68.8,70.6,64.7,88.9,11.1
2023-05-31,2023,May,2023-05-01,Wed,FALSE,FALSE,411,49,474,377,48,156,1209,34,30,272,17,72.2,69,70.3,66.2,91.7,8.3
2023-06-01,2023,Jun,2023-06-01,Thu,FALSE,FALSE,458,108,2159,381,108,142,1652,77,30,209,29,54.9,48.7,52,45.6,83.2,16.8
2023-06-02,2023,Jun,2023-06-01,Fri,FALSE,FALSE,436,85,1305,382,75,138,1489,54,30,237,19,62,56.8,58.7,54.4,87.6,12.4
2023-06-03,2023,Jun,2023-06-01,Sat,FALSE,TRUE,136,62,587,122,58,137,837,14,30,87,6,71.3,66.9,68.4,64,89.7,10.3
2023-06-04,2023,Jun,2023-06-01,Sun,FALSE,TRUE,115,44,517,106,44,104,477,9,30,74,4,69.8,66.7,67.8,64.4,92.2,7.8
2023-06-05,2023,Jun,2023-06-01,Mon,FALSE,FALSE,453,128,1396,405,127,154,1035,48,30,296,11,73.1,67,67.8,65.3,89.4,10.6
2023-06-06,2023,Jun,2023-06-01,Tue,FALSE,FALSE,465,38,498,428,37,131,840,37,30,338,18,79,75.6,76.6,72.7,92,8
2023-06-07,2023,Jun,2023-06-01,Wed,FALSE,FALSE,365,30,593,344,29,140,1176,21,30,292,12,84.9,82.7,83.3,80,94.3,5.8
2023-06-08,2023,Jun,2023-06-01,Thu,FALSE,FALSE,315,19,268,297,18,144,1300,18,30,260,9,87.5,85,85.4,82.5,94.3,5.7
2023-06-09,2023,Jun,2023-06-01,Fri,FALSE,FALSE,373,69,1177,318,63,140,1173,55,30,210,25,66,60.3,63,56.3,85.3,14.8
2023-06-10,2023,Jun,2023-06-01,Sat,FALSE,TRUE,188,105,1570,156,95,131,761,32,30,116,12,74.4,65.9,68.1,61.7,83,17
2023-06-11,2023,Jun,2023-06-01,Sun,FALSE,TRUE,106,82,864,91,72,154,2031,15,30,68,4,74.7,66.7,67.9,64.2,85.9,14.2
2023-06-12,2023,Jun,2023-06-01,Mon,FALSE,FALSE,434,110,850,377,113,141,1034,57,30,216,18,57.3,51.9,53.9,49.8,86.9,13.1
2023-06-13,2023,Jun,2023-06-01,Tue,FALSE,FALSE,360,39,625,336,34,139,2716,24,30,263,12,78.3,75.6,76.4,73.1,93.3,6.7
2023-06-14,2023,Jun,2023-06-01,Wed,FALSE,FALSE,366,13,163,354,11,143,1845,10,30,327,5,92.4,90.6,90.7,89.3,96.7,2.7
2023-06-15,2023,Jun,2023-06-01,Thu,FALSE,FALSE,335,25,452,324,24,140,1645,10,30,277,4,85.5,83.7,83.9,82.7,96.7,3
2023-06-16,2023,Jun,2023-06-01,Fri,FALSE,FALSE,361,49,410,326,48,159,1341,35,30,211,19,64.7,61.7,63.7,58.5,90.3,9.7
2023-06-17,2023,Jun,2023-06-01,Sat,FALSE,TRUE,168,40,429,147,36,112,413,21,30,109,11,74.2,69.4,71.4,64.9,87.5,12.5
2023-06-18,2023,Jun,2023-06-01,Sun,FALSE,TRUE,112,45,832,92,39,115,478,20,30,78,8,84.8,75,76.8,69.6,82.1,17.9
2023-06-19,2023,Jun,2023-06-01,Mon,FALSE,FALSE,424,99,747,377,95,125,1113,47,30,249,16,66.1,61,62.5,58.7,88.9,11.1
2023-06-20,2023,Jun,2023-06-01,Tue,FALSE,FALSE,414,45,465,383,44,115,1226,31,30,281,14,73.4,70.3,71.3,67.9,92.5,7.5
2023-06-21,2023,Jun,2023-06-01,Wed,FALSE,FALSE,394,34,594,371,34,144,1604,23,30,307,13,82.8,80.6,81.2,77.9,94.2,5.8
2023-06-22,2023,Jun,2023-06-01,Thu,FALSE,FALSE,316,46,446,286,42,136,1486,30,30,207,12,72.4,68.1,69.3,65.5,90.5,9.5
2023-06-23,2023,Jun,2023-06-01,Fri,FALSE,FALSE,296,41,588,279,40,146,1451,17,30,209,12,74.9,73.6,74.7,70.6,94.3,5.7
2023-06-24,2023,Jun,2023-06-01,Sat,FALSE,TRUE,145,68,654,124,65,150,667,21,30,83,9,66.9,61,63.5,57.2,85.5,14.5
2023-06-25,2023,Jun,2023-06-01,Sun,FALSE,TRUE,166,55,1001,147,53,125,1486,19,30,107,10,72.8,68.6,70.5,64.5,88.6,11.5
2023-06-26,2023,Jun,2023-06-01,Mon,FALSE,FALSE,397,31,437,385,31,110,634,12,30,307,7,79.7,78.7,79.1,77.3,97,3
2023-06-27,2023,Jun,2023-06-01,Tue,FALSE,FALSE,372,41,590,350,38,116,1573,22,30,260,11,74.3,72,72.9,69.9,94.1,5.9
2023-06-28,2023,Jun,2023-06-01,Wed,FALSE,FALSE,343,19,898,331,19,115,1244,12,30,299,9,90.3,89.5,89.8,87.2,96.5,3.5
2023-06-29,2023,Jun,2023-06-01,Thu,FALSE,FALSE,381,50,466,345,50,120,1531,36,30,232,19,67.3,64.1,65.9,60.9,90.6,9.5
2023-07-04,2023,Jul,2023-07-01,Tue,FALSE,FALSE,481,52,561,439,53,117,1333,42,30,305,23,69.5,66.6,68.2,63.4,91.3,8.7
2023-07-05,2023,Jul,2023-07-01,Wed,FALSE,FALSE,467,30,415,434,30,131,963,33,30,349,26,80.4,79.1,80.3,74.7,92.9,7.1
2023-07-06,2023,Jul,2023-07-01,Thu,FALSE,FALSE,395,53,767,351,48,124,935,44,30,252,17,71.8,66.7,68.1,63.8,88.9,11.1
2023-07-07,2023,Jul,2023-07-01,Fri,FALSE,FALSE,379,95,699,329,97,162,1083,50,30,182,20,55.3,50.7,53.3,48,86.8,13.2
2023-07-08,2023,Jul,2023-07-01,Sat,FALSE,TRUE,121,50,435,101,45,184,1354,20,30,77,10,76.2,69.4,71.9,63.6,83.5,16.5
2023-07-09,2023,Jul,2023-07-01,Sun,FALSE,TRUE,108,62,1183,89,41,151,992,19,30,65,9,73,65.7,68.5,60.2,82.4,17.6
2023-07-10,2023,Jul,2023-07-01,Mon,FALSE,FALSE,513,133,899,437,141,132,933,76,30,212,27,48.5,43.6,46.6,41.3,85.2,14.8
2023-07-11,2023,Jul,2023-07-01,Tue,FALSE,FALSE,411,73,621,364,75,126,828,47,30,233,22,64,59.9,62,56.7,88.6,11.4
2023-07-13,2023,Jul,2023-07-01,Thu,FALSE,FALSE,372,78,758,337,77,149,1141,35,30,215,16,63.8,60.4,62.1,57.8,90.6,9.4
2023-07-14,2023,Jul,2023-07-01,Fri,FALSE,FALSE,366,112,935,317,113,166,2040,48,30,170,15,53.6,48.4,50.6,46.5,86.6,13.1
2023-07-15,2023,Jul,2023-07-01,Sat,FALSE,TRUE,102,28,505,92,21,114,462,10,30,86,4,93.5,87.8,88.2,84.3,90.2,9.8
2023-07-16,2023,Jul,2023-07-01,Sun,FALSE,TRUE,95,37,402,86,30,145,758,9,30,75,4,87.2,82.4,83.2,79,90.5,9.5
2023-07-17,2023,Jul,2023-07-01,Mon,FALSE,FALSE,455,82,952,386,79,145,1148,69,30,237,31,61.4,55.9,58.9,52.1,84.8,15.2
2023-07-18,2023,Jul,2023-07-01,Tue,FALSE,FALSE,376,33,431,359,33,133,862,17,30,292,12,81.3,80.2,80.9,77.7,95.5,4.5
2023-07-19,2023,Jul,2023-07-01,Wed,FALSE,FALSE,382,16,242,350,13,138,1843,32,30,325,18,92.9,89.3,89.8,85.1,91.6,8.4
2023-07-20,2023,Jul,2023-07-01,Thu,FALSE,FALSE,343,46,509,315,44,119,717,28,30,246,15,78.1,75,76.1,71.7,91.8,8.2
2023-07-21,2023,Jul,2023-07-01,Fri,FALSE,FALSE,330,72,637,300,73,136,1237,30,30,195,17,65,62.3,64.2,59.1,90.9,9.1
2023-07-22,2023,Jul,2023-07-01,Sat,FALSE,TRUE,160,57,1532,139,47,122,725,21,30,113,9,81.3,74.8,76.3,70.6,86.9,13.1
2023-07-23,2023,Jul,2023-07-01,Sun,FALSE,TRUE,95,17,328,88,13,96,369,7,30,80,4,90.9,87.9,88.4,84.2,92.6,7.4
2023-07-24,2023,Jul,2023-07-01,Mon,FALSE,FALSE,387,35,681,365,33,144,976,22,30,311,13,85.2,83.2,83.7,80.4,94.3,5.7
2023-07-25,2023,Jul,2023-07-01,Tue,FALSE,FALSE,344,16,404,331,15,112,712,13,30,307,10,92.8,91.9,92.2,89.2,96.2,3.8
2023-07-26,2023,Jul,2023-07-01,Wed,FALSE,FALSE,385,17,338,373,17,128,1039,12,30,338,10,90.6,90.1,90.4,87.8,96.9,3.1
2023-07-27,2023,Jul,2023-07-01,Thu,FALSE,FALSE,370,39,459,344,39,133,1529,26,30,241,19,70.1,68.7,70.3,65.1,93,7
2023-07-28,2023,Jul,2023-07-01,Fri,FALSE,FALSE,328,37,819,305,32,154,1250,23,30,258,14,84.6,82.2,82.9,78.7,93,7
2023-07-29,2023,Jul,2023-07-01,Sat,FALSE,TRUE,173,540,3363,122,652,174,664,51,30,70,11,57.4,43.2,46.8,40.5,70.5,29.5
2023-07-30,2023,Jul,2023-07-01,Sun,FALSE,TRUE,108,36,330,103,34,127,929,5,30,79,3,76.7,75.2,75.9,73.2,95.4,4.6
